sonde-s4mk1 — surveillance (17cc:baff)
Mode brut : blocs hexadecimaux, octets modifies encadres.
Ctrl-C pour arreter.

✅ S4 arme.
   (GET_DEVICE_INFO sans reponse — non bloquant)
   Bouge un controle : seuls les blocs qui changent s'affichent.

[   3.26s] … plus aucun bloc ne parvient (total 0)
[   6.32s] … plus aucun bloc ne parvient (total 0)
[   8.72s] bloc   2 (ref)   00  02  00  02  00  02  00  03  00  00  07  fe  00  00  07  f6 
                     o1=2     o2=2     o3=3     o4=0     o5=2046  o6=0     o7=2038 
[   8.72s] bloc   3 (ref)   00  03  00  00  00  00  08  0e  08  10  00  00  00  00  00  00 
                     o1=0     o2=0     o3=2062  o4=2064  o5=0     o6=0     o7=0    
[   8.72s] bloc   4 (ref)   00  04  0b  e5  0c  12  08  2b  08  2b  08  25  07  fe  08  2c 
                     o1=3045  o2=3090  o3=2091  o4=2091  o5=2085  o6=2046  o7=2092 
[   8.72s] bloc   5 (ref)   00  05  08  0d  08  03  08  36  08  07  08  26  08  54  08  1e 
                     o1=2061  o2=2051  o3=2102  o4=2055  o5=2086  o6=2132  o7=2078 
[   8.72s] bloc   6 (ref)   00  06  08  0c  08  06  08  3e  08  1f  08  1c  08  20  08  36 
                     o1=2060  o2=2054  o3=2110  o4=2079  o5=2076  o6=2080  o7=2102 
[   8.72s] bloc   7 (ref)   00  07  08  24  07  dd  08  14  08  35  08  15  00  00  00  00 
                     o1=2084  o2=2013  o3=2068  o4=2101  o5=2069  o6=0     o7=0    
[   8.81s] bloc   2         00  02  00  02  00  02  00  03  00  00  07 [f3] 00  00  07  f6 
                     o1=2     o2=2     o3=3     o4=0     o5=2035  o6=0     o7=2038 
[   8.88s] bloc   2         00  02  00  02  00  02  00  03  00  00  07 [e8] 00  00  07  f6 
                     o1=2     o2=2     o3=3     o4=0     o5=2024  o6=0     o7=2038 
[   8.90s] bloc   2         00  02  00  02  00  02  00  03  00  00  07 [dd] 00  00  07  f6 
                     o1=2     o2=2     o3=3     o4=0     o5=2013  o6=0     o7=2038 
[   8.91s] bloc   2         00  02  00  02  00  02  00  03  00  00  07 [d1] 00  00  07  f6 
                     o1=2     o2=2     o3=3     o4=0     o5=2001  o6=0     o7=2038 
[   8.92s] bloc   2         00  02  00  02  00  02  00  03  00  00  07 [c5] 00  00  07  f6 
                     o1=2     o2=2     o3=3     o4=0     o5=1989  o6=0     o7=2038 
[   8.92s] bloc   2         00  02  00  02  00  02  00  03  00  00  07 [b8] 00  00  07  f6 
                     o1=2     o2=2     o3=3     o4=0     o5=1976  o6=0     o7=2038 
[   8.93s] bloc   2         00  02  00  02  00  02  00  03  00  00  07 [ab] 00  00  07  f6 
                     o1=2     o2=2     o3=3     o4=0     o5=1963  o6=0     o7=2038 
[   8.93s] bloc   2         00  02  00  02  00  02  00  03  00  00  07 [9d] 00  00  07  f6 
                     o1=2     o2=2     o3=3     o4=0     o5=1949  o6=0     o7=2038 
[   8.94s] bloc   2         00  02  00  02  00  02  00  03  00  00  07 [8c] 00  00  07  f6 
                     o1=2     o2=2     o3=3     o4=0     o5=1932  o6=0     o7=2038 
[   8.94s] bloc   2         00  02  00  02  00  02  00  03  00  00  07 [7a] 00  00  07  f6 
                     o1=2     o2=2     o3=3     o4=0     o5=1914  o6=0     o7=2038 
[   8.95s] bloc   2         00  02  00  02  00  02  00  03  00  00  07 [64] 00  00  07  f6 
                     o1=2     o2=2     o3=3     o4=0     o5=1892  o6=0     o7=2038 
[   8.95s] bloc   2         00  02  00  02  00  02  00  03  00  00  07 [58] 00  00  07  f6 
                     o1=2     o2=2     o3=3     o4=0     o5=1880  o6=0     o7=2038 
[   8.95s] bloc   2         00  02  00  02  00  02  00  03  00  00  07 [4a] 00  00  07  f6 
                     o1=2     o2=2     o3=3     o4=0     o5=1866  o6=0     o7=2038 
[   8.95s] bloc   2         00  02  00  02  00  02  00  03  00  00  07 [3e] 00  00  07  f6 
                     o1=2     o2=2     o3=3     o4=0     o5=1854  o6=0     o7=2038 
[   8.95s] bloc   2         00  02  00  02  00  02  00  03  00  00  07 [2e] 00  00  07  f6 
                     o1=2     o2=2     o3=3     o4=0     o5=1838  o6=0     o7=2038 
[   8.96s] bloc   2         00  02  00  02  00  02  00  03  00  00  07 [1f] 00  00  07  f6 
                     o1=2     o2=2     o3=3     o4=0     o5=1823  o6=0     o7=2038 
[   8.96s] bloc   2         00  02  00  02  00  02  00  03  00  00  07 [11] 00  00  07  f6 
                     o1=2     o2=2     o3=3     o4=0     o5=1809  o6=0     o7=2038 
[   8.96s] bloc   2         00  02  00  02  00  02  00  03  00  00 [06][ff] 00  00  07  f6 
                     o1=2     o2=2     o3=3     o4=0     o5=1791  o6=0     o7=2038 
[   8.96s] bloc   2         00  02  00  02  00  02  00  03  00  00  06 [ed] 00  00  07  f6 
                     o1=2     o2=2     o3=3     o4=0     o5=1773  o6=0     o7=2038 
[   8.96s] bloc   2         00  02  00  02  00  02  00  03  00  00  06 [de] 00  00  07  f6 
                     o1=2     o2=2     o3=3     o4=0     o5=1758  o6=0     o7=2038 
[   8.97s] bloc   2         00  02  00  02  00  02  00  03  00  00  06 [cf] 00  00  07  f6 
                     o1=2     o2=2     o3=3     o4=0     o5=1743  o6=0     o7=2038 
[   8.97s] bloc   2         00  02  00  02  00  02  00  03  00  00  06 [be] 00  00  07  f6 
                     o1=2     o2=2     o3=3     o4=0     o5=1726  o6=0     o7=2038 
[   8.97s] bloc   2         00  02  00  02  00  02  00  03  00  00  06 [ae] 00  00  07  f6 
                     o1=2     o2=2     o3=3     o4=0     o5=1710  o6=0     o7=2038 
[   8.97s] bloc   2         00  02  00  02  00  02  00  03  00  00  06 [9f] 00  00  07  f6 
                     o1=2     o2=2     o3=3     o4=0     o5=1695  o6=0     o7=2038 
[   8.98s] bloc   2         00  02  00  02  00  02  00  03  00  00  06 [90] 00  00  07  f6 
                     o1=2     o2=2     o3=3     o4=0     o5=1680  o6=0     o7=2038 
[   8.98s] bloc   2         00  02  00  02  00  02  00  03  00  00  06 [80] 00  00  07  f6 
                     o1=2     o2=2     o3=3     o4=0     o5=1664  o6=0     o7=2038 
[   8.98s] bloc   2         00  02  00  02  00  02  00  03  00  00  06 [71] 00  00  07  f6 
                     o1=2     o2=2     o3=3     o4=0     o5=1649  o6=0     o7=2038 
[   8.98s] bloc   2         00  02  00  02  00  02  00  03  00  00  06 [62] 00  00  07  f6 
                     o1=2     o2=2     o3=3     o4=0     o5=1634  o6=0     o7=2038 
[   8.99s] bloc   2         00  02  00  02  00  02  00  03  00  00  06 [49] 00  00  07  f6 
                     o1=2     o2=2     o3=3     o4=0     o5=1609  o6=0     o7=2038 
[   8.99s] bloc   2         00  02  00  02  00  02  00  03  00  00  06 [3a] 00  00  07  f6 
                     o1=2     o2=2     o3=3     o4=0     o5=1594  o6=0     o7=2038 
[   9.00s] bloc   2         00  02  00  02  00  02  00  03  00  00  06 [2c] 00  00  07  f6 
                     o1=2     o2=2     o3=3     o4=0     o5=1580  o6=0     o7=2038 
[   9.00s] bloc   2         00  02  00  02  00  02  00  03  00  00  06 [20] 00  00  07  f6 
                     o1=2     o2=2     o3=3     o4=0     o5=1568  o6=0     o7=2038 
[   9.00s] bloc   2         00  02  00  02  00  02  00  03  00  00 [05][ef] 00  00  07  f6 
                     o1=2     o2=2     o3=3     o4=0     o5=1519  o6=0     o7=2038 
[   9.00s] bloc   2         00  02  00  02  00  02  00  03  00  00  05 [e3] 00  00  07  f6 
                     o1=2     o2=2     o3=3     o4=0     o5=1507  o6=0     o7=2038 
[   9.00s] bloc   2         00  02  00  02  00  02  00  03  00  00  05 [d8] 00  00  07  f6 
                     o1=2     o2=2     o3=3     o4=0     o5=1496  o6=0     o7=2038 
[   9.01s] bloc   2         00  02  00  02  00  02  00  03  00  00  05 [cd] 00  00  07  f6 
                     o1=2     o2=2     o3=3     o4=0     o5=1485  o6=0     o7=2038 
[   9.01s] bloc   2         00  02  00  02  00  02  00  03  00  00  05 [bc] 00  00  07  f6 
                     o1=2     o2=2     o3=3     o4=0     o5=1468  o6=0     o7=2038 
[   9.02s] bloc   2         00  02  00  02  00  02  00  03  00  00  05 [aa] 00  00  07  f6 
                     o1=2     o2=2     o3=3     o4=0     o5=1450  o6=0     o7=2038 
[   9.02s] bloc   2         00  02  00  02  00  02  00  03  00  00  05 [9b] 00  00  07  f6 
                     o1=2     o2=2     o3=3     o4=0     o5=1435  o6=0     o7=2038 
[   9.03s] bloc   2         00  02  00  02  00  02  00  03  00  00  05 [8d] 00  00  07  f6 
                     o1=2     o2=2     o3=3     o4=0     o5=1421  o6=0     o7=2038 
[   9.03s] bloc   2         00  02  00  02  00  02  00  03  00  00  05 [7f] 00  00  07  f6 
                     o1=2     o2=2     o3=3     o4=0     o5=1407  o6=0     o7=2038 
[   9.03s] bloc   2         00  02  00  02  00  02  00  03  00  00  05 [72] 00  00  07  f6 
                     o1=2     o2=2     o3=3     o4=0     o5=1394  o6=0     o7=2038 
[   9.04s] bloc   2         00  02  00  02  00  02  00  03  00  00  05 [62] 00  00  07  f6 
                     o1=2     o2=2     o3=3     o4=0     o5=1378  o6=0     o7=2038 
[   9.04s] bloc   2         00  02  00  02  00  02  00  03  00  00  05 [57] 00  00  07  f6 
                     o1=2     o2=2     o3=3     o4=0     o5=1367  o6=0     o7=2038 
[   9.05s] bloc   2         00  02  00  02  00  02  00  03  00  00  05 [4a] 00  00  07  f6 
                     o1=2     o2=2     o3=3     o4=0     o5=1354  o6=0     o7=2038 
[   9.05s] bloc   2         00  02  00  02  00  02  00  03  00  00  05 [3f] 00  00  07  f6 
                     o1=2     o2=2     o3=3     o4=0     o5=1343  o6=0     o7=2038 
[   9.06s] bloc   2         00  02  00  02  00  02  00  03  00  00  05 [31] 00  00  07  f6 
                     o1=2     o2=2     o3=3     o4=0     o5=1329  o6=0     o7=2038 
[   9.07s] bloc   2         00  02  00  02  00  02  00  03  00  00  05 [24] 00  00  07  f6 
                     o1=2     o2=2     o3=3     o4=0     o5=1316  o6=0     o7=2038 
[   9.07s] bloc   2         00  02  00  02  00  02  00  03  00  00  05 [19] 00  00  07  f6 
                     o1=2     o2=2     o3=3     o4=0     o5=1305  o6=0     o7=2038 
[   9.07s] bloc   2         00  02  00  02  00  02  00  03  00  00  05 [0d] 00  00  07  f6 
                     o1=2     o2=2     o3=3     o4=0     o5=1293  o6=0     o7=2038 
[   9.08s] bloc   2         00  02  00  02  00  02  00  03  00  00 [04][fe] 00  00  07  f6 
                     o1=2     o2=2     o3=3     o4=0     o5=1278  o6=0     o7=2038 
[   9.09s] bloc   2         00  02  00  02  00  02  00  03  00  00  04 [f3] 00  00  07  f6 
                     o1=2     o2=2     o3=3     o4=0     o5=1267  o6=0     o7=2038 
[   9.09s] bloc   2         00  02  00  02  00  02  00  03  00  00  04 [e5] 00  00  07  f6 
                     o1=2     o2=2     o3=3     o4=0     o5=1253  o6=0     o7=2038 
[   9.10s] bloc   2         00  02  00  02  00  02  00  03  00  00  04 [da] 00  00  07  f6 
                     o1=2     o2=2     o3=3     o4=0     o5=1242  o6=0     o7=2038 
[   9.10s] bloc   2         00  02  00  02  00  02  00  03  00  00  04 [ce] 00  00  07  f6 
                     o1=2     o2=2     o3=3     o4=0     o5=1230  o6=0     o7=2038 
[   9.10s] bloc   2         00  02  00  02  00  02  00  03  00  00  04 [c2] 00  00  07  f6 
                     o1=2     o2=2     o3=3     o4=0     o5=1218  o6=0     o7=2038 
[   9.11s] bloc   2         00  02  00  02  00  02  00  03  00  00  04 [b3] 00  00  07  f6 
                     o1=2     o2=2     o3=3     o4=0     o5=1203  o6=0     o7=2038 
[   9.12s] bloc   2         00  02  00  02  00  02  00  03  00  00  04 [a7] 00  00  07  f6 
                     o1=2     o2=2     o3=3     o4=0     o5=1191  o6=0     o7=2038 
[   9.13s] bloc   2         00  02  00  02  00  02  00  03  00  00  04 [9b] 00  00  07  f6 
                     o1=2     o2=2     o3=3     o4=0     o5=1179  o6=0     o7=2038 
[   9.13s] bloc   2         00  02  00  02  00  02  00  03  00  00  04 [90] 00  00  07  f6 
                     o1=2     o2=2     o3=3     o4=0     o5=1168  o6=0     o7=2038 
[   9.14s] bloc   2         00  02  00  02  00  02  00  03  00  00  04 [83] 00  00  07  f6 
                     o1=2     o2=2     o3=3     o4=0     o5=1155  o6=0     o7=2038 
[   9.15s] bloc   2         00  02  00  02  00  02  00  03  00  00  04 [77] 00  00  07  f6 
                     o1=2     o2=2     o3=3     o4=0     o5=1143  o6=0     o7=2038 
[   9.15s] bloc   2         00  02  00  02  00  02  00  03  00  00  04 [6a] 00  00  07  f6 
                     o1=2     o2=2     o3=3     o4=0     o5=1130  o6=0     o7=2038 
[   9.17s] bloc   2         00  02  00  02  00  02  00  03  00  00  04 [5f] 00  00  07  f6 
                     o1=2     o2=2     o3=3     o4=0     o5=1119  o6=0     o7=2038 
[   9.17s] bloc   2         00  02  00  02  00  02  00  03  00  00  04 [52] 00  00  07  f6 
                     o1=2     o2=2     o3=3     o4=0     o5=1106  o6=0     o7=2038 
[   9.18s] bloc   2         00  02  00  02  00  02  00  03  00  00  04 [45] 00  00  07  f6 
                     o1=2     o2=2     o3=3     o4=0     o5=1093  o6=0     o7=2038 
[   9.19s] bloc   2         00  02  00  02  00  02  00  03  00  00  04 [3a] 00  00  07  f6 
                     o1=2     o2=2     o3=3     o4=0     o5=1082  o6=0     o7=2038 
[   9.20s] bloc   2         00  02  00  02  00  02  00  03  00  00  04 [2f] 00  00  07  f6 
                     o1=2     o2=2     o3=3     o4=0     o5=1071  o6=0     o7=2038 
[   9.20s] bloc   2         00  02  00  02  00  02  00  03  00  00  04 [22] 00  00  07  f6 
                     o1=2     o2=2     o3=3     o4=0     o5=1058  o6=0     o7=2038 
[   9.21s] bloc   2         00  02  00  02  00  02  00  03  00  00  04 [14] 00  00  07  f6 
                     o1=2     o2=2     o3=3     o4=0     o5=1044  o6=0     o7=2038 
[   9.22s] bloc   2         00  02  00  02  00  02  00  03  00  00  04 [07] 00  00  07  f6 
                     o1=2     o2=2     o3=3     o4=0     o5=1031  o6=0     o7=2038 
[   9.23s] bloc   2         00  02  00  02  00  02  00  03  00  00 [03][f9] 00  00  07  f6 
                     o1=2     o2=2     o3=3     o4=0     o5=1017  o6=0     o7=2038 
[   9.23s] bloc   2         00  02  00  02  00  02  00  03  00  00  03 [ea] 00  00  07  f6 
                     o1=2     o2=2     o3=3     o4=0     o5=1002  o6=0     o7=2038 
[   9.24s] bloc   2         00  02  00  02  00  02  00  03  00  00  03 [dd] 00  00  07  f6 
                     o1=2     o2=2     o3=3     o4=0     o5=989   o6=0     o7=2038 
[   9.25s] bloc   2         00  02  00  02  00  02  00  03  00  00  03 [cd] 00  00  07  f6 
                     o1=2     o2=2     o3=3     o4=0     o5=973   o6=0     o7=2038 
[   9.25s] bloc   2         00  02  00  02  00  02  00  03  00  00  03 [c0] 00  00  07  f6 
                     o1=2     o2=2     o3=3     o4=0     o5=960   o6=0     o7=2038 
[   9.26s] bloc   2         00  02  00  02  00  02  00  03  00  00  03 [b3] 00  00  07  f6 
                     o1=2     o2=2     o3=3     o4=0     o5=947   o6=0     o7=2038 
[   9.27s] bloc   2         00  02  00  02  00  02  00  03  00  00  03 [a8] 00  00  07  f6 
                     o1=2     o2=2     o3=3     o4=0     o5=936   o6=0     o7=2038 
[   9.27s] bloc   2         00  02  00  02  00  02  00  03  00  00  03 [9b] 00  00  07  f6 
                     o1=2     o2=2     o3=3     o4=0     o5=923   o6=0     o7=2038 
[   9.28s] bloc   2         00  02  00  02  00  02  00  03  00  00  03 [8d] 00  00  07  f6 
                     o1=2     o2=2     o3=3     o4=0     o5=909   o6=0     o7=2038 
[   9.29s] bloc   2         00  02  00  02  00  02  00  03  00  00  03 [80] 00  00  07  f6 
                     o1=2     o2=2     o3=3     o4=0     o5=896   o6=0     o7=2038 
[   9.30s] bloc   2         00  02  00  02  00  02  00  03  00  00  03 [74] 00  00  07  f6 
                     o1=2     o2=2     o3=3     o4=0     o5=884   o6=0     o7=2038 
[   9.30s] bloc   2         00  02  00  02  00  02  00  03  00  00  03 [67] 00  00  07  f6 
                     o1=2     o2=2     o3=3     o4=0     o5=871   o6=0     o7=2038 
[   9.31s] bloc   2         00  02  00  02  00  02  00  03  00  00  03 [5b] 00  00  07  f6 
                     o1=2     o2=2     o3=3     o4=0     o5=859   o6=0     o7=2038 
[   9.32s] bloc   2         00  02  00  02  00  02  00  03  00  00  03 [4e] 00  00  07  f6 
                     o1=2     o2=2     o3=3     o4=0     o5=846   o6=0     o7=2038 
[   9.32s] bloc   2         00  02  00  02  00  02  00  03  00  00  03 [3f] 00  00  07  f6 
                     o1=2     o2=2     o3=3     o4=0     o5=831   o6=0     o7=2038 
[   9.32s] … 522 blocs recus depuis 3 s, aucun changement (total 522)
[   9.33s] bloc   2         00  02  00  02  00  02  00  03  00  00  03 [33] 00  00  07  f6 
                     o1=2     o2=2     o3=3     o4=0     o5=819   o6=0     o7=2038 
[   9.33s] bloc   2         00  02  00  02  00  02  00  03  00  00  03 [28] 00  00  07  f6 
                     o1=2     o2=2     o3=3     o4=0     o5=808   o6=0     o7=2038 
[   9.34s] bloc   2         00  02  00  02  00  02  00  03  00  00  03 [19] 00  00  07  f6 
                     o1=2     o2=2     o3=3     o4=0     o5=793   o6=0     o7=2038 
[   9.35s] bloc   2         00  02  00  02  00  02  00  03  00  00  03 [0c] 00  00  07  f6 
                     o1=2     o2=2     o3=3     o4=0     o5=780   o6=0     o7=2038 
[   9.35s] bloc   2         00  02  00  02  00  02  00  03  00  00  03 [00] 00  00  07  f6 
                     o1=2     o2=2     o3=3     o4=0     o5=768   o6=0     o7=2038 
[   9.36s] bloc   2         00  02  00  02  00  02  00  03  00  00 [02][f1] 00  00  07  f6 
                     o1=2     o2=2     o3=3     o4=0     o5=753   o6=0     o7=2038 
[   9.36s] bloc   2         00  02  00  02  00  02  00  03  00  00  02 [e2] 00  00  07  f6 
                     o1=2     o2=2     o3=3     o4=0     o5=738   o6=0     o7=2038 
[   9.37s] bloc   2         00  02  00  02  00  02  00  03  00  00  02 [d7] 00  00  07  f6 
                     o1=2     o2=2     o3=3     o4=0     o5=727   o6=0     o7=2038 
[   9.37s] bloc   2         00  02  00  02  00  02  00  03  00  00  02 [ca] 00  00  07  f6 
                     o1=2     o2=2     o3=3     o4=0     o5=714   o6=0     o7=2038 
[   9.37s] bloc   2         00  02  00  02  00  02  00  03  00  00  02 [be] 00  00  07  f6 
                     o1=2     o2=2     o3=3     o4=0     o5=702   o6=0     o7=2038 
[   9.38s] bloc   2         00  02  00  02  00  02  00  03  00  00  02 [b0] 00  00  07  f6 
                     o1=2     o2=2     o3=3     o4=0     o5=688   o6=0     o7=2038 
[   9.39s] bloc   2         00  02  00  02  00  02  00  03  00  00  02 [a1] 00  00  07  f6 
                     o1=2     o2=2     o3=3     o4=0     o5=673   o6=0     o7=2038 
[   9.39s] bloc   2         00  02  00  02  00  02  00  03  00  00  02 [96] 00  00  07  f6 
                     o1=2     o2=2     o3=3     o4=0     o5=662   o6=0     o7=2038 
[   9.40s] bloc   2         00  02  00  02  00  02  00  03  00  00  02 [8b] 00  00  07  f6 
                     o1=2     o2=2     o3=3     o4=0     o5=651   o6=0     o7=2038 
[   9.40s] bloc   2         00  02  00  02  00  02  00  03  00  00  02 [80] 00  00  07  f6 
                     o1=2     o2=2     o3=3     o4=0     o5=640   o6=0     o7=2038 
[   9.41s] bloc   2         00  02  00  02  00  02  00  03  00  00  02 [72] 00  00  07  f6 
                     o1=2     o2=2     o3=3     o4=0     o5=626   o6=0     o7=2038 
[   9.41s] bloc   2         00  02  00  02  00  02  00  03  00  00  02 [65] 00  00  07  f6 
                     o1=2     o2=2     o3=3     o4=0     o5=613   o6=0     o7=2038 
[   9.42s] bloc   2         00  02  00  02  00  02  00  03  00  00  02 [58] 00  00  07  f6 
                     o1=2     o2=2     o3=3     o4=0     o5=600   o6=0     o7=2038 
[   9.42s] bloc   2         00  02  00  02  00  02  00  03  00  00  02 [4d] 00  00  07  f6 
                     o1=2     o2=2     o3=3     o4=0     o5=589   o6=0     o7=2038 
[   9.42s] bloc   2         00  02  00  02  00  02  00  03  00  00  02 [41] 00  00  07  f6 
                     o1=2     o2=2     o3=3     o4=0     o5=577   o6=0     o7=2038 
[   9.43s] bloc   2         00  02  00  02  00  02  00  03  00  00  02 [35] 00  00  07  f6 
                     o1=2     o2=2     o3=3     o4=0     o5=565   o6=0     o7=2038 
[   9.44s] bloc   2         00  02  00  02  00  02  00  03  00  00  02 [27] 00  00  07  f6 
                     o1=2     o2=2     o3=3     o4=0     o5=551   o6=0     o7=2038 
[   9.44s] bloc   2         00  02  00  02  00  02  00  03  00  00  02 [1c] 00  00  07  f6 
                     o1=2     o2=2     o3=3     o4=0     o5=540   o6=0     o7=2038 
[   9.45s] bloc   2         00  02  00  02  00  02  00  03  00  00  02 [0f] 00  00  07  f6 
                     o1=2     o2=2     o3=3     o4=0     o5=527   o6=0     o7=2038 
[   9.45s] bloc   2         00  02  00  02  00  02  00  03  00  00  02 [02] 00  00  07  f6 
                     o1=2     o2=2     o3=3     o4=0     o5=514   o6=0     o7=2038 
[   9.45s] bloc   2         00  02  00  02  00  02  00  03  00  00 [01][f4] 00  00  07  f6 
                     o1=2     o2=2     o3=3     o4=0     o5=500   o6=0     o7=2038 
[   9.46s] bloc   2         00  02  00  02  00  02  00  03  00  00  01 [e5] 00  00  07  f6 
                     o1=2     o2=2     o3=3     o4=0     o5=485   o6=0     o7=2038 
[   9.46s] bloc   2         00  02  00  02  00  02  00  03  00  00  01 [d9] 00  00  07  f6 
                     o1=2     o2=2     o3=3     o4=0     o5=473   o6=0     o7=2038 
[   9.47s] bloc   2         00  02  00  02  00  02  00  03  00  00  01 [cd] 00  00  07  f6 
                     o1=2     o2=2     o3=3     o4=0     o5=461   o6=0     o7=2038 
[   9.47s] bloc   2         00  02  00  02  00  02  00  03  00  00  01 [c1] 00  00  07  f6 
                     o1=2     o2=2     o3=3     o4=0     o5=449   o6=0     o7=2038 
[   9.48s] bloc   2         00  02  00  02  00  02  00  03  00  00  01 [b5] 00  00  07  f6 
                     o1=2     o2=2     o3=3     o4=0     o5=437   o6=0     o7=2038 
[   9.48s] bloc   2         00  02  00  02  00  02  00  03  00  00  01 [aa] 00  00  07  f6 
                     o1=2     o2=2     o3=3     o4=0     o5=426   o6=0     o7=2038 
[   9.49s] bloc   2         00  02  00  02  00  02  00  03  00  00  01 [9a] 00  00  07  f6 
                     o1=2     o2=2     o3=3     o4=0     o5=410   o6=0     o7=2038 
[   9.49s] bloc   2         00  02  00  02  00  02  00  03  00  00  01 [8f] 00  00  07  f6 
                     o1=2     o2=2     o3=3     o4=0     o5=399   o6=0     o7=2038 
[   9.50s] bloc   2         00  02  00  02  00  02  00  03  00  00  01 [80] 00  00  07  f6 
                     o1=2     o2=2     o3=3     o4=0     o5=384   o6=0     o7=2038 
[   9.50s] bloc   2         00  02  00  02  00  02  00  03  00  00  01 [74] 00  00  07  f6 
                     o1=2     o2=2     o3=3     o4=0     o5=372   o6=0     o7=2038 
[   9.51s] bloc   2         00  02  00  02  00  02  00  03  00  00  01 [68] 00  00  07  f6 
                     o1=2     o2=2     o3=3     o4=0     o5=360   o6=0     o7=2038 
[   9.52s] bloc   2         00  02  00  02  00  02  00  03  00  00  01 [5c] 00  00  07  f6 
                     o1=2     o2=2     o3=3     o4=0     o5=348   o6=0     o7=2038 
[   9.53s] bloc   2         00  02  00  02  00  02  00  03  00  00  01 [50] 00  00  07  f6 
                     o1=2     o2=2     o3=3     o4=0     o5=336   o6=0     o7=2038 
[   9.54s] bloc   2         00  02  00  02  00  02  00  03  00  00  01 [43] 00  00  07  f6 
                     o1=2     o2=2     o3=3     o4=0     o5=323   o6=0     o7=2038 
[   9.54s] bloc   2         00  02  00  02  00  02  00  03  00  00  01 [37] 00  00  07  f6 
                     o1=2     o2=2     o3=3     o4=0     o5=311   o6=0     o7=2038 
[   9.54s] bloc   2         00  02  00  02  00  02  00  03  00  00  01 [2c] 00  00  07  f6 
                     o1=2     o2=2     o3=3     o4=0     o5=300   o6=0     o7=2038 
[   9.55s] bloc   2         00  02  00  02  00  02  00  03  00  00  01 [21] 00  00  07  f6 
                     o1=2     o2=2     o3=3     o4=0     o5=289   o6=0     o7=2038 
[   9.56s] bloc   2         00  02  00  02  00  02  00  03  00  00  01 [12] 00  00  07  f6 
                     o1=2     o2=2     o3=3     o4=0     o5=274   o6=0     o7=2038 
[   9.57s] bloc   2         00  02  00  02  00  02  00  03  00  00  01 [07] 00  00  07  f6 
                     o1=2     o2=2     o3=3     o4=0     o5=263   o6=0     o7=2038 
[   9.57s] bloc   2         00  02  00  02  00  02  00  03  00  00 [00][fc] 00  00  07  f6 
                     o1=2     o2=2     o3=3     o4=0     o5=252   o6=0     o7=2038 
[   9.58s] bloc   2         00  02  00  02  00  02  00  03  00  00  00 [f1] 00  00  07  f6 
                     o1=2     o2=2     o3=3     o4=0     o5=241   o6=0     o7=2038 
[   9.59s] bloc   2         00  02  00  02  00  02  00  03  00  00  00 [e4] 00  00  07  f6 
                     o1=2     o2=2     o3=3     o4=0     o5=228   o6=0     o7=2038 
[   9.59s] bloc   2         00  02  00  02  00  02  00  03  00  00  00 [d8] 00  00  07  f6 
                     o1=2     o2=2     o3=3     o4=0     o5=216   o6=0     o7=2038 
[   9.60s] bloc   2         00  02  00  02  00  02  00  03  00  00  00 [cd] 00  00  07  f6 
                     o1=2     o2=2     o3=3     o4=0     o5=205   o6=0     o7=2038 
[   9.61s] bloc   2         00  02  00  02  00  02  00  03  00  00  00 [c2] 00  00  07  f6 
                     o1=2     o2=2     o3=3     o4=0     o5=194   o6=0     o7=2038 
[   9.62s] bloc   2         00  02  00  02  00  02  00  03  00  00  00 [b2] 00  00  07  f6 
                     o1=2     o2=2     o3=3     o4=0     o5=178   o6=0     o7=2038 
[   9.62s] bloc   2         00  02  00  02  00  02  00  03  00  00  00 [a7] 00  00  07  f6 
                     o1=2     o2=2     o3=3     o4=0     o5=167   o6=0     o7=2038 
[   9.64s] bloc   2         00  02  00  02  00  02  00  03  00  00  00 [99] 00  00  07  f6 
                     o1=2     o2=2     o3=3     o4=0     o5=153   o6=0     o7=2038 
[   9.64s] bloc   2         00  02  00  02  00  02  00  03  00  00  00 [8e] 00  00  07  f6 
                     o1=2     o2=2     o3=3     o4=0     o5=142   o6=0     o7=2038 
[   9.66s] bloc   2         00  02  00  02  00  02  00  03  00  00  00 [83] 00  00  07  f6 
                     o1=2     o2=2     o3=3     o4=0     o5=131   o6=0     o7=2038 
[   9.66s] bloc   2         00  02  00  02  00  02  00  03  00  00  00 [75] 00  00  07  f6 
                     o1=2     o2=2     o3=3     o4=0     o5=117   o6=0     o7=2038 
[   9.67s] bloc   2         00  02  00  02  00  02  00  03  00  00  00 [6a] 00  00  07  f6 
                     o1=2     o2=2     o3=3     o4=0     o5=106   o6=0     o7=2038 
[   9.68s] bloc   2         00  02  00  02  00  02  00  03  00  00  00 [5e] 00  00  07  f6 
                     o1=2     o2=2     o3=3     o4=0     o5=94    o6=0     o7=2038 
[   9.69s] bloc   2         00  02  00  02  00  02  00  03  00  00  00 [51] 00  00  07  f6 
                     o1=2     o2=2     o3=3     o4=0     o5=81    o6=0     o7=2038 
[   9.70s] bloc   2         00  02  00  02  00  02  00  03  00  00  00 [44] 00  00  07  f6 
                     o1=2     o2=2     o3=3     o4=0     o5=68    o6=0     o7=2038 
[   9.70s] bloc   2         00  02  00  02  00  02  00  03  00  00  00 [38] 00  00  07  f6 
                     o1=2     o2=2     o3=3     o4=0     o5=56    o6=0     o7=2038 
[   9.71s] bloc   2         00  02  00  02  00  02  00  03  00  00  00 [2b] 00  00  07  f6 
                     o1=2     o2=2     o3=3     o4=0     o5=43    o6=0     o7=2038 
[   9.72s] bloc   2         00  02  00  02  00  02  00  03  00  00  00 [20] 00  00  07  f6 
                     o1=2     o2=2     o3=3     o4=0     o5=32    o6=0     o7=2038 
[   9.72s] bloc   2         00  02  00  02  00  02  00  03  00  00  00 [14] 00  00  07  f6 
                     o1=2     o2=2     o3=3     o4=0     o5=20    o6=0     o7=2038 
[   9.74s] bloc   2         00  02  00  02  00  02  00  03  00  00  00 [09] 00  00  07  f6 
                     o1=2     o2=2     o3=3     o4=0     o5=9     o6=0     o7=2038 
[  10.75s] bloc   2         00  02  00  02  00  02  00  03  00  00  00 [17] 00  00  07  f6 
                     o1=2     o2=2     o3=3     o4=0     o5=23    o6=0     o7=2038 
[  10.75s] bloc   2         00  02  00  02  00  02  00  03  00  00  00 [29] 00  00  07  f6 
                     o1=2     o2=2     o3=3     o4=0     o5=41    o6=0     o7=2038 
[  10.75s] bloc   2         00  02  00  02  00  02  00  03  00  00  00 [3a] 00  00  07  f6 
                     o1=2     o2=2     o3=3     o4=0     o5=58    o6=0     o7=2038 
[  10.76s] bloc   2         00  02  00  02  00  02  00  03  00  00  00 [45] 00  00  07  f6 
                     o1=2     o2=2     o3=3     o4=0     o5=69    o6=0     o7=2038 
[  10.76s] bloc   2         00  02  00  02  00  02  00  03  00  00  00 [52] 00  00  07  f6 
                     o1=2     o2=2     o3=3     o4=0     o5=82    o6=0     o7=2038 
[  10.76s] bloc   2         00  02  00  02  00  02  00  03  00  00  00 [64] 00  00  07  f6 
                     o1=2     o2=2     o3=3     o4=0     o5=100   o6=0     o7=2038 
[  10.77s] bloc   2         00  02  00  02  00  02  00  03  00  00  00 [71] 00  00  07  f6 
                     o1=2     o2=2     o3=3     o4=0     o5=113   o6=0     o7=2038 
[  10.77s] bloc   2         00  02  00  02  00  02  00  03  00  00  00 [7d] 00  00  07  f6 
                     o1=2     o2=2     o3=3     o4=0     o5=125   o6=0     o7=2038 
[  10.77s] bloc   2         00  02  00  02  00  02  00  03  00  00  00 [93] 00  00  07  f6 
                     o1=2     o2=2     o3=3     o4=0     o5=147   o6=0     o7=2038 
[  10.77s] bloc   2         00  02  00  02  00  02  00  03  00  00  00 [9f] 00  00  07  f6 
                     o1=2     o2=2     o3=3     o4=0     o5=159   o6=0     o7=2038 
[  10.78s] bloc   2         00  02  00  02  00  02  00  03  00  00  00 [af] 00  00  07  f6 
                     o1=2     o2=2     o3=3     o4=0     o5=175   o6=0     o7=2038 
[  10.78s] bloc   2         00  02  00  02  00  02  00  03  00  00  00 [bb] 00  00  07  f6 
                     o1=2     o2=2     o3=3     o4=0     o5=187   o6=0     o7=2038 
[  10.78s] bloc   2         00  02  00  02  00  02  00  03  00  00  00 [c7] 00  00  07  f6 
                     o1=2     o2=2     o3=3     o4=0     o5=199   o6=0     o7=2038 
[  10.78s] bloc   2         00  02  00  02  00  02  00  03  00  00  00 [d3] 00  00  07  f6 
                     o1=2     o2=2     o3=3     o4=0     o5=211   o6=0     o7=2038 
[  10.79s] bloc   2         00  02  00  02  00  02  00  03  00  00  00 [e2] 00  00  07  f6 
                     o1=2     o2=2     o3=3     o4=0     o5=226   o6=0     o7=2038 
[  10.79s] bloc   2         00  02  00  02  00  02  00  03  00  00  00 [f0] 00  00  07  f6 
                     o1=2     o2=2     o3=3     o4=0     o5=240   o6=0     o7=2038 
[  10.79s] bloc   2         00  02  00  02  00  02  00  03  00  00  00 [fd] 00  00  07  f6 
                     o1=2     o2=2     o3=3     o4=0     o5=253   o6=0     o7=2038 
[  10.79s] bloc   2         00  02  00  02  00  02  00  03  00  00 [01][0b] 00  00  07  f6 
                     o1=2     o2=2     o3=3     o4=0     o5=267   o6=0     o7=2038 
[  10.79s] bloc   2         00  02  00  02  00  02  00  03  00  00  01 [1b] 00  00  07  f6 
                     o1=2     o2=2     o3=3     o4=0     o5=283   o6=0     o7=2038 
[  10.80s] bloc   2         00  02  00  02  00  02  00  03  00  00  01 [29] 00  00  07  f6 
                     o1=2     o2=2     o3=3     o4=0     o5=297   o6=0     o7=2038 
[  10.80s] bloc   2         00  02  00  02  00  02  00  03  00  00  01 [38] 00  00  07  f6 
                     o1=2     o2=2     o3=3     o4=0     o5=312   o6=0     o7=2038 
[  10.80s] bloc   2         00  02  00  02  00  02  00  03  00  00  01 [48] 00  00  07  f6 
                     o1=2     o2=2     o3=3     o4=0     o5=328   o6=0     o7=2038 
[  10.80s] bloc   2         00  02  00  02  00  02  00  03  00  00  01 [55] 00  00  07  f6 
                     o1=2     o2=2     o3=3     o4=0     o5=341   o6=0     o7=2038 
[  10.80s] bloc   2         00  02  00  02  00  02  00  03  00  00  01 [61] 00  00  07  f6 
                     o1=2     o2=2     o3=3     o4=0     o5=353   o6=0     o7=2038 
[  10.81s] bloc   2         00  02  00  02  00  02  00  03  00  00  01 [71] 00  00  07  f6 
                     o1=2     o2=2     o3=3     o4=0     o5=369   o6=0     o7=2038 
[  10.81s] bloc   2         00  02  00  02  00  02  00  03  00  00  01 [7f] 00  00  07  f6 
                     o1=2     o2=2     o3=3     o4=0     o5=383   o6=0     o7=2038 
[  10.81s] bloc   2         00  02  00  02  00  02  00  03  00  00  01 [8e] 00  00  07  f6 
                     o1=2     o2=2     o3=3     o4=0     o5=398   o6=0     o7=2038 
[  10.81s] bloc   2         00  02  00  02  00  02  00  03  00  00  01 [9c] 00  00  07  f6 
                     o1=2     o2=2     o3=3     o4=0     o5=412   o6=0     o7=2038 
[  10.82s] bloc   2         00  02  00  02  00  02  00  03  00  00  01 [aa] 00  00  07  f6 
                     o1=2     o2=2     o3=3     o4=0     o5=426   o6=0     o7=2038 
[  10.82s] bloc   2         00  02  00  02  00  02  00  03  00  00  01 [b8] 00  00  07  f6 
                     o1=2     o2=2     o3=3     o4=0     o5=440   o6=0     o7=2038 
[  10.82s] bloc   2         00  02  00  02  00  02  00  03  00  00  01 [c7] 00  00  07  f6 
                     o1=2     o2=2     o3=3     o4=0     o5=455   o6=0     o7=2038 
[  10.82s] bloc   2         00  02  00  02  00  02  00  03  00  00  01 [d4] 00  00  07  f6 
                     o1=2     o2=2     o3=3     o4=0     o5=468   o6=0     o7=2038 
[  10.82s] bloc   2         00  02  00  02  00  02  00  03  00  00  01 [e0] 00  00  07  f6 
                     o1=2     o2=2     o3=3     o4=0     o5=480   o6=0     o7=2038 
[  10.83s] bloc   2         00  02  00  02  00  02  00  03  00  00  01 [ed] 00  00  07  f6 
                     o1=2     o2=2     o3=3     o4=0     o5=493   o6=0     o7=2038 
[  10.83s] bloc   2         00  02  00  02  00  02  00  03  00  00  01 [fc] 00  00  07  f6 
                     o1=2     o2=2     o3=3     o4=0     o5=508   o6=0     o7=2038 
[  10.83s] bloc   2         00  02  00  02  00  02  00  03  00  00 [02][0c] 00  00  07  f6 
                     o1=2     o2=2     o3=3     o4=0     o5=524   o6=0     o7=2038 
[  10.83s] bloc   2         00  02  00  02  00  02  00  03  00  00  02 [18] 00  00  07  f6 
                     o1=2     o2=2     o3=3     o4=0     o5=536   o6=0     o7=2038 
[  10.84s] bloc   2         00  02  00  02  00  02  00  03  00  00  02 [24] 00  00  07  f6 
                     o1=2     o2=2     o3=3     o4=0     o5=548   o6=0     o7=2038 
[  10.84s] bloc   2         00  02  00  02  00  02  00  03  00  00  02 [31] 00  00  07  f6 
                     o1=2     o2=2     o3=3     o4=0     o5=561   o6=0     o7=2038 
[  10.84s] bloc   2         00  02  00  02  00  02  00  03  00  00  02 [3e] 00  00  07  f6 
                     o1=2     o2=2     o3=3     o4=0     o5=574   o6=0     o7=2038 
[  10.84s] bloc   2         00  02  00  02  00  02  00  03  00  00  02 [4a] 00  00  07  f6 
                     o1=2     o2=2     o3=3     o4=0     o5=586   o6=0     o7=2038 
[  10.85s] bloc   2         00  02  00  02  00  02  00  03  00  00  02 [59] 00  00  07  f6 
                     o1=2     o2=2     o3=3     o4=0     o5=601   o6=0     o7=2038 
[  10.85s] bloc   2         00  02  00  02  00  02  00  03  00  00  02 [65] 00  00  07  f6 
                     o1=2     o2=2     o3=3     o4=0     o5=613   o6=0     o7=2038 
[  10.85s] bloc   2         00  02  00  02  00  02  00  03  00  00  02 [72] 00  00  07  f6 
                     o1=2     o2=2     o3=3     o4=0     o5=626   o6=0     o7=2038 
[  10.85s] bloc   2         00  02  00  02  00  02  00  03  00  00  02 [7e] 00  00  07  f6 
                     o1=2     o2=2     o3=3     o4=0     o5=638   o6=0     o7=2038 
[  10.85s] bloc   2         00  02  00  02  00  02  00  03  00  00  02 [8b] 00  00  07  f6 
                     o1=2     o2=2     o3=3     o4=0     o5=651   o6=0     o7=2038 
[  10.85s] bloc   2         00  02  00  02  00  02  00  03  00  00  02 [98] 00  00  07  f6 
                     o1=2     o2=2     o3=3     o4=0     o5=664   o6=0     o7=2038 
[  10.86s] bloc   2         00  02  00  02  00  02  00  03  00  00  02 [a3] 00  00  07  f6 
                     o1=2     o2=2     o3=3     o4=0     o5=675   o6=0     o7=2038 
[  10.86s] bloc   2         00  02  00  02  00  02  00  03  00  00  02 [ae] 00  00  07  f6 
                     o1=2     o2=2     o3=3     o4=0     o5=686   o6=0     o7=2038 
[  10.86s] bloc   2         00  02  00  02  00  02  00  03  00  00  02 [bc] 00  00  07  f6 
                     o1=2     o2=2     o3=3     o4=0     o5=700   o6=0     o7=2038 
[  10.86s] bloc   2         00  02  00  02  00  02  00  03  00  00  02 [c9] 00  00  07  f6 
                     o1=2     o2=2     o3=3     o4=0     o5=713   o6=0     o7=2038 
[  10.87s] bloc   2         00  02  00  02  00  02  00  03  00  00  02 [d5] 00  00  07  f6 
                     o1=2     o2=2     o3=3     o4=0     o5=725   o6=0     o7=2038 
[  10.87s] bloc   2         00  02  00  02  00  02  00  03  00  00  02 [e1] 00  00  07  f6 
                     o1=2     o2=2     o3=3     o4=0     o5=737   o6=0     o7=2038 
[  10.87s] bloc   2         00  02  00  02  00  02  00  03  00  00  02 [ef] 00  00  07  f6 
                     o1=2     o2=2     o3=3     o4=0     o5=751   o6=0     o7=2038 
[  10.87s] bloc   2         00  02  00  02  00  02  00  03  00  00  02 [fc] 00  00  07  f6 
                     o1=2     o2=2     o3=3     o4=0     o5=764   o6=0     o7=2038 
[  10.87s] bloc   2         00  02  00  02  00  02  00  03  00  00 [03][08] 00  00  07  f6 
                     o1=2     o2=2     o3=3     o4=0     o5=776   o6=0     o7=2038 
[  10.88s] bloc   2         00  02  00  02  00  02  00  03  00  00  03 [1e] 00  00  07  f6 
                     o1=2     o2=2     o3=3     o4=0     o5=798   o6=0     o7=2038 
[  10.88s] bloc   2         00  02  00  02  00  02  00  03  00  00  03 [29] 00  00  07  f6 
                     o1=2     o2=2     o3=3     o4=0     o5=809   o6=0     o7=2038 
[  10.88s] bloc   2         00  02  00  02  00  02  00  03  00  00  03 [34] 00  00  07  f6 
                     o1=2     o2=2     o3=3     o4=0     o5=820   o6=0     o7=2038 
[  10.89s] bloc   2         00  02  00  02  00  02  00  03  00  00  03 [40] 00  00  07  f6 
                     o1=2     o2=2     o3=3     o4=0     o5=832   o6=0     o7=2038 
[  10.89s] bloc   2         00  02  00  02  00  02  00  03  00  00  03 [4b] 00  00  07  f6 
                     o1=2     o2=2     o3=3     o4=0     o5=843   o6=0     o7=2038 
[  10.89s] bloc   2         00  02  00  02  00  02  00  03  00  00  03 [56] 00  00  07  f6 
                     o1=2     o2=2     o3=3     o4=0     o5=854   o6=0     o7=2038 
[  10.89s] bloc   2         00  02  00  02  00  02  00  03  00  00  03 [62] 00  00  07  f6 
                     o1=2     o2=2     o3=3     o4=0     o5=866   o6=0     o7=2038 
[  10.89s] bloc   2         00  02  00  02  00  02  00  03  00  00  03 [6d] 00  00  07  f6 
                     o1=2     o2=2     o3=3     o4=0     o5=877   o6=0     o7=2038 
[  10.90s] bloc   2         00  02  00  02  00  02  00  03  00  00  03 [78] 00  00  07  f6 
                     o1=2     o2=2     o3=3     o4=0     o5=888   o6=0     o7=2038 
[  10.90s] bloc   2         00  02  00  02  00  02  00  03  00  00  03 [83] 00  00  07  f6 
                     o1=2     o2=2     o3=3     o4=0     o5=899   o6=0     o7=2038 
[  10.90s] bloc   2         00  02  00  02  00  02  00  03  00  00  03 [98] 00  00  07  f6 
                     o1=2     o2=2     o3=3     o4=0     o5=920   o6=0     o7=2038 
[  10.91s] bloc   2         00  02  00  02  00  02  00  03  00  00  03 [ac] 00  00  07  f6 
                     o1=2     o2=2     o3=3     o4=0     o5=940   o6=0     o7=2038 
[  10.91s] bloc   2         00  02  00  02  00  02  00  03  00  00  03 [bd] 00  00  07  f6 
                     o1=2     o2=2     o3=3     o4=0     o5=957   o6=0     o7=2038 
[  10.92s] bloc   2         00  02  00  02  00  02  00  03  00  00  03 [d1] 00  00  07  f6 
                     o1=2     o2=2     o3=3     o4=0     o5=977   o6=0     o7=2038 
[  10.92s] bloc   2         00  02  00  02  00  02  00  03  00  00  03 [e3] 00  00  07  f6 
                     o1=2     o2=2     o3=3     o4=0     o5=995   o6=0     o7=2038 
[  10.92s] bloc   2         00  02  00  02  00  02  00  03  00  00  03 [f5] 00  00  07  f6 
                     o1=2     o2=2     o3=3     o4=0     o5=1013  o6=0     o7=2038 
[  10.93s] bloc   2         00  02  00  02  00  02  00  03  00  00 [04][09] 00  00  07  f6 
                     o1=2     o2=2     o3=3     o4=0     o5=1033  o6=0     o7=2038 
[  10.93s] bloc   2         00  02  00  02  00  02  00  03  00  00  04 [19] 00  00  07  f6 
                     o1=2     o2=2     o3=3     o4=0     o5=1049  o6=0     o7=2038 
[  10.94s] bloc   2         00  02  00  02  00  02  00  03  00  00  04 [29] 00  00  07  f6 
                     o1=2     o2=2     o3=3     o4=0     o5=1065  o6=0     o7=2038 
[  10.94s] bloc   2         00  02  00  02  00  02  00  03  00  00  04 [3b] 00  00  07  f6 
                     o1=2     o2=2     o3=3     o4=0     o5=1083  o6=0     o7=2038 
[  10.95s] bloc   2         00  02  00  02  00  02  00  03  00  00  04 [4d] 00  00  07  f6 
                     o1=2     o2=2     o3=3     o4=0     o5=1101  o6=0     o7=2038 
[  10.95s] bloc   2         00  02  00  02  00  02  00  03  00  00  04 [5c] 00  00  07  f6 
                     o1=2     o2=2     o3=3     o4=0     o5=1116  o6=0     o7=2038 
[  10.96s] bloc   2         00  02  00  02  00  02  00  03  00  00  04 [6a] 00  00  07  f6 
                     o1=2     o2=2     o3=3     o4=0     o5=1130  o6=0     o7=2038 
[  10.96s] bloc   2         00  02  00  02  00  02  00  03  00  00  04 [7b] 00  00  07  f6 
                     o1=2     o2=2     o3=3     o4=0     o5=1147  o6=0     o7=2038 
[  10.96s] bloc   2         00  02  00  02  00  02  00  03  00  00  04 [8c] 00  00  07  f6 
                     o1=2     o2=2     o3=3     o4=0     o5=1164  o6=0     o7=2038 
[  10.97s] bloc   2         00  02  00  02  00  02  00  03  00  00  04 [9c] 00  00  07  f6 
                     o1=2     o2=2     o3=3     o4=0     o5=1180  o6=0     o7=2038 
[  10.97s] bloc   2         00  02  00  02  00  02  00  03  00  00  04 [a8] 00  00  07  f6 
                     o1=2     o2=2     o3=3     o4=0     o5=1192  o6=0     o7=2038 
[  10.98s] bloc   2         00  02  00  02  00  02  00  03  00  00  04 [b8] 00  00  07  f6 
                     o1=2     o2=2     o3=3     o4=0     o5=1208  o6=0     o7=2038 
[  10.98s] bloc   2         00  02  00  02  00  02  00  03  00  00  04 [ca] 00  00  07  f6 
                     o1=2     o2=2     o3=3     o4=0     o5=1226  o6=0     o7=2038 
[  10.99s] bloc   2         00  02  00  02  00  02  00  03  00  00  04 [db] 00  00  07  f6 
                     o1=2     o2=2     o3=3     o4=0     o5=1243  o6=0     o7=2038 
[  10.99s] bloc   2         00  02  00  02  00  02  00  03  00  00  04 [ea] 00  00  07  f6 
                     o1=2     o2=2     o3=3     o4=0     o5=1258  o6=0     o7=2038 
[  10.99s] bloc   2         00  02  00  02  00  02  00  03  00  00  04 [f8] 00  00  07  f6 
                     o1=2     o2=2     o3=3     o4=0     o5=1272  o6=0     o7=2038 
[  11.00s] bloc   2         00  02  00  02  00  02  00  03  00  00 [05][07] 00  00  07  f6 
                     o1=2     o2=2     o3=3     o4=0     o5=1287  o6=0     o7=2038 
[  11.00s] bloc   2         00  02  00  02  00  02  00  03  00  00  05 [16] 00  00  07  f6 
                     o1=2     o2=2     o3=3     o4=0     o5=1302  o6=0     o7=2038 
[  11.01s] bloc   2         00  02  00  02  00  02  00  03  00  00  05 [23] 00  00  07  f6 
                     o1=2     o2=2     o3=3     o4=0     o5=1315  o6=0     o7=2038 
[  11.01s] bloc   2         00  02  00  02  00  02  00  03  00  00  05 [2f] 00  00  07  f6 
                     o1=2     o2=2     o3=3     o4=0     o5=1327  o6=0     o7=2038 
[  11.02s] bloc   2         00  02  00  02  00  02  00  03  00  00  05 [3b] 00  00  07  f6 
                     o1=2     o2=2     o3=3     o4=0     o5=1339  o6=0     o7=2038 
[  11.02s] bloc   2         00  02  00  02  00  02  00  03  00  00  05 [49] 00  00  07  f6 
                     o1=2     o2=2     o3=3     o4=0     o5=1353  o6=0     o7=2038 
[  11.02s] bloc   2         00  02  00  02  00  02  00  03  00  00  05 [56] 00  00  07  f6 
                     o1=2     o2=2     o3=3     o4=0     o5=1366  o6=0     o7=2038 
[  11.03s] bloc   2         00  02  00  02  00  02  00  03  00  00  05 [63] 00  00  07  f6 
                     o1=2     o2=2     o3=3     o4=0     o5=1379  o6=0     o7=2038 
[  11.03s] bloc   2         00  02  00  02  00  02  00  03  00  00  05 [6f] 00  00  07  f6 
                     o1=2     o2=2     o3=3     o4=0     o5=1391  o6=0     o7=2038 
[  11.04s] bloc   2         00  02  00  02  00  02  00  03  00  00  05 [7d] 00  00  07  f6 
                     o1=2     o2=2     o3=3     o4=0     o5=1405  o6=0     o7=2038 
[  11.04s] bloc   2         00  02  00  02  00  02  00  03  00  00  05 [88] 00  00  07  f6 
                     o1=2     o2=2     o3=3     o4=0     o5=1416  o6=0     o7=2038 
[  11.05s] bloc   2         00  02  00  02  00  02  00  03  00  00  05 [93] 00  00  07  f6 
                     o1=2     o2=2     o3=3     o4=0     o5=1427  o6=0     o7=2038 
[  11.05s] bloc   2         00  02  00  02  00  02  00  03  00  00  05 [a0] 00  00  07  f6 
                     o1=2     o2=2     o3=3     o4=0     o5=1440  o6=0     o7=2038 
[  11.06s] bloc   2         00  02  00  02  00  02  00  03  00  00  05 [ae] 00  00  07  f6 
                     o1=2     o2=2     o3=3     o4=0     o5=1454  o6=0     o7=2038 
[  11.06s] bloc   2         00  02  00  02  00  02  00  03  00  00  05 [ba] 00  00  07  f6 
                     o1=2     o2=2     o3=3     o4=0     o5=1466  o6=0     o7=2038 
[  11.06s] bloc   2         00  02  00  02  00  02  00  03  00  00  05 [c8] 00  00  07  f6 
                     o1=2     o2=2     o3=3     o4=0     o5=1480  o6=0     o7=2038 
[  11.07s] bloc   2         00  02  00  02  00  02  00  03  00  00  05 [d6] 00  00  07  f6 
                     o1=2     o2=2     o3=3     o4=0     o5=1494  o6=0     o7=2038 
[  11.07s] bloc   2         00  02  00  02  00  02  00  03  00  00  05 [e5] 00  00  07  f6 
                     o1=2     o2=2     o3=3     o4=0     o5=1509  o6=0     o7=2038 
[  11.08s] bloc   2         00  02  00  02  00  02  00  03  00  00  05 [f3] 00  00  07  f6 
                     o1=2     o2=2     o3=3     o4=0     o5=1523  o6=0     o7=2038 
[  11.08s] bloc   2         00  02  00  02  00  02  00  03  00  00 [06][03] 00  00  07  f6 
                     o1=2     o2=2     o3=3     o4=0     o5=1539  o6=0     o7=2038 
[  11.09s] bloc   2         00  02  00  02  00  02  00  03  00  00  06 [11] 00  00  07  f6 
                     o1=2     o2=2     o3=3     o4=0     o5=1553  o6=0     o7=2038 
[  11.09s] bloc   2         00  02  00  02  00  02  00  03  00  00  06 [1c] 00  00  07  f6 
                     o1=2     o2=2     o3=3     o4=0     o5=1564  o6=0     o7=2038 
[  11.09s] bloc   2         00  02  00  02  00  02  00  03  00  00  06 [29] 00  00  07  f6 
                     o1=2     o2=2     o3=3     o4=0     o5=1577  o6=0     o7=2038 
[  11.10s] bloc   2         00  02  00  02  00  02  00  03  00  00  06 [36] 00  00  07  f6 
                     o1=2     o2=2     o3=3     o4=0     o5=1590  o6=0     o7=2038 
[  11.10s] bloc   2         00  02  00  02  00  02  00  03  00  00  06 [43] 00  00  07  f6 
                     o1=2     o2=2     o3=3     o4=0     o5=1603  o6=0     o7=2038 
[  11.11s] bloc   2         00  02  00  02  00  02  00  03  00  00  06 [4f] 00  00  07  f6 
                     o1=2     o2=2     o3=3     o4=0     o5=1615  o6=0     o7=2038 
[  11.11s] bloc   2         00  02  00  02  00  02  00  03  00  00  06 [5b] 00  00  07  f6 
                     o1=2     o2=2     o3=3     o4=0     o5=1627  o6=0     o7=2038 
[  11.12s] bloc   2         00  02  00  02  00  02  00  03  00  00  06 [66] 00  00  07  f6 
                     o1=2     o2=2     o3=3     o4=0     o5=1638  o6=0     o7=2038 
[  11.12s] bloc   2         00  02  00  02  00  02  00  03  00  00  06 [71] 00  00  07  f6 
                     o1=2     o2=2     o3=3     o4=0     o5=1649  o6=0     o7=2038 
[  11.12s] bloc   2         00  02  00  02  00  02  00  03  00  00  06 [7c] 00  00  07  f6 
                     o1=2     o2=2     o3=3     o4=0     o5=1660  o6=0     o7=2038 
[  11.13s] bloc   2         00  02  00  02  00  02  00  03  00  00  06 [87] 00  00  07  f6 
                     o1=2     o2=2     o3=3     o4=0     o5=1671  o6=0     o7=2038 
[  11.14s] bloc   2         00  02  00  02  00  02  00  03  00  00  06 [95] 00  00  07  f6 
                     o1=2     o2=2     o3=3     o4=0     o5=1685  o6=0     o7=2038 
[  11.14s] bloc   2         00  02  00  02  00  02  00  03  00  00  06 [a3] 00  00  07  f6 
                     o1=2     o2=2     o3=3     o4=0     o5=1699  o6=0     o7=2038 
[  11.15s] bloc   2         00  02  00  02  00  02  00  03  00  00  06 [af] 00  00  07  f6 
                     o1=2     o2=2     o3=3     o4=0     o5=1711  o6=0     o7=2038 
[  11.15s] bloc   2         00  02  00  02  00  02  00  03  00  00  06 [bc] 00  00  07  f6 
                     o1=2     o2=2     o3=3     o4=0     o5=1724  o6=0     o7=2038 
[  11.16s] bloc   2         00  02  00  02  00  02  00  03  00  00  06 [ca] 00  00  07  f6 
                     o1=2     o2=2     o3=3     o4=0     o5=1738  o6=0     o7=2038 
[  11.17s] bloc   2         00  02  00  02  00  02  00  03  00  00  06 [d7] 00  00  07  f6 
                     o1=2     o2=2     o3=3     o4=0     o5=1751  o6=0     o7=2038 
[  11.18s] bloc   2         00  02  00  02  00  02  00  03  00  00  06 [e5] 00  00  07  f6 
                     o1=2     o2=2     o3=3     o4=0     o5=1765  o6=0     o7=2038 
[  11.18s] bloc   2         00  02  00  02  00  02  00  03  00  00  06 [f0] 00  00  07  f6 
                     o1=2     o2=2     o3=3     o4=0     o5=1776  o6=0     o7=2038 
[  11.19s] bloc   2         00  02  00  02  00  02  00  03  00  00  06 [fd] 00  00  07  f6 
                     o1=2     o2=2     o3=3     o4=0     o5=1789  o6=0     o7=2038 
[  11.19s] bloc   2         00  02  00  02  00  02  00  03  00  00 [07][08] 00  00  07  f6 
                     o1=2     o2=2     o3=3     o4=0     o5=1800  o6=0     o7=2038 
[  11.20s] bloc   2         00  02  00  02  00  02  00  03  00  00  07 [18] 00  00  07  f6 
                     o1=2     o2=2     o3=3     o4=0     o5=1816  o6=0     o7=2038 
[  11.20s] bloc   2         00  02  00  02  00  02  00  03  00  00  07 [24] 00  00  07  f6 
                     o1=2     o2=2     o3=3     o4=0     o5=1828  o6=0     o7=2038 
[  11.21s] bloc   2         00  02  00  02  00  02  00  03  00  00  07 [30] 00  00  07  f6 
                     o1=2     o2=2     o3=3     o4=0     o5=1840  o6=0     o7=2038 
[  11.22s] bloc   2         00  02  00  02  00  02  00  03  00  00  07 [40] 00  00  07  f6 
                     o1=2     o2=2     o3=3     o4=0     o5=1856  o6=0     o7=2038 
[  11.22s] bloc   2         00  02  00  02  00  02  00  03  00  00  07 [4d] 00  00  07  f6 
                     o1=2     o2=2     o3=3     o4=0     o5=1869  o6=0     o7=2038 
[  11.23s] bloc   2         00  02  00  02  00  02  00  03  00  00  07 [5c] 00  00  07  f6 
                     o1=2     o2=2     o3=3     o4=0     o5=1884  o6=0     o7=2038 
[  11.23s] bloc   2         00  02  00  02  00  02  00  03  00  00  07 [6b] 00  00  07  f6 
                     o1=2     o2=2     o3=3     o4=0     o5=1899  o6=0     o7=2038 
[  11.24s] bloc   2         00  02  00  02  00  02  00  03  00  00  07 [7a] 00  00  07  f6 
                     o1=2     o2=2     o3=3     o4=0     o5=1914  o6=0     o7=2038 
[  11.24s] bloc   2         00  02  00  02  00  02  00  03  00  00  07 [85] 00  00  07  f6 
                     o1=2     o2=2     o3=3     o4=0     o5=1925  o6=0     o7=2038 
[  11.25s] bloc   2         00  02  00  02  00  02  00  03  00  00  07 [90] 00  00  07  f6 
                     o1=2     o2=2     o3=3     o4=0     o5=1936  o6=0     o7=2038 
[  11.25s] bloc   2         00  02  00  02  00  02  00  03  00  00  07 [9c] 00  00  07  f6 
                     o1=2     o2=2     o3=3     o4=0     o5=1948  o6=0     o7=2038 
[  11.26s] bloc   2         00  02  00  02  00  02  00  03  00  00  07 [a9] 00  00  07  f6 
                     o1=2     o2=2     o3=3     o4=0     o5=1961  o6=0     o7=2038 
[  11.26s] bloc   2         00  02  00  02  00  02  00  03  00  00  07 [b6] 00  00  07  f6 
                     o1=2     o2=2     o3=3     o4=0     o5=1974  o6=0     o7=2038 
[  11.27s] bloc   2         00  02  00  02  00  02  00  03  00  00  07 [c8] 00  00  07  f6 
                     o1=2     o2=2     o3=3     o4=0     o5=1992  o6=0     o7=2038 
[  11.27s] bloc   2         00  02  00  02  00  02  00  03  00  00  07 [d3] 00  00  07  f6 
                     o1=2     o2=2     o3=3     o4=0     o5=2003  o6=0     o7=2038 
[  11.27s] bloc   2         00  02  00  02  00  02  00  03  00  00  07 [e0] 00  00  07  f6 
                     o1=2     o2=2     o3=3     o4=0     o5=2016  o6=0     o7=2038 
[  11.27s] bloc   2         00  02  00  02  00  02  00  03  00  00  07 [ec] 00  00  07  f6 
                     o1=2     o2=2     o3=3     o4=0     o5=2028  o6=0     o7=2038 
[  11.28s] bloc   2         00  02  00  02  00  02  00  03  00  00  07 [fa] 00  00  07  f6 
                     o1=2     o2=2     o3=3     o4=0     o5=2042  o6=0     o7=2038 
[  11.30s] bloc   2         00  02  00  02  00  02  00  03  00  00 [08][05] 00  00  07  f6 
                     o1=2     o2=2     o3=3     o4=0     o5=2053  o6=0     o7=2038 
[  11.77s] bloc   2         00  02  00  02  00  02  00  03  00  00  08 [11] 00  00  07  f6 
                     o1=2     o2=2     o3=3     o4=0     o5=2065  o6=0     o7=2038 
[  11.78s] bloc   2         00  02  00  02  00  02  00  03  00  00  08 [1d] 00  00  07  f6 
                     o1=2     o2=2     o3=3     o4=0     o5=2077  o6=0     o7=2038 
[  11.80s] bloc   2         00  02  00  02  00  02  00  03  00  00  08 [2a] 00  00  07  f6 
                     o1=2     o2=2     o3=3     o4=0     o5=2090  o6=0     o7=2038 
[  11.80s] bloc   2         00  02  00  02  00  02  00  03  00  00  08 [35] 00  00  07  f6 
                     o1=2     o2=2     o3=3     o4=0     o5=2101  o6=0     o7=2038 
[  11.81s] bloc   2         00  02  00  02  00  02  00  03  00  00  08 [41] 00  00  07  f6 
                     o1=2     o2=2     o3=3     o4=0     o5=2113  o6=0     o7=2038 
[  11.81s] bloc   2         00  02  00  02  00  02  00  03  00  00  08 [52] 00  00  07  f6 
                     o1=2     o2=2     o3=3     o4=0     o5=2130  o6=0     o7=2038 
[  11.82s] bloc   2         00  02  00  02  00  02  00  03  00  00  08 [63] 00  00  07  f6 
                     o1=2     o2=2     o3=3     o4=0     o5=2147  o6=0     o7=2038 
[  11.82s] bloc   2         00  02  00  02  00  02  00  03  00  00  08 [73] 00  00  07  f6 
                     o1=2     o2=2     o3=3     o4=0     o5=2163  o6=0     o7=2038 
[  11.82s] bloc   2         00  02  00  02  00  02  00  03  00  00  08 [7e] 00  00  07  f6 
                     o1=2     o2=2     o3=3     o4=0     o5=2174  o6=0     o7=2038 
[  11.83s] bloc   2         00  02  00  02  00  02  00  03  00  00  08 [89] 00  00  07  f6 
                     o1=2     o2=2     o3=3     o4=0     o5=2185  o6=0     o7=2038 
[  11.83s] bloc   2         00  02  00  02  00  02  00  03  00  00  08 [9d] 00  00  07  f6 
                     o1=2     o2=2     o3=3     o4=0     o5=2205  o6=0     o7=2038 
[  11.83s] bloc   2         00  02  00  02  00  02  00  03  00  00  08 [b4] 00  00  07  f6 
                     o1=2     o2=2     o3=3     o4=0     o5=2228  o6=0     o7=2038 
[  11.84s] bloc   2         00  02  00  02  00  02  00  03  00  00  08 [c3] 00  00  07  f6 
                     o1=2     o2=2     o3=3     o4=0     o5=2243  o6=0     o7=2038 
[  11.84s] bloc   2         00  02  00  02  00  02  00  03  00  00  08 [d2] 00  00  07  f6 
                     o1=2     o2=2     o3=3     o4=0     o5=2258  o6=0     o7=2038 
[  11.84s] bloc   2         00  02  00  02  00  02  00  03  00  00  08 [df] 00  00  07  f6 
                     o1=2     o2=2     o3=3     o4=0     o5=2271  o6=0     o7=2038 
[  11.84s] bloc   2         00  02  00  02  00  02  00  03  00  00  08 [ed] 00  00  07  f6 
                     o1=2     o2=2     o3=3     o4=0     o5=2285  o6=0     o7=2038 
[  11.85s] bloc   2         00  02  00  02  00  02  00  03  00  00  08 [fd] 00  00  07  f6 
                     o1=2     o2=2     o3=3     o4=0     o5=2301  o6=0     o7=2038 
[  11.85s] bloc   2         00  02  00  02  00  02  00  03  00  00 [09][0e] 00  00  07  f6 
                     o1=2     o2=2     o3=3     o4=0     o5=2318  o6=0     o7=2038 
[  11.85s] bloc   2         00  02  00  02  00  02  00  03  00  00  09 [1e] 00  00  07  f6 
                     o1=2     o2=2     o3=3     o4=0     o5=2334  o6=0     o7=2038 
[  11.85s] bloc   2         00  02  00  02  00  02  00  03  00  00  09 [2d] 00  00  07  f6 
                     o1=2     o2=2     o3=3     o4=0     o5=2349  o6=0     o7=2038 
[  11.85s] bloc   2         00  02  00  02  00  02  00  03  00  00  09 [3e] 00  00  07  f6 
                     o1=2     o2=2     o3=3     o4=0     o5=2366  o6=0     o7=2038 
[  11.86s] bloc   2         00  02  00  02  00  02  00  03  00  00  09 [4d] 00  00  07  f6 
                     o1=2     o2=2     o3=3     o4=0     o5=2381  o6=0     o7=2038 
[  11.86s] bloc   2         00  02  00  02  00  02  00  03  00  00  09 [5e] 00  00  07  f6 
                     o1=2     o2=2     o3=3     o4=0     o5=2398  o6=0     o7=2038 
[  11.86s] bloc   2         00  02  00  02  00  02  00  03  00  00  09 [6c] 00  00  07  f6 
                     o1=2     o2=2     o3=3     o4=0     o5=2412  o6=0     o7=2038 
[  11.86s] bloc   2         00  02  00  02  00  02  00  03  00  00  09 [7c] 00  00  07  f6 
                     o1=2     o2=2     o3=3     o4=0     o5=2428  o6=0     o7=2038 
[  11.86s] bloc   2         00  02  00  02  00  02  00  03  00  00  09 [8b] 00  00  07  f6 
                     o1=2     o2=2     o3=3     o4=0     o5=2443  o6=0     o7=2038 
[  11.87s] bloc   2         00  02  00  02  00  02  00  03  00  00  09 [9a] 00  00  07  f6 
                     o1=2     o2=2     o3=3     o4=0     o5=2458  o6=0     o7=2038 
[  11.87s] bloc   2         00  02  00  02  00  02  00  03  00  00  09 [aa] 00  00  07  f6 
                     o1=2     o2=2     o3=3     o4=0     o5=2474  o6=0     o7=2038 
[  11.87s] bloc   2         00  02  00  02  00  02  00  03  00  00  09 [ba] 00  00  07  f6 
                     o1=2     o2=2     o3=3     o4=0     o5=2490  o6=0     o7=2038 
[  11.87s] bloc   2         00  02  00  02  00  02  00  03  00  00  09 [c9] 00  00  07  f6 
                     o1=2     o2=2     o3=3     o4=0     o5=2505  o6=0     o7=2038 
[  11.88s] bloc   2         00  02  00  02  00  02  00  03  00  00  09 [d8] 00  00  07  f6 
                     o1=2     o2=2     o3=3     o4=0     o5=2520  o6=0     o7=2038 
[  11.88s] bloc   2         00  02  00  02  00  02  00  03  00  00  09 [e8] 00  00  07  f6 
                     o1=2     o2=2     o3=3     o4=0     o5=2536  o6=0     o7=2038 
[  11.88s] bloc   2         00  02  00  02  00  02  00  03  00  00  09 [f9] 00  00  07  f6 
                     o1=2     o2=2     o3=3     o4=0     o5=2553  o6=0     o7=2038 
[  11.88s] bloc   2         00  02  00  02  00  02  00  03  00  00 [0a][15] 00  00  07  f6 
                     o1=2     o2=2     o3=3     o4=0     o5=2581  o6=0     o7=2038 
[  11.89s] bloc   2         00  02  00  02  00  02  00  03  00  00  0a [28] 00  00  07  f6 
                     o1=2     o2=2     o3=3     o4=0     o5=2600  o6=0     o7=2038 
[  11.89s] bloc   2         00  02  00  02  00  02  00  03  00  00  0a [38] 00  00  07  f6 
                     o1=2     o2=2     o3=3     o4=0     o5=2616  o6=0     o7=2038 
[  11.89s] bloc   2         00  02  00  02  00  02  00  03  00  00  0a [49] 00  00  07  f6 
                     o1=2     o2=2     o3=3     o4=0     o5=2633  o6=0     o7=2038 
[  11.89s] bloc   2         00  02  00  02  00  02  00  03  00  00  0a [58] 00  00  07  f6 
                     o1=2     o2=2     o3=3     o4=0     o5=2648  o6=0     o7=2038 
[  11.90s] bloc   2         00  02  00  02  00  02  00  03  00  00  0a [68] 00  00  07  f6 
                     o1=2     o2=2     o3=3     o4=0     o5=2664  o6=0     o7=2038 
[  11.90s] bloc   2         00  02  00  02  00  02  00  03  00  00  0a [79] 00  00  07  f6 
                     o1=2     o2=2     o3=3     o4=0     o5=2681  o6=0     o7=2038 
[  11.90s] bloc   2         00  02  00  02  00  02  00  03  00  00  0a [89] 00  00  07  f6 
                     o1=2     o2=2     o3=3     o4=0     o5=2697  o6=0     o7=2038 
[  11.90s] bloc   2         00  02  00  02  00  02  00  03  00  00  0a [97] 00  00  07  f6 
                     o1=2     o2=2     o3=3     o4=0     o5=2711  o6=0     o7=2038 
[  11.90s] bloc   2         00  02  00  02  00  02  00  03  00  00  0a [a7] 00  00  07  f6 
                     o1=2     o2=2     o3=3     o4=0     o5=2727  o6=0     o7=2038 
[  11.91s] bloc   2         00  02  00  02  00  02  00  03  00  00  0a [b7] 00  00  07  f6 
                     o1=2     o2=2     o3=3     o4=0     o5=2743  o6=0     o7=2038 
[  11.91s] bloc   2         00  02  00  02  00  02  00  03  00  00  0a [c8] 00  00  07  f6 
                     o1=2     o2=2     o3=3     o4=0     o5=2760  o6=0     o7=2038 
[  11.91s] bloc   2         00  02  00  02  00  02  00  03  00  00  0a [d9] 00  00  07  f6 
                     o1=2     o2=2     o3=3     o4=0     o5=2777  o6=0     o7=2038 
[  11.91s] bloc   2         00  02  00  02  00  02  00  03  00  00  0a [e8] 00  00  07  f6 
                     o1=2     o2=2     o3=3     o4=0     o5=2792  o6=0     o7=2038 
[  11.92s] bloc   2         00  02  00  02  00  02  00  03  00  00  0a [f7] 00  00  07  f6 
                     o1=2     o2=2     o3=3     o4=0     o5=2807  o6=0     o7=2038 
[  11.92s] bloc   2         00  02  00  02  00  02  00  03  00  00 [0b][08] 00  00  07  f6 
                     o1=2     o2=2     o3=3     o4=0     o5=2824  o6=0     o7=2038 
[  11.92s] bloc   2         00  02  00  02  00  02  00  03  00  00  0b [17] 00  00  07  f6 
                     o1=2     o2=2     o3=3     o4=0     o5=2839  o6=0     o7=2038 
[  11.92s] bloc   2         00  02  00  02  00  02  00  03  00  00  0b [25] 00  00  07  f6 
                     o1=2     o2=2     o3=3     o4=0     o5=2853  o6=0     o7=2038 
[  11.92s] bloc   2         00  02  00  02  00  02  00  03  00  00  0b [34] 00  00  07  f6 
                     o1=2     o2=2     o3=3     o4=0     o5=2868  o6=0     o7=2038 
[  11.93s] bloc   2         00  02  00  02  00  02  00  03  00  00  0b [42] 00  00  07  f6 
                     o1=2     o2=2     o3=3     o4=0     o5=2882  o6=0     o7=2038 
[  11.93s] bloc   2         00  02  00  02  00  02  00  03  00  00  0b [52] 00  00  07  f6 
                     o1=2     o2=2     o3=3     o4=0     o5=2898  o6=0     o7=2038 
[  11.93s] bloc   2         00  02  00  02  00  02  00  03  00  00  0b [60] 00  00  07  f6 
                     o1=2     o2=2     o3=3     o4=0     o5=2912  o6=0     o7=2038 
[  11.93s] bloc   2         00  02  00  02  00  02  00  03  00  00  0b [6d] 00  00  07  f6 
                     o1=2     o2=2     o3=3     o4=0     o5=2925  o6=0     o7=2038 
[  11.93s] bloc   2         00  02  00  02  00  02  00  03  00  00  0b [7d] 00  00  07  f6 
                     o1=2     o2=2     o3=3     o4=0     o5=2941  o6=0     o7=2038 
[  11.94s] bloc   2         00  02  00  02  00  02  00  03  00  00  0b [8c] 00  00  07  f6 
                     o1=2     o2=2     o3=3     o4=0     o5=2956  o6=0     o7=2038 
[  11.94s] bloc   2         00  02  00  02  00  02  00  03  00  00  0b [9b] 00  00  07  f6 
                     o1=2     o2=2     o3=3     o4=0     o5=2971  o6=0     o7=2038 
[  11.94s] bloc   2         00  02  00  02  00  02  00  03  00  00  0b [a8] 00  00  07  f6 
                     o1=2     o2=2     o3=3     o4=0     o5=2984  o6=0     o7=2038 
[  11.94s] bloc   2         00  02  00  02  00  02  00  03  00  00  0b [b6] 00  00  07  f6 
                     o1=2     o2=2     o3=3     o4=0     o5=2998  o6=0     o7=2038 
[  11.95s] bloc   2         00  02  00  02  00  02  00  03  00  00  0b [c6] 00  00  07  f6 
                     o1=2     o2=2     o3=3     o4=0     o5=3014  o6=0     o7=2038 
[  11.95s] bloc   2         00  02  00  02  00  02  00  03  00  00  0b [d5] 00  00  07  f6 
                     o1=2     o2=2     o3=3     o4=0     o5=3029  o6=0     o7=2038 
[  11.95s] bloc   2         00  02  00  02  00  02  00  03  00  00  0b [e1] 00  00  07  f6 
                     o1=2     o2=2     o3=3     o4=0     o5=3041  o6=0     o7=2038 
[  11.95s] bloc   2         00  02  00  02  00  02  00  03  00  00  0b [ef] 00  00  07  f6 
                     o1=2     o2=2     o3=3     o4=0     o5=3055  o6=0     o7=2038 
[  11.95s] bloc   2         00  02  00  02  00  02  00  03  00  00  0b [fc] 00  00  07  f6 
                     o1=2     o2=2     o3=3     o4=0     o5=3068  o6=0     o7=2038 
[  11.96s] bloc   2         00  02  00  02  00  02  00  03  00  00 [0c][0a] 00  00  07  f6 
                     o1=2     o2=2     o3=3     o4=0     o5=3082  o6=0     o7=2038 
[  11.96s] bloc   2         00  02  00  02  00  02  00  03  00  00  0c [19] 00  00  07  f6 
                     o1=2     o2=2     o3=3     o4=0     o5=3097  o6=0     o7=2038 
[  11.96s] bloc   2         00  02  00  02  00  02  00  03  00  00  0c [26] 00  00  07  f6 
                     o1=2     o2=2     o3=3     o4=0     o5=3110  o6=0     o7=2038 
[  11.96s] bloc   2         00  02  00  02  00  02  00  03  00  00  0c [34] 00  00  07  f6 
                     o1=2     o2=2     o3=3     o4=0     o5=3124  o6=0     o7=2038 
[  11.97s] bloc   2         00  02  00  02  00  02  00  03  00  00  0c [41] 00  00  07  f6 
                     o1=2     o2=2     o3=3     o4=0     o5=3137  o6=0     o7=2038 
[  11.97s] bloc   2         00  02  00  02  00  02  00  03  00  00  0c [4d] 00  00  07  f6 
                     o1=2     o2=2     o3=3     o4=0     o5=3149  o6=0     o7=2038 
[  11.97s] bloc   2         00  02  00  02  00  02  00  03  00  00  0c [59] 00  00  07  f6 
                     o1=2     o2=2     o3=3     o4=0     o5=3161  o6=0     o7=2038 
[  11.97s] bloc   2         00  02  00  02  00  02  00  03  00  00  0c [66] 00  00  07  f6 
                     o1=2     o2=2     o3=3     o4=0     o5=3174  o6=0     o7=2038 
[  11.97s] bloc   2         00  02  00  02  00  02  00  03  00  00  0c [72] 00  00  07  f6 
                     o1=2     o2=2     o3=3     o4=0     o5=3186  o6=0     o7=2038 
[  11.98s] bloc   2         00  02  00  02  00  02  00  03  00  00  0c [7f] 00  00  07  f6 
                     o1=2     o2=2     o3=3     o4=0     o5=3199  o6=0     o7=2038 
[  11.98s] bloc   2         00  02  00  02  00  02  00  03  00  00  0c [8c] 00  00  07  f6 
                     o1=2     o2=2     o3=3     o4=0     o5=3212  o6=0     o7=2038 
[  11.98s] bloc   2         00  02  00  02  00  02  00  03  00  00  0c [97] 00  00  07  f6 
                     o1=2     o2=2     o3=3     o4=0     o5=3223  o6=0     o7=2038 
[  11.98s] bloc   2         00  02  00  02  00  02  00  03  00  00  0c [a4] 00  00  07  f6 
                     o1=2     o2=2     o3=3     o4=0     o5=3236  o6=0     o7=2038 
[  11.98s] bloc   2         00  02  00  02  00  02  00  03  00  00  0c [b2] 00  00  07  f6 
                     o1=2     o2=2     o3=3     o4=0     o5=3250  o6=0     o7=2038 
[  11.99s] bloc   2         00  02  00  02  00  02  00  03  00  00  0c [bd] 00  00  07  f6 
                     o1=2     o2=2     o3=3     o4=0     o5=3261  o6=0     o7=2038 
[  11.99s] bloc   2         00  02  00  02  00  02  00  03  00  00  0c [c9] 00  00  07  f6 
                     o1=2     o2=2     o3=3     o4=0     o5=3273  o6=0     o7=2038 
[  11.99s] bloc   2         00  02  00  02  00  02  00  03  00  00  0c [d5] 00  00  07  f6 
                     o1=2     o2=2     o3=3     o4=0     o5=3285  o6=0     o7=2038 
[  11.99s] bloc   2         00  02  00  02  00  02  00  03  00  00  0c [e1] 00  00  07  f6 
                     o1=2     o2=2     o3=3     o4=0     o5=3297  o6=0     o7=2038 
[  12.00s] bloc   2         00  02  00  02  00  02  00  03  00  00  0c [ed] 00  00  07  f6 
                     o1=2     o2=2     o3=3     o4=0     o5=3309  o6=0     o7=2038 
[  12.00s] bloc   2         00  02  00  02  00  02  00  03  00  00  0c [f9] 00  00  07  f6 
                     o1=2     o2=2     o3=3     o4=0     o5=3321  o6=0     o7=2038 
[  12.00s] bloc   2         00  02  00  02  00  02  00  03  00  00 [0d][04] 00  00  07  f6 
                     o1=2     o2=2     o3=3     o4=0     o5=3332  o6=0     o7=2038 
[  12.00s] bloc   2         00  02  00  02  00  02  00  03  00  00  0d [10] 00  00  07  f6 
                     o1=2     o2=2     o3=3     o4=0     o5=3344  o6=0     o7=2038 
[  12.01s] bloc   2         00  02  00  02  00  02  00  03  00  00  0d [26] 00  00  07  f6 
                     o1=2     o2=2     o3=3     o4=0     o5=3366  o6=0     o7=2038 
[  12.01s] bloc   2         00  02  00  02  00  02  00  03  00  00  0d [31] 00  00  07  f6 
                     o1=2     o2=2     o3=3     o4=0     o5=3377  o6=0     o7=2038 
[  12.01s] bloc   2         00  02  00  02  00  02  00  03  00  00  0d [3c] 00  00  07  f6 
                     o1=2     o2=2     o3=3     o4=0     o5=3388  o6=0     o7=2038 
[  12.01s] bloc   2         00  02  00  02  00  02  00  03  00  00  0d [47] 00  00  07  f6 
                     o1=2     o2=2     o3=3     o4=0     o5=3399  o6=0     o7=2038 
[  12.01s] bloc   2         00  02  00  02  00  02  00  03  00  00  0d [52] 00  00  07  f6 
                     o1=2     o2=2     o3=3     o4=0     o5=3410  o6=0     o7=2038 
[  12.02s] bloc   2         00  02  00  02  00  02  00  03  00  00  0d [67] 00  00  07  f6 
                     o1=2     o2=2     o3=3     o4=0     o5=3431  o6=0     o7=2038 
[  12.02s] bloc   2         00  02  00  02  00  02  00  03  00  00  0d [74] 00  00  07  f6 
                     o1=2     o2=2     o3=3     o4=0     o5=3444  o6=0     o7=2038 
[  12.02s] bloc   2         00  02  00  02  00  02  00  03  00  00  0d [81] 00  00  07  f6 
                     o1=2     o2=2     o3=3     o4=0     o5=3457  o6=0     o7=2038 
[  12.03s] bloc   2         00  02  00  02  00  02  00  03  00  00  0d [8c] 00  00  07  f6 
                     o1=2     o2=2     o3=3     o4=0     o5=3468  o6=0     o7=2038 
[  12.03s] bloc   2         00  02  00  02  00  02  00  03  00  00  0d [97] 00  00  07  f6 
                     o1=2     o2=2     o3=3     o4=0     o5=3479  o6=0     o7=2038 
[  12.03s] bloc   2         00  02  00  02  00  02  00  03  00  00  0d [a3] 00  00  07  f6 
                     o1=2     o2=2     o3=3     o4=0     o5=3491  o6=0     o7=2038 
[  12.03s] bloc   2         00  02  00  02  00  02  00  03  00  00  0d [b8] 00  00  07  f6 
                     o1=2     o2=2     o3=3     o4=0     o5=3512  o6=0     o7=2038 
[  12.04s] bloc   2         00  02  00  02  00  02  00  03  00  00  0d [c3] 00  00  07  f6 
                     o1=2     o2=2     o3=3     o4=0     o5=3523  o6=0     o7=2038 
[  12.04s] bloc   2         00  02  00  02  00  02  00  03  00  00  0d [d0] 00  00  07  f6 
                     o1=2     o2=2     o3=3     o4=0     o5=3536  o6=0     o7=2038 
[  12.04s] bloc   2         00  02  00  02  00  02  00  03  00  00  0d [db] 00  00  07  f6 
                     o1=2     o2=2     o3=3     o4=0     o5=3547  o6=0     o7=2038 
[  12.04s] bloc   2         00  02  00  02  00  02  00  03  00  00  0d [e6] 00  00  07  f6 
                     o1=2     o2=2     o3=3     o4=0     o5=3558  o6=0     o7=2038 
[  12.05s] bloc   2         00  02  00  02  00  02  00  03  00  00  0d [f2] 00  00  07  f6 
                     o1=2     o2=2     o3=3     o4=0     o5=3570  o6=0     o7=2038 
[  12.05s] bloc   2         00  02  00  02  00  02  00  03  00  00  0d [fe] 00  00  07  f6 
                     o1=2     o2=2     o3=3     o4=0     o5=3582  o6=0     o7=2038 
[  12.05s] bloc   2         00  02  00  02  00  02  00  03  00  00 [0e][0b] 00  00  07  f6 
                     o1=2     o2=2     o3=3     o4=0     o5=3595  o6=0     o7=2038 
[  12.05s] bloc   2         00  02  00  02  00  02  00  03  00  00  0e [18] 00  00  07  f6 
                     o1=2     o2=2     o3=3     o4=0     o5=3608  o6=0     o7=2038 
[  12.06s] bloc   2         00  02  00  02  00  02  00  03  00  00  0e [2d] 00  00  07  f6 
                     o1=2     o2=2     o3=3     o4=0     o5=3629  o6=0     o7=2038 
[  12.06s] bloc   2         00  02  00  02  00  02  00  03  00  00  0e [3a] 00  00  07  f6 
                     o1=2     o2=2     o3=3     o4=0     o5=3642  o6=0     o7=2038 
[  12.06s] bloc   2         00  02  00  02  00  02  00  03  00  00  0e [45] 00  00  07  f6 
                     o1=2     o2=2     o3=3     o4=0     o5=3653  o6=0     o7=2038 
[  12.06s] bloc   2         00  02  00  02  00  02  00  03  00  00  0e [50] 00  00  07  f6 
                     o1=2     o2=2     o3=3     o4=0     o5=3664  o6=0     o7=2038 
[  12.06s] bloc   2         00  02  00  02  00  02  00  03  00  00  0e [5b] 00  00  07  f6 
                     o1=2     o2=2     o3=3     o4=0     o5=3675  o6=0     o7=2038 
[  12.07s] bloc   2         00  02  00  02  00  02  00  03  00  00  0e [68] 00  00  07  f6 
                     o1=2     o2=2     o3=3     o4=0     o5=3688  o6=0     o7=2038 
[  12.07s] bloc   2         00  02  00  02  00  02  00  03  00  00  0e [73] 00  00  07  f6 
                     o1=2     o2=2     o3=3     o4=0     o5=3699  o6=0     o7=2038 
[  12.07s] bloc   2         00  02  00  02  00  02  00  03  00  00  0e [89] 00  00  07  f6 
                     o1=2     o2=2     o3=3     o4=0     o5=3721  o6=0     o7=2038 
[  12.08s] bloc   2         00  02  00  02  00  02  00  03  00  00  0e [95] 00  00  07  f6 
                     o1=2     o2=2     o3=3     o4=0     o5=3733  o6=0     o7=2038 
[  12.08s] bloc   2         00  02  00  02  00  02  00  03  00  00  0e [a9] 00  00  07  f6 
                     o1=2     o2=2     o3=3     o4=0     o5=3753  o6=0     o7=2038 
[  12.08s] bloc   2         00  02  00  02  00  02  00  03  00  00  0e [bd] 00  00  07  f6 
                     o1=2     o2=2     o3=3     o4=0     o5=3773  o6=0     o7=2038 
[  12.09s] bloc   2         00  02  00  02  00  02  00  03  00  00  0e [c8] 00  00  07  f6 
                     o1=2     o2=2     o3=3     o4=0     o5=3784  o6=0     o7=2038 
[  12.09s] bloc   2         00  02  00  02  00  02  00  03  00  00  0e [d3] 00  00  07  f6 
                     o1=2     o2=2     o3=3     o4=0     o5=3795  o6=0     o7=2038 
[  12.09s] bloc   2         00  02  00  02  00  02  00  03  00  00  0e [df] 00  00  07  f6 
                     o1=2     o2=2     o3=3     o4=0     o5=3807  o6=0     o7=2038 
[  12.09s] bloc   2         00  02  00  02  00  02  00  03  00  00  0e [ea] 00  00  07  f6 
                     o1=2     o2=2     o3=3     o4=0     o5=3818  o6=0     o7=2038 
[  12.10s] bloc   2         00  02  00  02  00  02  00  03  00  00  0e [fa] 00  00  07  f6 
                     o1=2     o2=2     o3=3     o4=0     o5=3834  o6=0     o7=2038 
[  12.10s] bloc   2         00  02  00  02  00  02  00  03  00  00 [0f][0f] 00  00  07  f6 
                     o1=2     o2=2     o3=3     o4=0     o5=3855  o6=0     o7=2038 
[  12.10s] bloc   2         00  02  00  02  00  02  00  03  00  00  0f [1a] 00  00  07  f6 
                     o1=2     o2=2     o3=3     o4=0     o5=3866  o6=0     o7=2038 
[  12.11s] bloc   2         00  02  00  02  00  02  00  03  00  00  0f [2a] 00  00  07  f6 
                     o1=2     o2=2     o3=3     o4=0     o5=3882  o6=0     o7=2038 
[  12.11s] bloc   2         00  02  00  02  00  02  00  03  00  00  0f [3a] 00  00  07  f6 
                     o1=2     o2=2     o3=3     o4=0     o5=3898  o6=0     o7=2038 
[  12.12s] bloc   2         00  02  00  02  00  02  00  03  00  00  0f [48] 00  00  07  f6 
                     o1=2     o2=2     o3=3     o4=0     o5=3912  o6=0     o7=2038 
[  12.12s] bloc   2         00  02  00  02  00  02  00  03  00  00  0f [55] 00  00  07  f6 
                     o1=2     o2=2     o3=3     o4=0     o5=3925  o6=0     o7=2038 
[  12.13s] bloc   2         00  02  00  02  00  02  00  03  00  00  0f [63] 00  00  07  f6 
                     o1=2     o2=2     o3=3     o4=0     o5=3939  o6=0     o7=2038 
[  12.13s] bloc   2         00  02  00  02  00  02  00  03  00  00  0f [70] 00  00  07  f6 
                     o1=2     o2=2     o3=3     o4=0     o5=3952  o6=0     o7=2038 
[  12.13s] bloc   2         00  02  00  02  00  02  00  03  00  00  0f [7b] 00  00  07  f6 
                     o1=2     o2=2     o3=3     o4=0     o5=3963  o6=0     o7=2038 
[  12.14s] bloc   2         00  02  00  02  00  02  00  03  00  00  0f [87] 00  00  07  f6 
                     o1=2     o2=2     o3=3     o4=0     o5=3975  o6=0     o7=2038 
[  12.14s] bloc   2         00  02  00  02  00  02  00  03  00  00  0f [94] 00  00  07  f6 
                     o1=2     o2=2     o3=3     o4=0     o5=3988  o6=0     o7=2038 
[  12.15s] bloc   2         00  02  00  02  00  02  00  03  00  00  0f [a2] 00  00  07  f6 
                     o1=2     o2=2     o3=3     o4=0     o5=4002  o6=0     o7=2038 
[  12.15s] bloc   2         00  02  00  02  00  02  00  03  00  00  0f [ad] 00  00  07  f6 
                     o1=2     o2=2     o3=3     o4=0     o5=4013  o6=0     o7=2038 
[  12.16s] bloc   2         00  02  00  02  00  02  00  03  00  00  0f [bd] 00  00  07  f6 
                     o1=2     o2=2     o3=3     o4=0     o5=4029  o6=0     o7=2038 
[  12.17s] bloc   2         00  02  00  02  00  02  00  03  00  00  0f [c9] 00  00  07  f6 
                     o1=2     o2=2     o3=3     o4=0     o5=4041  o6=0     o7=2038 
[  12.17s] bloc   2         00  02  00  02  00  02  00  03  00  00  0f [d6] 00  00  07  f6 
                     o1=2     o2=2     o3=3     o4=0     o5=4054  o6=0     o7=2038 
[  12.18s] bloc   2         00  02  00  02  00  02  00  03  00  00  0f [e5] 00  00  07  f6 
                     o1=2     o2=2     o3=3     o4=0     o5=4069  o6=0     o7=2038 
[  12.18s] bloc   2         00  02  00  02  00  02  00  03  00  00  0f [f1] 00  00  07  f6 
                     o1=2     o2=2     o3=3     o4=0     o5=4081  o6=0     o7=2038 
[  12.20s] bloc   2         00  02  00  02  00  02  00  03  00  00  0f [ff] 00  00  07  f6 
                     o1=2     o2=2     o3=3     o4=0     o5=4095  o6=0     o7=2038 
[  12.47s] … 2142 blocs recus depuis 3 s, aucun changement (total 2664)
[  12.86s] bloc   2         00  02  00  02  00  02  00  03  00  00  0f [ed] 00  00  07  f6 
                     o1=2     o2=2     o3=3     o4=0     o5=4077  o6=0     o7=2038 
[  12.87s] bloc   2         00  02  00  02  00  02  00  03  00  00  0f [dd] 00  00  07  f6 
                     o1=2     o2=2     o3=3     o4=0     o5=4061  o6=0     o7=2038 
[  12.87s] bloc   2         00  02  00  02  00  02  00  03  00  00  0f [cc] 00  00  07  f6 
                     o1=2     o2=2     o3=3     o4=0     o5=4044  o6=0     o7=2038 
[  12.88s] bloc   2         00  02  00  02  00  02  00  03  00  00  0f [bd] 00  00  07  f6 
                     o1=2     o2=2     o3=3     o4=0     o5=4029  o6=0     o7=2038 
[  12.88s] bloc   2         00  02  00  02  00  02  00  03  00  00  0f [ac] 00  00  07  f6 
                     o1=2     o2=2     o3=3     o4=0     o5=4012  o6=0     o7=2038 
[  12.88s] bloc   2         00  02  00  02  00  02  00  03  00  00  0f [97] 00  00  07  f6 
                     o1=2     o2=2     o3=3     o4=0     o5=3991  o6=0     o7=2038 
[  12.89s] bloc   2         00  02  00  02  00  02  00  03  00  00  0f [86] 00  00  07  f6 
                     o1=2     o2=2     o3=3     o4=0     o5=3974  o6=0     o7=2038 
[  12.89s] bloc   2         00  02  00  02  00  02  00  03  00  00  0f [77] 00  00  07  f6 
                     o1=2     o2=2     o3=3     o4=0     o5=3959  o6=0     o7=2038 
[  12.90s] bloc   2         00  02  00  02  00  02  00  03  00  00  0f [65] 00  00  07  f6 
                     o1=2     o2=2     o3=3     o4=0     o5=3941  o6=0     o7=2038 
[  12.90s] bloc   2         00  02  00  02  00  02  00  03  00  00  0f [56] 00  00  07  f6 
                     o1=2     o2=2     o3=3     o4=0     o5=3926  o6=0     o7=2038 
[  12.91s] bloc   2         00  02  00  02  00  02  00  03  00  00  0f [49] 00  00  07  f6 
                     o1=2     o2=2     o3=3     o4=0     o5=3913  o6=0     o7=2038 
[  12.91s] bloc   2         00  02  00  02  00  02  00  03  00  00  0f [36] 00  00  07  f6 
                     o1=2     o2=2     o3=3     o4=0     o5=3894  o6=0     o7=2038 
[  12.91s] bloc   2         00  02  00  02  00  02  00  03  00  00  0f [28] 00  00  07  f6 
                     o1=2     o2=2     o3=3     o4=0     o5=3880  o6=0     o7=2038 
[  12.92s] bloc   2         00  02  00  02  00  02  00  03  00  00  0f [17] 00  00  07  f6 
                     o1=2     o2=2     o3=3     o4=0     o5=3863  o6=0     o7=2038 
[  12.92s] bloc   2         00  02  00  02  00  02  00  03  00  00  0f [06] 00  00  07  f6 
                     o1=2     o2=2     o3=3     o4=0     o5=3846  o6=0     o7=2038 
[  12.93s] bloc   2         00  02  00  02  00  02  00  03  00  00 [0e][f8] 00  00  07  f6 
                     o1=2     o2=2     o3=3     o4=0     o5=3832  o6=0     o7=2038 
[  12.93s] bloc   2         00  02  00  02  00  02  00  03  00  00  0e [eb] 00  00  07  f6 
                     o1=2     o2=2     o3=3     o4=0     o5=3819  o6=0     o7=2038 
[  12.94s] bloc   2         00  02  00  02  00  02  00  03  00  00  0e [dc] 00  00  07  f6 
                     o1=2     o2=2     o3=3     o4=0     o5=3804  o6=0     o7=2038 
[  12.94s] bloc   2         00  02  00  02  00  02  00  03  00  00  0e [cc] 00  00  07  f6 
                     o1=2     o2=2     o3=3     o4=0     o5=3788  o6=0     o7=2038 
[  12.94s] bloc   2         00  02  00  02  00  02  00  03  00  00  0e [bf] 00  00  07  f6 
                     o1=2     o2=2     o3=3     o4=0     o5=3775  o6=0     o7=2038 
[  12.95s] bloc   2         00  02  00  02  00  02  00  03  00  00  0e [ae] 00  00  07  f6 
                     o1=2     o2=2     o3=3     o4=0     o5=3758  o6=0     o7=2038 
[  12.96s] bloc   2         00  02  00  02  00  02  00  03  00  00  0e [a2] 00  00  07  f6 
                     o1=2     o2=2     o3=3     o4=0     o5=3746  o6=0     o7=2038 
[  12.96s] bloc   2         00  02  00  02  00  02  00  03  00  00  0e [95] 00  00  07  f6 
                     o1=2     o2=2     o3=3     o4=0     o5=3733  o6=0     o7=2038 
[  12.96s] bloc   2         00  02  00  02  00  02  00  03  00  00  0e [8a] 00  00  07  f6 
                     o1=2     o2=2     o3=3     o4=0     o5=3722  o6=0     o7=2038 
[  12.97s] bloc   2         00  02  00  02  00  02  00  03  00  00  0e [7b] 00  00  07  f6 
                     o1=2     o2=2     o3=3     o4=0     o5=3707  o6=0     o7=2038 
[  12.97s] bloc   2         00  02  00  02  00  02  00  03  00  00  0e [70] 00  00  07  f6 
                     o1=2     o2=2     o3=3     o4=0     o5=3696  o6=0     o7=2038 
[  12.98s] bloc   2         00  02  00  02  00  02  00  03  00  00  0e [62] 00  00  07  f6 
                     o1=2     o2=2     o3=3     o4=0     o5=3682  o6=0     o7=2038 
[  12.99s] bloc   2         00  02  00  02  00  02  00  03  00  00  0e [54] 00  00  07  f6 
                     o1=2     o2=2     o3=3     o4=0     o5=3668  o6=0     o7=2038 
[  13.00s] bloc   2         00  02  00  02  00  02  00  03  00  00  0e [48] 00  00  07  f6 
                     o1=2     o2=2     o3=3     o4=0     o5=3656  o6=0     o7=2038 
[  13.00s] bloc   2         00  02  00  02  00  02  00  03  00  00  0e [3c] 00  00  07  f6 
                     o1=2     o2=2     o3=3     o4=0     o5=3644  o6=0     o7=2038 
[  13.01s] bloc   2         00  02  00  02  00  02  00  03  00  00  0e [31] 00  00  07  f6 
                     o1=2     o2=2     o3=3     o4=0     o5=3633  o6=0     o7=2038 
[  13.01s] bloc   2         00  02  00  02  00  02  00  03  00  00  0e [23] 00  00  07  f6 
                     o1=2     o2=2     o3=3     o4=0     o5=3619  o6=0     o7=2038 
[  13.02s] bloc   2         00  02  00  02  00  02  00  03  00  00  0e [17] 00  00  07  f6 
                     o1=2     o2=2     o3=3     o4=0     o5=3607  o6=0     o7=2038 
[  13.03s] bloc   2         00  02  00  02  00  02  00  03  00  00  0e [09] 00  00  07  f6 
                     o1=2     o2=2     o3=3     o4=0     o5=3593  o6=0     o7=2038 
[  13.03s] bloc   2         00  02  00  02  00  02  00  03  00  00 [0d][fd] 00  00  07  f6 
                     o1=2     o2=2     o3=3     o4=0     o5=3581  o6=0     o7=2038 
[  13.04s] bloc   2         00  02  00  02  00  02  00  03  00  00  0d [f0] 00  00  07  f6 
                     o1=2     o2=2     o3=3     o4=0     o5=3568  o6=0     o7=2038 
[  13.05s] bloc   2         00  02  00  02  00  02  00  03  00  00  0d [e3] 00  00  07  f6 
                     o1=2     o2=2     o3=3     o4=0     o5=3555  o6=0     o7=2038 
[  13.05s] bloc   2         00  02  00  02  00  02  00  03  00  00  0d [d8] 00  00  07  f6 
                     o1=2     o2=2     o3=3     o4=0     o5=3544  o6=0     o7=2038 
[  13.06s] bloc   2         00  02  00  02  00  02  00  03  00  00  0d [c9] 00  00  07  f6 
                     o1=2     o2=2     o3=3     o4=0     o5=3529  o6=0     o7=2038 
[  13.07s] bloc   2         00  02  00  02  00  02  00  03  00  00  0d [bb] 00  00  07  f6 
                     o1=2     o2=2     o3=3     o4=0     o5=3515  o6=0     o7=2038 
[  13.08s] bloc   2         00  02  00  02  00  02  00  03  00  00  0d [ad] 00  00  07  f6 
                     o1=2     o2=2     o3=3     o4=0     o5=3501  o6=0     o7=2038 
[  13.08s] bloc   2         00  02  00  02  00  02  00  03  00  00  0d [a1] 00  00  07  f6 
                     o1=2     o2=2     o3=3     o4=0     o5=3489  o6=0     o7=2038 
[  13.09s] bloc   2         00  02  00  02  00  02  00  03  00  00  0d [95] 00  00  07  f6 
                     o1=2     o2=2     o3=3     o4=0     o5=3477  o6=0     o7=2038 
[  13.10s] bloc   2         00  02  00  02  00  02  00  03  00  00  0d [86] 00  00  07  f6 
                     o1=2     o2=2     o3=3     o4=0     o5=3462  o6=0     o7=2038 
[  13.11s] bloc   2         00  02  00  02  00  02  00  03  00  00  0d [7a] 00  00  07  f6 
                     o1=2     o2=2     o3=3     o4=0     o5=3450  o6=0     o7=2038 
[  13.11s] bloc   2         00  02  00  02  00  02  00  03  00  00  0d [6c] 00  00  07  f6 
                     o1=2     o2=2     o3=3     o4=0     o5=3436  o6=0     o7=2038 
[  13.12s] bloc   2         00  02  00  02  00  02  00  03  00  00  0d [60] 00  00  07  f6 
                     o1=2     o2=2     o3=3     o4=0     o5=3424  o6=0     o7=2038 
[  13.13s] bloc   2         00  02  00  02  00  02  00  03  00  00  0d [55] 00  00  07  f6 
                     o1=2     o2=2     o3=3     o4=0     o5=3413  o6=0     o7=2038 
[  13.13s] bloc   2         00  02  00  02  00  02  00  03  00  00  0d [45] 00  00  07  f6 
                     o1=2     o2=2     o3=3     o4=0     o5=3397  o6=0     o7=2038 
[  13.14s] bloc   2         00  02  00  02  00  02  00  03  00  00  0d [38] 00  00  07  f6 
                     o1=2     o2=2     o3=3     o4=0     o5=3384  o6=0     o7=2038 
[  13.14s] bloc   2         00  02  00  02  00  02  00  03  00  00  0d [2a] 00  00  07  f6 
                     o1=2     o2=2     o3=3     o4=0     o5=3370  o6=0     o7=2038 
[  13.15s] bloc   2         00  02  00  02  00  02  00  03  00  00  0d [1d] 00  00  07  f6 
                     o1=2     o2=2     o3=3     o4=0     o5=3357  o6=0     o7=2038 
[  13.16s] bloc   2         00  02  00  02  00  02  00  03  00  00  0d [11] 00  00  07  f6 
                     o1=2     o2=2     o3=3     o4=0     o5=3345  o6=0     o7=2038 
[  13.16s] bloc   2         00  02  00  02  00  02  00  03  00  00  0d [02] 00  00  07  f6 
                     o1=2     o2=2     o3=3     o4=0     o5=3330  o6=0     o7=2038 
[  13.17s] bloc   2         00  02  00  02  00  02  00  03  00  00 [0c][f3] 00  00  07  f6 
                     o1=2     o2=2     o3=3     o4=0     o5=3315  o6=0     o7=2038 
[  13.17s] bloc   2         00  02  00  02  00  02  00  03  00  00  0c [e7] 00  00  07  f6 
                     o1=2     o2=2     o3=3     o4=0     o5=3303  o6=0     o7=2038 
[  13.18s] bloc   2         00  02  00  02  00  02  00  03  00  00  0c [d9] 00  00  07  f6 
                     o1=2     o2=2     o3=3     o4=0     o5=3289  o6=0     o7=2038 
[  13.19s] bloc   2         00  02  00  02  00  02  00  03  00  00  0c [cb] 00  00  07  f6 
                     o1=2     o2=2     o3=3     o4=0     o5=3275  o6=0     o7=2038 
[  13.19s] bloc   2         00  02  00  02  00  02  00  03  00  00  0c [bc] 00  00  07  f6 
                     o1=2     o2=2     o3=3     o4=0     o5=3260  o6=0     o7=2038 
[  13.20s] bloc   2         00  02  00  02  00  02  00  03  00  00  0c [b1] 00  00  07  f6 
                     o1=2     o2=2     o3=3     o4=0     o5=3249  o6=0     o7=2038 
[  13.21s] bloc   2         00  02  00  02  00  02  00  03  00  00  0c [a3] 00  00  07  f6 
                     o1=2     o2=2     o3=3     o4=0     o5=3235  o6=0     o7=2038 
[  13.21s] bloc   2         00  02  00  02  00  02  00  03  00  00  0c [97] 00  00  07  f6 
                     o1=2     o2=2     o3=3     o4=0     o5=3223  o6=0     o7=2038 
[  13.22s] bloc   2         00  02  00  02  00  02  00  03  00  00  0c [89] 00  00  07  f6 
                     o1=2     o2=2     o3=3     o4=0     o5=3209  o6=0     o7=2038 
[  13.23s] bloc   2         00  02  00  02  00  02  00  03  00  00  0c [7d] 00  00  07  f6 
                     o1=2     o2=2     o3=3     o4=0     o5=3197  o6=0     o7=2038 
[  13.23s] bloc   2         00  02  00  02  00  02  00  03  00  00  0c [6f] 00  00  07  f6 
                     o1=2     o2=2     o3=3     o4=0     o5=3183  o6=0     o7=2038 
[  13.24s] bloc   2         00  02  00  02  00  02  00  03  00  00  0c [62] 00  00  07  f6 
                     o1=2     o2=2     o3=3     o4=0     o5=3170  o6=0     o7=2038 
[  13.25s] bloc   2         00  02  00  02  00  02  00  03  00  00  0c [56] 00  00  07  f6 
                     o1=2     o2=2     o3=3     o4=0     o5=3158  o6=0     o7=2038 
[  13.25s] bloc   2         00  02  00  02  00  02  00  03  00  00  0c [4a] 00  00  07  f6 
                     o1=2     o2=2     o3=3     o4=0     o5=3146  o6=0     o7=2038 
[  13.26s] bloc   2         00  02  00  02  00  02  00  03  00  00  0c [3b] 00  00  07  f6 
                     o1=2     o2=2     o3=3     o4=0     o5=3131  o6=0     o7=2038 
[  13.27s] bloc   2         00  02  00  02  00  02  00  03  00  00  0c [2c] 00  00  07  f6 
                     o1=2     o2=2     o3=3     o4=0     o5=3116  o6=0     o7=2038 
[  13.27s] bloc   2         00  02  00  02  00  02  00  03  00  00  0c [21] 00  00  07  f6 
                     o1=2     o2=2     o3=3     o4=0     o5=3105  o6=0     o7=2038 
[  13.28s] bloc   2         00  02  00  02  00  02  00  03  00  00  0c [12] 00  00  07  f6 
                     o1=2     o2=2     o3=3     o4=0     o5=3090  o6=0     o7=2038 
[  13.28s] bloc   2         00  02  00  02  00  02  00  03  00  00  0c [05] 00  00  07  f6 
                     o1=2     o2=2     o3=3     o4=0     o5=3077  o6=0     o7=2038 
[  13.29s] bloc   2         00  02  00  02  00  02  00  03  00  00 [0b][fa] 00  00  07  f6 
                     o1=2     o2=2     o3=3     o4=0     o5=3066  o6=0     o7=2038 
[  13.30s] bloc   2         00  02  00  02  00  02  00  03  00  00  0b [ef] 00  00  07  f6 
                     o1=2     o2=2     o3=3     o4=0     o5=3055  o6=0     o7=2038 
[  13.30s] bloc   2         00  02  00  02  00  02  00  03  00  00  0b [e2] 00  00  07  f6 
                     o1=2     o2=2     o3=3     o4=0     o5=3042  o6=0     o7=2038 
[  13.31s] bloc   2         00  02  00  02  00  02  00  03  00  00  0b [d7] 00  00  07  f6 
                     o1=2     o2=2     o3=3     o4=0     o5=3031  o6=0     o7=2038 
[  13.31s] bloc   2         00  02  00  02  00  02  00  03  00  00  0b [ca] 00  00  07  f6 
                     o1=2     o2=2     o3=3     o4=0     o5=3018  o6=0     o7=2038 
[  13.32s] bloc   2         00  02  00  02  00  02  00  03  00  00  0b [bd] 00  00  07  f6 
                     o1=2     o2=2     o3=3     o4=0     o5=3005  o6=0     o7=2038 
[  13.32s] bloc   2         00  02  00  02  00  02  00  03  00  00  0b [b1] 00  00  07  f6 
                     o1=2     o2=2     o3=3     o4=0     o5=2993  o6=0     o7=2038 
[  13.33s] bloc   2         00  02  00  02  00  02  00  03  00  00  0b [a5] 00  00  07  f6 
                     o1=2     o2=2     o3=3     o4=0     o5=2981  o6=0     o7=2038 
[  13.34s] bloc   2         00  02  00  02  00  02  00  03  00  00  0b [98] 00  00  07  f6 
                     o1=2     o2=2     o3=3     o4=0     o5=2968  o6=0     o7=2038 
[  13.34s] bloc   2         00  02  00  02  00  02  00  03  00  00  0b [89] 00  00  07  f6 
                     o1=2     o2=2     o3=3     o4=0     o5=2953  o6=0     o7=2038 
[  13.35s] bloc   2         00  02  00  02  00  02  00  03  00  00  0b [7e] 00  00  07  f6 
                     o1=2     o2=2     o3=3     o4=0     o5=2942  o6=0     o7=2038 
[  13.36s] bloc   2         00  02  00  02  00  02  00  03  00  00  0b [71] 00  00  07  f6 
                     o1=2     o2=2     o3=3     o4=0     o5=2929  o6=0     o7=2038 
[  13.36s] bloc   2         00  02  00  02  00  02  00  03  00  00  0b [64] 00  00  07  f6 
                     o1=2     o2=2     o3=3     o4=0     o5=2916  o6=0     o7=2038 
[  13.37s] bloc   2         00  02  00  02  00  02  00  03  00  00  0b [57] 00  00  07  f6 
                     o1=2     o2=2     o3=3     o4=0     o5=2903  o6=0     o7=2038 
[  13.38s] bloc   2         00  02  00  02  00  02  00  03  00  00  0b [4c] 00  00  07  f6 
                     o1=2     o2=2     o3=3     o4=0     o5=2892  o6=0     o7=2038 
[  13.38s] bloc   2         00  02  00  02  00  02  00  03  00  00  0b [3f] 00  00  07  f6 
                     o1=2     o2=2     o3=3     o4=0     o5=2879  o6=0     o7=2038 
[  13.39s] bloc   2         00  02  00  02  00  02  00  03  00  00  0b [34] 00  00  07  f6 
                     o1=2     o2=2     o3=3     o4=0     o5=2868  o6=0     o7=2038 
[  13.40s] bloc   2         00  02  00  02  00  02  00  03  00  00  0b [25] 00  00  07  f6 
                     o1=2     o2=2     o3=3     o4=0     o5=2853  o6=0     o7=2038 
[  13.41s] bloc   2         00  02  00  02  00  02  00  03  00  00  0b [18] 00  00  07  f6 
                     o1=2     o2=2     o3=3     o4=0     o5=2840  o6=0     o7=2038 
[  13.41s] bloc   2         00  02  00  02  00  02  00  03  00  00  0b [0a] 00  00  07  f6 
                     o1=2     o2=2     o3=3     o4=0     o5=2826  o6=0     o7=2038 
[  13.42s] bloc   2         00  02  00  02  00  02  00  03  00  00 [0a][ff] 00  00  07  f6 
                     o1=2     o2=2     o3=3     o4=0     o5=2815  o6=0     o7=2038 
[  13.43s] bloc   2         00  02  00  02  00  02  00  03  00  00  0a [f1] 00  00  07  f6 
                     o1=2     o2=2     o3=3     o4=0     o5=2801  o6=0     o7=2038 
[  13.43s] bloc   2         00  02  00  02  00  02  00  03  00  00  0a [e5] 00  00  07  f6 
                     o1=2     o2=2     o3=3     o4=0     o5=2789  o6=0     o7=2038 
[  13.44s] bloc   2         00  02  00  02  00  02  00  03  00  00  0a [d7] 00  00  07  f6 
                     o1=2     o2=2     o3=3     o4=0     o5=2775  o6=0     o7=2038 
[  13.45s] bloc   2         00  02  00  02  00  02  00  03  00  00  0a [ca] 00  00  07  f6 
                     o1=2     o2=2     o3=3     o4=0     o5=2762  o6=0     o7=2038 
[  13.45s] bloc   2         00  02  00  02  00  02  00  03  00  00  0a [be] 00  00  07  f6 
                     o1=2     o2=2     o3=3     o4=0     o5=2750  o6=0     o7=2038 
[  13.46s] bloc   2         00  02  00  02  00  02  00  03  00  00  0a [b1] 00  00  07  f6 
                     o1=2     o2=2     o3=3     o4=0     o5=2737  o6=0     o7=2038 
[  13.47s] bloc   2         00  02  00  02  00  02  00  03  00  00  0a [a4] 00  00  07  f6 
                     o1=2     o2=2     o3=3     o4=0     o5=2724  o6=0     o7=2038 
[  13.48s] bloc   2         00  02  00  02  00  02  00  03  00  00  0a [98] 00  00  07  f6 
                     o1=2     o2=2     o3=3     o4=0     o5=2712  o6=0     o7=2038 
[  13.48s] bloc   2         00  02  00  02  00  02  00  03  00  00  0a [8b] 00  00  07  f6 
                     o1=2     o2=2     o3=3     o4=0     o5=2699  o6=0     o7=2038 
[  13.49s] bloc   2         00  02  00  02  00  02  00  03  00  00  0a [7d] 00  00  07  f6 
                     o1=2     o2=2     o3=3     o4=0     o5=2685  o6=0     o7=2038 
[  13.50s] bloc   2         00  02  00  02  00  02  00  03  00  00  0a [71] 00  00  07  f6 
                     o1=2     o2=2     o3=3     o4=0     o5=2673  o6=0     o7=2038 
[  13.51s] bloc   2         00  02  00  02  00  02  00  03  00  00  0a [63] 00  00  07  f6 
                     o1=2     o2=2     o3=3     o4=0     o5=2659  o6=0     o7=2038 
[  13.51s] bloc   2         00  02  00  02  00  02  00  03  00  00  0a [57] 00  00  07  f6 
                     o1=2     o2=2     o3=3     o4=0     o5=2647  o6=0     o7=2038 
[  13.52s] bloc   2         00  02  00  02  00  02  00  03  00  00  0a [4c] 00  00  07  f6 
                     o1=2     o2=2     o3=3     o4=0     o5=2636  o6=0     o7=2038 
[  13.52s] bloc   2         00  02  00  02  00  02  00  03  00  00  0a [41] 00  00  07  f6 
                     o1=2     o2=2     o3=3     o4=0     o5=2625  o6=0     o7=2038 
[  13.53s] bloc   2         00  02  00  02  00  02  00  03  00  00  0a [33] 00  00  07  f6 
                     o1=2     o2=2     o3=3     o4=0     o5=2611  o6=0     o7=2038 
[  13.54s] bloc   2         00  02  00  02  00  02  00  03  00  00  0a [27] 00  00  07  f6 
                     o1=2     o2=2     o3=3     o4=0     o5=2599  o6=0     o7=2038 
[  13.54s] bloc   2         00  02  00  02  00  02  00  03  00  00  0a [1c] 00  00  07  f6 
                     o1=2     o2=2     o3=3     o4=0     o5=2588  o6=0     o7=2038 
[  13.55s] bloc   2         00  02  00  02  00  02  00  03  00  00  0a [11] 00  00  07  f6 
                     o1=2     o2=2     o3=3     o4=0     o5=2577  o6=0     o7=2038 
[  13.56s] bloc   2         00  02  00  02  00  02  00  03  00  00  0a [04] 00  00  07  f6 
                     o1=2     o2=2     o3=3     o4=0     o5=2564  o6=0     o7=2038 
[  13.56s] bloc   2         00  02  00  02  00  02  00  03  00  00 [09][f8] 00  00  07  f6 
                     o1=2     o2=2     o3=3     o4=0     o5=2552  o6=0     o7=2038 
[  13.57s] bloc   2         00  02  00  02  00  02  00  03  00  00  09 [ed] 00  00  07  f6 
                     o1=2     o2=2     o3=3     o4=0     o5=2541  o6=0     o7=2038 
[  13.58s] bloc   2         00  02  00  02  00  02  00  03  00  00  09 [df] 00  00  07  f6 
                     o1=2     o2=2     o3=3     o4=0     o5=2527  o6=0     o7=2038 
[  13.59s] bloc   2         00  02  00  02  00  02  00  03  00  00  09 [d3] 00  00  07  f6 
                     o1=2     o2=2     o3=3     o4=0     o5=2515  o6=0     o7=2038 
[  13.59s] bloc   2         00  02  00  02  00  02  00  03  00  00  09 [c8] 00  00  07  f6 
                     o1=2     o2=2     o3=3     o4=0     o5=2504  o6=0     o7=2038 
[  13.60s] bloc   2         00  02  00  02  00  02  00  03  00  00  09 [bc] 00  00  07  f6 
                     o1=2     o2=2     o3=3     o4=0     o5=2492  o6=0     o7=2038 
[  13.61s] bloc   2         00  02  00  02  00  02  00  03  00  00  09 [ae] 00  00  07  f6 
                     o1=2     o2=2     o3=3     o4=0     o5=2478  o6=0     o7=2038 
[  13.62s] bloc   2         00  02  00  02  00  02  00  03  00  00  09 [a3] 00  00  07  f6 
                     o1=2     o2=2     o3=3     o4=0     o5=2467  o6=0     o7=2038 
[  13.63s] bloc   2         00  02  00  02  00  02  00  03  00  00  09 [96] 00  00  07  f6 
                     o1=2     o2=2     o3=3     o4=0     o5=2454  o6=0     o7=2038 
[  13.63s] bloc   2         00  02  00  02  00  02  00  03  00  00  09 [8b] 00  00  07  f6 
                     o1=2     o2=2     o3=3     o4=0     o5=2443  o6=0     o7=2038 
[  13.64s] bloc   2         00  02  00  02  00  02  00  03  00  00  09 [80] 00  00  07  f6 
                     o1=2     o2=2     o3=3     o4=0     o5=2432  o6=0     o7=2038 
[  13.65s] bloc   2         00  02  00  02  00  02  00  03  00  00  09 [72] 00  00  07  f6 
                     o1=2     o2=2     o3=3     o4=0     o5=2418  o6=0     o7=2038 
[  13.65s] bloc   2         00  02  00  02  00  02  00  03  00  00  09 [64] 00  00  07  f6 
                     o1=2     o2=2     o3=3     o4=0     o5=2404  o6=0     o7=2038 
[  13.66s] bloc   2         00  02  00  02  00  02  00  03  00  00  09 [57] 00  00  07  f6 
                     o1=2     o2=2     o3=3     o4=0     o5=2391  o6=0     o7=2038 
[  13.67s] bloc   2         00  02  00  02  00  02  00  03  00  00  09 [48] 00  00  07  f6 
                     o1=2     o2=2     o3=3     o4=0     o5=2376  o6=0     o7=2038 
[  13.67s] bloc   2         00  02  00  02  00  02  00  03  00  00  09 [3b] 00  00  07  f6 
                     o1=2     o2=2     o3=3     o4=0     o5=2363  o6=0     o7=2038 
[  13.68s] bloc   2         00  02  00  02  00  02  00  03  00  00  09 [2c] 00  00  07  f6 
                     o1=2     o2=2     o3=3     o4=0     o5=2348  o6=0     o7=2038 
[  13.69s] bloc   2         00  02  00  02  00  02  00  03  00  00  09 [1d] 00  00  07  f6 
                     o1=2     o2=2     o3=3     o4=0     o5=2333  o6=0     o7=2038 
[  13.69s] bloc   2         00  02  00  02  00  02  00  03  00  00  09 [10] 00  00  07  f6 
                     o1=2     o2=2     o3=3     o4=0     o5=2320  o6=0     o7=2038 
[  13.70s] bloc   2         00  02  00  02  00  02  00  03  00  00  09 [04] 00  00  07  f6 
                     o1=2     o2=2     o3=3     o4=0     o5=2308  o6=0     o7=2038 
[  13.70s] bloc   2         00  02  00  02  00  02  00  03  00  00 [08][f6] 00  00  07  f6 
                     o1=2     o2=2     o3=3     o4=0     o5=2294  o6=0     o7=2038 
[  13.71s] bloc   2         00  02  00  02  00  02  00  03  00  00  08 [e9] 00  00  07  f6 
                     o1=2     o2=2     o3=3     o4=0     o5=2281  o6=0     o7=2038 
[  13.71s] bloc   2         00  02  00  02  00  02  00  03  00  00  08 [d9] 00  00  07  f6 
                     o1=2     o2=2     o3=3     o4=0     o5=2265  o6=0     o7=2038 
[  13.72s] bloc   2         00  02  00  02  00  02  00  03  00  00  08 [cd] 00  00  07  f6 
                     o1=2     o2=2     o3=3     o4=0     o5=2253  o6=0     o7=2038 
[  13.72s] bloc   2         00  02  00  02  00  02  00  03  00  00  08 [c0] 00  00  07  f6 
                     o1=2     o2=2     o3=3     o4=0     o5=2240  o6=0     o7=2038 
[  13.73s] bloc   2         00  02  00  02  00  02  00  03  00  00  08 [b3] 00  00  07  f6 
                     o1=2     o2=2     o3=3     o4=0     o5=2227  o6=0     o7=2038 
[  13.74s] bloc   2         00  02  00  02  00  02  00  03  00  00  08 [a6] 00  00  07  f6 
                     o1=2     o2=2     o3=3     o4=0     o5=2214  o6=0     o7=2038 
[  13.74s] bloc   2         00  02  00  02  00  02  00  03  00  00  08 [9b] 00  00  07  f6 
                     o1=2     o2=2     o3=3     o4=0     o5=2203  o6=0     o7=2038 
[  13.75s] bloc   2         00  02  00  02  00  02  00  03  00  00  08 [90] 00  00  07  f6 
                     o1=2     o2=2     o3=3     o4=0     o5=2192  o6=0     o7=2038 
[  13.75s] bloc   2         00  02  00  02  00  02  00  03  00  00  08 [83] 00  00  07  f6 
                     o1=2     o2=2     o3=3     o4=0     o5=2179  o6=0     o7=2038 
[  13.76s] bloc   2         00  02  00  02  00  02  00  03  00  00  08 [78] 00  00  07  f6 
                     o1=2     o2=2     o3=3     o4=0     o5=2168  o6=0     o7=2038 
[  13.76s] bloc   2         00  02  00  02  00  02  00  03  00  00  08 [69] 00  00  07  f6 
                     o1=2     o2=2     o3=3     o4=0     o5=2153  o6=0     o7=2038 
[  13.77s] bloc   2         00  02  00  02  00  02  00  03  00  00  08 [5d] 00  00  07  f6 
                     o1=2     o2=2     o3=3     o4=0     o5=2141  o6=0     o7=2038 
[  13.77s] bloc   2         00  02  00  02  00  02  00  03  00  00  08 [4d] 00  00  07  f6 
                     o1=2     o2=2     o3=3     o4=0     o5=2125  o6=0     o7=2038 
[  13.78s] bloc   2         00  02  00  02  00  02  00  03  00  00  08 [38] 00  00  07  f6 
                     o1=2     o2=2     o3=3     o4=0     o5=2104  o6=0     o7=2038 
[  13.78s] bloc   2         00  02  00  02  00  02  00  03  00  00  08 [2d] 00  00  07  f6 
                     o1=2     o2=2     o3=3     o4=0     o5=2093  o6=0     o7=2038 
[  13.78s] bloc   2         00  02  00  02  00  02  00  03  00  00  08 [1f] 00  00  07  f6 
                     o1=2     o2=2     o3=3     o4=0     o5=2079  o6=0     o7=2038 
[  13.80s] bloc   2         00  02  00  02  00  02  00  03  00  00  08 [14] 00  00  07  f6 
                     o1=2     o2=2     o3=3     o4=0     o5=2068  o6=0     o7=2038 
[  15.70s] … 912 blocs recus depuis 3 s, aucun changement (total 3576)
[  18.77s] … plus aucun bloc ne parvient (total 3576)

Arret. 3576 blocs recus au total.
