sonde-s4mk1 — surveillance (17cc:baff)
Mode brut : blocs hexadecimaux, octets modifies encadres.
Ctrl-C pour arreter.

✅ S4 arme.
   (GET_DEVICE_INFO sans reponse — non bloquant)
   Bouge un controle : seuls les blocs qui changent s'affichent.

[   2.80s] bloc   0 (ref)   00  00  c0  00  00  00  90  00  00  00  00  00  00  00  c0  00 
                     boutons enfonces : [20, 23, 86, 87]
[   2.80s] bloc   1 (ref)   00  01  a9  00  f0  ff  ff  ff  00  02  00  03  30  01  27  71 
                     jog G=2    jog D=1     encodeurs [0, 15, 0, 15, 15, 15, 15, 15, 15]
[   2.80s] bloc   2 (ref)   00  02  00  02  00  02  00  03  00  00  08  09  00  00  07  f6 
                     o1=2     o2=2     o3=3     o4=0     o5=2057  o6=0     o7=2038 
[   2.80s] bloc   3 (ref)   00  03  00  00  00  00  08  0f  08  10  00  00  00  00  00  00 
                     o1=0     o2=0     o3=2063  o4=2064  o5=0     o6=0     o7=0    
[   2.80s] bloc   4 (ref)   00  04  0b  e2  0c  10  08  2b  08  2b  08  25  07  fe  08  2c 
                     o1=3042  o2=3088  o3=2091  o4=2091  o5=2085  o6=2046  o7=2092 
[   2.80s] bloc   5 (ref)   00  05  08  0d  08  04  08  36  08  07  08  26  08  54  08  1e 
                     o1=2061  o2=2052  o3=2102  o4=2055  o5=2086  o6=2132  o7=2078 
[   2.80s] bloc   6 (ref)   00  06  08  0c  08  05  08  3e  08  1f  08  1c  08  20  08  36 
                     o1=2060  o2=2053  o3=2110  o4=2079  o5=2076  o6=2080  o7=2102 
[   2.80s] bloc   7 (ref)   00  07  08  24  07  dd  08  14  08  35  08  19  00  00  00  00 
                     o1=2084  o2=2013  o3=2068  o4=2101  o5=2073  o6=0     o7=0    
[   2.80s] bloc   2         00  02  00  02  00  02  00  03  00  00 [07][f5] 00  00  07 [e2]
                     o1=2     o2=2     o3=3     o4=0     o5=2037  o6=0     o7=2018 
[   2.80s] bloc   3         00  03  00  00  00  00 [07][fc][07][fe] 00  00  00  00  00  00 
                     o1=0     o2=0     o3=2044  o4=2046  o5=0     o6=0     o7=0    
[   2.80s] bloc   4         00  04  0b [ca][0b][f7] 08 [1a] 08 [1b] 08 [15] 07 [ee] 08 [1c]
                     o1=3018  o2=3063  o3=2074  o4=2075  o5=2069  o6=2030  o7=2076 
[   2.80s] bloc   5         00  05 [07][fc][07][f2] 08 [26][07][f6] 08 [16] 08 [43] 08 [0e]
                     o1=2044  o2=2034  o3=2086  o4=2038  o5=2070  o6=2115  o7=2062 
[   2.80s] bloc   6         00  06 [07][fb][07][f5] 08 [2d] 08 [0f] 08 [0b] 08 [0f] 08 [25]
                     o1=2043  o2=2037  o3=2093  o4=2063  o5=2059  o6=2063  o7=2085 
[   2.80s] bloc   7         00  07  08 [13] 07 [cd] 08 [04] 08 [24] 08 [04] 00  00  00  00 
                     o1=2067  o2=1997  o3=2052  o4=2084  o5=2052  o6=0     o7=0    
[   2.83s] bloc   4         00  04  0b  ca [0c][02] 08  1a  08  1b  08  15  07  ee  08  1c 
                     o1=3018  o2=3074  o3=2074  o4=2075  o5=2069  o6=2030  o7=2076 
[   2.83s] bloc   6         00  06  07  fb  07  f5  08  2d  08  0f  08 [16] 08 [1a] 08 [30]
                     o1=2043  o2=2037  o3=2093  o4=2063  o5=2070  o6=2074  o7=2096 
[   2.83s] bloc   7         00  07  08 [1e] 07  cd  08  04  08  24  08  04  00  00  00  00 
                     o1=2078  o2=1997  o3=2052  o4=2084  o5=2052  o6=0     o7=0    
[   2.83s] bloc   7         00  07  08  1e  07  cd  08  04  08 [2f] 08  04  00  00  00  00 
                     o1=2078  o2=1997  o3=2052  o4=2095  o5=2052  o6=0     o7=0    
[   2.83s] bloc   4         00  04  0b [d5] 0c  02  08  1a  08  1b  08  15  07  ee  08  1c 
                     o1=3029  o2=3074  o3=2074  o4=2075  o5=2069  o6=2030  o7=2076 
[   2.84s] bloc   7         00  07  08  1e  07 [d8] 08 [0f] 08  2f  08 [0f] 00  00  00  00 
                     o1=2078  o2=2008  o3=2063  o4=2095  o5=2063  o6=0     o7=0    
[   2.84s] bloc   2         00  02  00  02  00  02  00  03  00  00 [08][00] 00  00  07  e2 
                     o1=2     o2=2     o3=3     o4=0     o5=2048  o6=0     o7=2018 
[   2.85s] bloc   2         00  02  00  02  00  02  00  03  00  00  08  00  00  00  07 [ed]
                     o1=2     o2=2     o3=3     o4=0     o5=2048  o6=0     o7=2029 
[   2.85s] bloc   3         00  03  00  00  00  00 [08][07] 07  fe  00  00  00  00  00  00 
                     o1=0     o2=0     o3=2055  o4=2046  o5=0     o6=0     o7=0    
[   2.85s] bloc   3         00  03  00  00  00  00  08  07 [08][09] 00  00  00  00  00  00 
                     o1=0     o2=0     o3=2055  o4=2057  o5=0     o6=0     o7=0    
[   2.86s] bloc   5         00  05 [08][07] 07  f2  08  26  07  f6  08  16  08  43  08  0e 
                     o1=2055  o2=2034  o3=2086  o4=2038  o5=2070  o6=2115  o7=2062 
[   2.86s] bloc   5         00  05  08  07  07  f2  08  26 [08][01] 08  16  08  43  08  0e 
                     o1=2055  o2=2034  o3=2086  o4=2049  o5=2070  o6=2115  o7=2062 
[   2.86s] bloc   6         00  06 [08][06] 07  f5  08  2d  08  0f  08  16  08  1a  08  30 
                     o1=2054  o2=2037  o3=2093  o4=2063  o5=2070  o6=2074  o7=2096 
[   2.86s] bloc   4         00  04  0b  d5  0c  02  08 [25] 08  1b  08  15  07  ee  08  1c 
                     o1=3029  o2=3074  o3=2085  o4=2075  o5=2069  o6=2030  o7=2076 
[   2.87s] bloc   5         00  05  08  07  07 [fd] 08 [31] 08  01  08  16  08 [4e] 08  0e 
                     o1=2055  o2=2045  o3=2097  o4=2049  o5=2070  o6=2126  o7=2062 
[   2.87s] bloc   6         00  06  08  06 [08][00] 08 [38] 08  0f  08  16  08  1a  08  30 
                     o1=2054  o2=2048  o3=2104  o4=2063  o5=2070  o6=2074  o7=2096 
[   2.87s] bloc   4         00  04  0b  d5  0c  02  08  25  08  1b  08 [20] 07 [f9] 08 [27]
                     o1=3029  o2=3074  o3=2085  o4=2075  o5=2080  o6=2041  o7=2087 
[   2.87s] bloc   5         00  05  08  07  07  fd  08  31  08  01  08 [21] 08  4e  08 [19]
                     o1=2055  o2=2045  o3=2097  o4=2049  o5=2081  o6=2126  o7=2073 
[   2.87s] bloc   4         00  04  0b  d5  0c  02  08  25  08 [26] 08  20  07  f9  08  27 
                     o1=3029  o2=3074  o3=2085  o4=2086  o5=2080  o6=2041  o7=2087 
[   2.87s] bloc   6         00  06  08  06  08  00  08  38  08 [1a] 08  16  08  1a  08  30 
                     o1=2054  o2=2048  o3=2104  o4=2074  o5=2070  o6=2074  o7=2096 
[   2.90s] bloc   4         00  04  0b  d5  0c [0d] 08  25  08  26  08  20  07  f9  08  27 
                     o1=3029  o2=3085  o3=2085  o4=2086  o5=2080  o6=2041  o7=2087 
[   2.92s] bloc   4         00  04  0b [e0] 0c  0d  08  25  08  26  08  20  07  f9  08  27 
                     o1=3040  o2=3085  o3=2085  o4=2086  o5=2080  o6=2041  o7=2087 
[   3.19s] … 110 blocs recus depuis 3 s, aucun changement (total 110)
[   3.61s] bloc   7         00  07  08  1e  07  d8  08  0f  08  2f  08 [04] 00  00  00  00 
                     o1=2078  o2=2008  o3=2063  o4=2095  o5=2052  o6=0     o7=0    
[   3.65s] bloc   7         00  07  08  1e  07  d8  08  0f  08  2f [07][f9] 00  00  00  00 
                     o1=2078  o2=2008  o3=2063  o4=2095  o5=2041  o6=0     o7=0    
[   3.67s] bloc   7         00  07  08  1e  07  d8  08  0f  08  2f  07 [ee] 00  00  00  00 
                     o1=2078  o2=2008  o3=2063  o4=2095  o5=2030  o6=0     o7=0    
[   3.69s] bloc   7         00  07  08  1e  07  d8  08  0f  08  2f  07 [e2] 00  00  00  00 
                     o1=2078  o2=2008  o3=2063  o4=2095  o5=2018  o6=0     o7=0    
[   3.70s] bloc   7         00  07  08  1e  07  d8  08  0f  08  2f  07 [d7] 00  00  00  00 
                     o1=2078  o2=2008  o3=2063  o4=2095  o5=2007  o6=0     o7=0    
[   3.71s] bloc   7         00  07  08  1e  07  d8  08  0f  08  2f  07 [c8] 00  00  00  00 
                     o1=2078  o2=2008  o3=2063  o4=2095  o5=1992  o6=0     o7=0    
[   3.71s] bloc   7         00  07  08  1e  07  d8  08  0f  08  2f  07 [bd] 00  00  00  00 
                     o1=2078  o2=2008  o3=2063  o4=2095  o5=1981  o6=0     o7=0    
[   3.72s] bloc   7         00  07  08  1e  07  d8  08  0f  08  2f  07 [b1] 00  00  00  00 
                     o1=2078  o2=2008  o3=2063  o4=2095  o5=1969  o6=0     o7=0    
[   3.72s] bloc   7         00  07  08  1e  07  d8  08  0f  08  2f  07 [a6] 00  00  00  00 
                     o1=2078  o2=2008  o3=2063  o4=2095  o5=1958  o6=0     o7=0    
[   3.73s] bloc   7         00  07  08  1e  07  d8  08  0f  08  2f  07 [97] 00  00  00  00 
                     o1=2078  o2=2008  o3=2063  o4=2095  o5=1943  o6=0     o7=0    
[   3.73s] bloc   7         00  07  08  1e  07  d8  08  0f  08  2f  07 [8a] 00  00  00  00 
                     o1=2078  o2=2008  o3=2063  o4=2095  o5=1930  o6=0     o7=0    
[   3.74s] bloc   7         00  07  08  1e  07  d8  08  0f  08  2f  07 [7e] 00  00  00  00 
                     o1=2078  o2=2008  o3=2063  o4=2095  o5=1918  o6=0     o7=0    
[   3.74s] bloc   7         00  07  08  1e  07  d8  08  0f  08  2f  07 [71] 00  00  00  00 
                     o1=2078  o2=2008  o3=2063  o4=2095  o5=1905  o6=0     o7=0    
[   3.75s] bloc   7         00  07  08  1e  07  d8  08  0f  08  2f  07 [64] 00  00  00  00 
                     o1=2078  o2=2008  o3=2063  o4=2095  o5=1892  o6=0     o7=0    
[   3.76s] bloc   7         00  07  08  1e  07  d8  08  0f  08  2f  07 [56] 00  00  00  00 
                     o1=2078  o2=2008  o3=2063  o4=2095  o5=1878  o6=0     o7=0    
[   3.76s] bloc   7         00  07  08  1e  07  d8  08  0f  08  2f  07 [49] 00  00  00  00 
                     o1=2078  o2=2008  o3=2063  o4=2095  o5=1865  o6=0     o7=0    
[   3.77s] bloc   7         00  07  08  1e  07  d8  08  0f  08  2f  07 [3c] 00  00  00  00 
                     o1=2078  o2=2008  o3=2063  o4=2095  o5=1852  o6=0     o7=0    
[   3.77s] bloc   7         00  07  08  1e  07  d8  08  0f  08  2f  07 [2e] 00  00  00  00 
                     o1=2078  o2=2008  o3=2063  o4=2095  o5=1838  o6=0     o7=0    
[   3.78s] bloc   7         00  07  08  1e  07  d8  08  0f  08  2f  07 [21] 00  00  00  00 
                     o1=2078  o2=2008  o3=2063  o4=2095  o5=1825  o6=0     o7=0    
[   3.78s] bloc   7         00  07  08  1e  07  d8  08  0f  08  2f  07 [11] 00  00  00  00 
                     o1=2078  o2=2008  o3=2063  o4=2095  o5=1809  o6=0     o7=0    
[   3.78s] bloc   7         00  07  08  1e  07  d8  08  0f  08  2f [06][fe] 00  00  00  00 
                     o1=2078  o2=2008  o3=2063  o4=2095  o5=1790  o6=0     o7=0    
[   3.79s] bloc   7         00  07  08  1e  07  d8  08  0f  08  2f  06 [f2] 00  00  00  00 
                     o1=2078  o2=2008  o3=2063  o4=2095  o5=1778  o6=0     o7=0    
[   3.79s] bloc   7         00  07  08  1e  07  d8  08  0f  08  2f  06 [e4] 00  00  00  00 
                     o1=2078  o2=2008  o3=2063  o4=2095  o5=1764  o6=0     o7=0    
[   3.79s] bloc   7         00  07  08  1e  07  d8  08  0f  08  2f  06 [d9] 00  00  00  00 
                     o1=2078  o2=2008  o3=2063  o4=2095  o5=1753  o6=0     o7=0    
[   3.79s] bloc   7         00  07  08  1e  07  d8  08  0f  08  2f  06 [c7] 00  00  00  00 
                     o1=2078  o2=2008  o3=2063  o4=2095  o5=1735  o6=0     o7=0    
[   3.80s] bloc   7         00  07  08  1e  07  d8  08  0f  08  2f  06 [ba] 00  00  00  00 
                     o1=2078  o2=2008  o3=2063  o4=2095  o5=1722  o6=0     o7=0    
[   3.80s] bloc   7         00  07  08  1e  07  d8  08  0f  08  2f  06 [af] 00  00  00  00 
                     o1=2078  o2=2008  o3=2063  o4=2095  o5=1711  o6=0     o7=0    
[   3.80s] bloc   7         00  07  08  1e  07  d8  08  0f  08  2f  06 [a3] 00  00  00  00 
                     o1=2078  o2=2008  o3=2063  o4=2095  o5=1699  o6=0     o7=0    
[   3.80s] bloc   7         00  07  08  1e  07  d8  08  0f  08  2f  06 [98] 00  00  00  00 
                     o1=2078  o2=2008  o3=2063  o4=2095  o5=1688  o6=0     o7=0    
[   3.81s] bloc   7         00  07  08  1e  07  d8  08  0f  08  2f  06 [85] 00  00  00  00 
                     o1=2078  o2=2008  o3=2063  o4=2095  o5=1669  o6=0     o7=0    
[   3.81s] bloc   7         00  07  08  1e  07  d8  08  0f  08  2f  06 [7a] 00  00  00  00 
                     o1=2078  o2=2008  o3=2063  o4=2095  o5=1658  o6=0     o7=0    
[   3.81s] bloc   7         00  07  08  1e  07  d8  08  0f  08  2f  06 [64] 00  00  00  00 
                     o1=2078  o2=2008  o3=2063  o4=2095  o5=1636  o6=0     o7=0    
[   3.82s] bloc   7         00  07  08  1e  07  d8  08  0f  08  2f  06 [58] 00  00  00  00 
                     o1=2078  o2=2008  o3=2063  o4=2095  o5=1624  o6=0     o7=0    
[   3.82s] bloc   7         00  07  08  1e  07  d8  08  0f  08  2f  06 [4c] 00  00  00  00 
                     o1=2078  o2=2008  o3=2063  o4=2095  o5=1612  o6=0     o7=0    
[   3.82s] bloc   7         00  07  08  1e  07  d8  08  0f  08  2f  06 [40] 00  00  00  00 
                     o1=2078  o2=2008  o3=2063  o4=2095  o5=1600  o6=0     o7=0    
[   3.83s] bloc   7         00  07  08  1e  07  d8  08  0f  08  2f  06 [26] 00  00  00  00 
                     o1=2078  o2=2008  o3=2063  o4=2095  o5=1574  o6=0     o7=0    
[   3.83s] bloc   7         00  07  08  1e  07  d8  08  0f  08  2f  06 [17] 00  00  00  00 
                     o1=2078  o2=2008  o3=2063  o4=2095  o5=1559  o6=0     o7=0    
[   3.83s] bloc   7         00  07  08  1e  07  d8  08  0f  08  2f  06 [08] 00  00  00  00 
                     o1=2078  o2=2008  o3=2063  o4=2095  o5=1544  o6=0     o7=0    
[   3.83s] bloc   7         00  07  08  1e  07  d8  08  0f  08  2f [05][fb] 00  00  00  00 
                     o1=2078  o2=2008  o3=2063  o4=2095  o5=1531  o6=0     o7=0    
[   3.83s] bloc   7         00  07  08  1e  07  d8  08  0f  08  2f  05 [ef] 00  00  00  00 
                     o1=2078  o2=2008  o3=2063  o4=2095  o5=1519  o6=0     o7=0    
[   3.84s] bloc   7         00  07  08  1e  07  d8  08  0f  08  2f  05 [e4] 00  00  00  00 
                     o1=2078  o2=2008  o3=2063  o4=2095  o5=1508  o6=0     o7=0    
[   3.84s] bloc   7         00  07  08  1e  07  d8  08  0f  08  2f  05 [d5] 00  00  00  00 
                     o1=2078  o2=2008  o3=2063  o4=2095  o5=1493  o6=0     o7=0    
[   3.84s] bloc   7         00  07  08  1e  07  d8  08  0f  08  2f  05 [c7] 00  00  00  00 
                     o1=2078  o2=2008  o3=2063  o4=2095  o5=1479  o6=0     o7=0    
[   3.84s] bloc   7         00  07  08  1e  07  d8  08  0f  08  2f  05 [b9] 00  00  00  00 
                     o1=2078  o2=2008  o3=2063  o4=2095  o5=1465  o6=0     o7=0    
[   3.84s] bloc   7         00  07  08  1e  07  d8  08  0f  08  2f  05 [ad] 00  00  00  00 
                     o1=2078  o2=2008  o3=2063  o4=2095  o5=1453  o6=0     o7=0    
[   3.85s] bloc   7         00  07  08  1e  07  d8  08  0f  08  2f  05 [9f] 00  00  00  00 
                     o1=2078  o2=2008  o3=2063  o4=2095  o5=1439  o6=0     o7=0    
[   3.85s] bloc   7         00  07  08  1e  07  d8  08  0f  08  2f  05 [8f] 00  00  00  00 
                     o1=2078  o2=2008  o3=2063  o4=2095  o5=1423  o6=0     o7=0    
[   3.85s] bloc   7         00  07  08  1e  07  d8  08  0f  08  2f  05 [81] 00  00  00  00 
                     o1=2078  o2=2008  o3=2063  o4=2095  o5=1409  o6=0     o7=0    
[   3.85s] bloc   7         00  07  08  1e  07  d8  08  0f  08  2f  05 [74] 00  00  00  00 
                     o1=2078  o2=2008  o3=2063  o4=2095  o5=1396  o6=0     o7=0    
[   3.86s] bloc   7         00  07  08  1e  07  d8  08  0f  08  2f  05 [67] 00  00  00  00 
                     o1=2078  o2=2008  o3=2063  o4=2095  o5=1383  o6=0     o7=0    
[   3.86s] bloc   7         00  07  08  1e  07  d8  08  0f  08  2f  05 [54] 00  00  00  00 
                     o1=2078  o2=2008  o3=2063  o4=2095  o5=1364  o6=0     o7=0    
[   3.86s] bloc   7         00  07  08  1e  07  d8  08  0f  08  2f  05 [43] 00  00  00  00 
                     o1=2078  o2=2008  o3=2063  o4=2095  o5=1347  o6=0     o7=0    
[   3.86s] bloc   7         00  07  08  1e  07  d8  08  0f  08  2f  05 [32] 00  00  00  00 
                     o1=2078  o2=2008  o3=2063  o4=2095  o5=1330  o6=0     o7=0    
[   3.86s] bloc   7         00  07  08  1e  07  d8  08  0f  08  2f  05 [25] 00  00  00  00 
                     o1=2078  o2=2008  o3=2063  o4=2095  o5=1317  o6=0     o7=0    
[   3.87s] bloc   7         00  07  08  1e  07  d8  08  0f  08  2f  05 [19] 00  00  00  00 
                     o1=2078  o2=2008  o3=2063  o4=2095  o5=1305  o6=0     o7=0    
[   3.87s] bloc   7         00  07  08  1e  07  d8  08  0f  08  2f  05 [0d] 00  00  00  00 
                     o1=2078  o2=2008  o3=2063  o4=2095  o5=1293  o6=0     o7=0    
[   3.87s] bloc   7         00  07  08  1e  07  d8  08  0f  08  2f [04][ff] 00  00  00  00 
                     o1=2078  o2=2008  o3=2063  o4=2095  o5=1279  o6=0     o7=0    
[   3.87s] bloc   7         00  07  08  1e  07  d8  08  0f  08  2f  04 [f2] 00  00  00  00 
                     o1=2078  o2=2008  o3=2063  o4=2095  o5=1266  o6=0     o7=0    
[   3.88s] bloc   7         00  07  08  1e  07  d8  08  0f  08  2f  04 [e6] 00  00  00  00 
                     o1=2078  o2=2008  o3=2063  o4=2095  o5=1254  o6=0     o7=0    
[   3.88s] bloc   7         00  07  08  1e  07  d8  08  0f  08  2f  04 [d8] 00  00  00  00 
                     o1=2078  o2=2008  o3=2063  o4=2095  o5=1240  o6=0     o7=0    
[   3.88s] bloc   7         00  07  08  1e  07  d8  08  0f  08  2f  04 [c9] 00  00  00  00 
                     o1=2078  o2=2008  o3=2063  o4=2095  o5=1225  o6=0     o7=0    
[   3.88s] bloc   7         00  07  08  1e  07  d8  08  0f  08  2f  04 [b9] 00  00  00  00 
                     o1=2078  o2=2008  o3=2063  o4=2095  o5=1209  o6=0     o7=0    
[   3.89s] bloc   7         00  07  08  1e  07  d8  08  0f  08  2f  04 [aa] 00  00  00  00 
                     o1=2078  o2=2008  o3=2063  o4=2095  o5=1194  o6=0     o7=0    
[   3.89s] bloc   7         00  07  08  1e  07  d8  08  0f  08  2f  04 [92] 00  00  00  00 
                     o1=2078  o2=2008  o3=2063  o4=2095  o5=1170  o6=0     o7=0    
[   3.89s] bloc   7         00  07  08  1e  07  d8  08  0f  08  2f  04 [83] 00  00  00  00 
                     o1=2078  o2=2008  o3=2063  o4=2095  o5=1155  o6=0     o7=0    
[   3.89s] bloc   7         00  07  08  1e  07  d8  08  0f  08  2f  04 [77] 00  00  00  00 
                     o1=2078  o2=2008  o3=2063  o4=2095  o5=1143  o6=0     o7=0    
[   3.89s] bloc   7         00  07  08  1e  07  d8  08  0f  08  2f  04 [6a] 00  00  00  00 
                     o1=2078  o2=2008  o3=2063  o4=2095  o5=1130  o6=0     o7=0    
[   3.90s] bloc   7         00  07  08  1e  07  d8  08  0f  08  2f  04 [5b] 00  00  00  00 
                     o1=2078  o2=2008  o3=2063  o4=2095  o5=1115  o6=0     o7=0    
[   3.90s] bloc   7         00  07  08  1e  07  d8  08  0f  08  2f  04 [4c] 00  00  00  00 
                     o1=2078  o2=2008  o3=2063  o4=2095  o5=1100  o6=0     o7=0    
[   3.90s] bloc   7         00  07  08  1e  07  d8  08  0f  08  2f  04 [3e] 00  00  00  00 
                     o1=2078  o2=2008  o3=2063  o4=2095  o5=1086  o6=0     o7=0    
[   3.91s] bloc   7         00  07  08  1e  07  d8  08  0f  08  2f  04 [31] 00  00  00  00 
                     o1=2078  o2=2008  o3=2063  o4=2095  o5=1073  o6=0     o7=0    
[   3.91s] bloc   7         00  07  08  1e  07  d8  08  0f  08  2f  04 [25] 00  00  00  00 
                     o1=2078  o2=2008  o3=2063  o4=2095  o5=1061  o6=0     o7=0    
[   3.91s] bloc   7         00  07  08  1e  07  d8  08  0f  08  2f  04 [13] 00  00  00  00 
                     o1=2078  o2=2008  o3=2063  o4=2095  o5=1043  o6=0     o7=0    
[   3.91s] bloc   7         00  07  08  1e  07  d8  08  0f  08  2f [03][fd] 00  00  00  00 
                     o1=2078  o2=2008  o3=2063  o4=2095  o5=1021  o6=0     o7=0    
[   3.91s] bloc   7         00  07  08  1e  07  d8  08  0f  08  2f  03 [f2] 00  00  00  00 
                     o1=2078  o2=2008  o3=2063  o4=2095  o5=1010  o6=0     o7=0    
[   3.92s] bloc   7         00  07  08  1e  07  d8  08  0f  08  2f  03 [df] 00  00  00  00 
                     o1=2078  o2=2008  o3=2063  o4=2095  o5=991   o6=0     o7=0    
[   3.92s] bloc   7         00  07  08  1e  07  d8  08  0f  08  2f  03 [d2] 00  00  00  00 
                     o1=2078  o2=2008  o3=2063  o4=2095  o5=978   o6=0     o7=0    
[   3.92s] bloc   7         00  07  08  1e  07  d8  08  0f  08  2f  03 [c4] 00  00  00  00 
                     o1=2078  o2=2008  o3=2063  o4=2095  o5=964   o6=0     o7=0    
[   3.93s] bloc   7         00  07  08  1e  07  d8  08  0f  08  2f  03 [b7] 00  00  00  00 
                     o1=2078  o2=2008  o3=2063  o4=2095  o5=951   o6=0     o7=0    
[   3.93s] bloc   7         00  07  08  1e  07  d8  08  0f  08  2f  03 [ab] 00  00  00  00 
                     o1=2078  o2=2008  o3=2063  o4=2095  o5=939   o6=0     o7=0    
[   3.93s] bloc   7         00  07  08  1e  07  d8  08  0f  08  2f  03 [9e] 00  00  00  00 
                     o1=2078  o2=2008  o3=2063  o4=2095  o5=926   o6=0     o7=0    
[   3.94s] bloc   7         00  07  08  1e  07  d8  08  0f  08  2f  03 [8b] 00  00  00  00 
                     o1=2078  o2=2008  o3=2063  o4=2095  o5=907   o6=0     o7=0    
[   3.94s] bloc   7         00  07  08  1e  07  d8  08  0f  08  2f  03 [7f] 00  00  00  00 
                     o1=2078  o2=2008  o3=2063  o4=2095  o5=895   o6=0     o7=0    
[   3.94s] bloc   7         00  07  08  1e  07  d8  08  0f  08  2f  03 [74] 00  00  00  00 
                     o1=2078  o2=2008  o3=2063  o4=2095  o5=884   o6=0     o7=0    
[   3.94s] bloc   7         00  07  08  1e  07  d8  08  0f  08  2f  03 [67] 00  00  00  00 
                     o1=2078  o2=2008  o3=2063  o4=2095  o5=871   o6=0     o7=0    
[   3.94s] bloc   7         00  07  08  1e  07  d8  08  0f  08  2f  03 [5a] 00  00  00  00 
                     o1=2078  o2=2008  o3=2063  o4=2095  o5=858   o6=0     o7=0    
[   3.95s] bloc   7         00  07  08  1e  07  d8  08  0f  08  2f  03 [4f] 00  00  00  00 
                     o1=2078  o2=2008  o3=2063  o4=2095  o5=847   o6=0     o7=0    
[   3.95s] bloc   7         00  07  08  1e  07  d8  08  0f  08  2f  03 [44] 00  00  00  00 
                     o1=2078  o2=2008  o3=2063  o4=2095  o5=836   o6=0     o7=0    
[   3.95s] bloc   7         00  07  08  1e  07  d8  08  0f  08  2f  03 [31] 00  00  00  00 
                     o1=2078  o2=2008  o3=2063  o4=2095  o5=817   o6=0     o7=0    
[   3.96s] bloc   7         00  07  08  1e  07  d8  08  0f  08  2f  03 [1f] 00  00  00  00 
                     o1=2078  o2=2008  o3=2063  o4=2095  o5=799   o6=0     o7=0    
[   3.96s] bloc   7         00  07  08  1e  07  d8  08  0f  08  2f  03 [0d] 00  00  00  00 
                     o1=2078  o2=2008  o3=2063  o4=2095  o5=781   o6=0     o7=0    
[   3.96s] bloc   7         00  07  08  1e  07  d8  08  0f  08  2f  03 [02] 00  00  00  00 
                     o1=2078  o2=2008  o3=2063  o4=2095  o5=770   o6=0     o7=0    
[   3.97s] bloc   7         00  07  08  1e  07  d8  08  0f  08  2f [02][eb] 00  00  00  00 
                     o1=2078  o2=2008  o3=2063  o4=2095  o5=747   o6=0     o7=0    
[   3.97s] bloc   7         00  07  08  1e  07  d8  08  0f  08  2f  02 [df] 00  00  00  00 
                     o1=2078  o2=2008  o3=2063  o4=2095  o5=735   o6=0     o7=0    
[   3.97s] bloc   7         00  07  08  1e  07  d8  08  0f  08  2f  02 [cc] 00  00  00  00 
                     o1=2078  o2=2008  o3=2063  o4=2095  o5=716   o6=0     o7=0    
[   3.98s] bloc   7         00  07  08  1e  07  d8  08  0f  08  2f  02 [b8] 00  00  00  00 
                     o1=2078  o2=2008  o3=2063  o4=2095  o5=696   o6=0     o7=0    
[   3.98s] bloc   7         00  07  08  1e  07  d8  08  0f  08  2f  02 [a7] 00  00  00  00 
                     o1=2078  o2=2008  o3=2063  o4=2095  o5=679   o6=0     o7=0    
[   3.99s] bloc   7         00  07  08  1e  07  d8  08  0f  08  2f  02 [96] 00  00  00  00 
                     o1=2078  o2=2008  o3=2063  o4=2095  o5=662   o6=0     o7=0    
[   3.99s] bloc   7         00  07  08  1e  07  d8  08  0f  08  2f  02 [86] 00  00  00  00 
                     o1=2078  o2=2008  o3=2063  o4=2095  o5=646   o6=0     o7=0    
[   4.00s] bloc   7         00  07  08  1e  07  d8  08  0f  08  2f  02 [77] 00  00  00  00 
                     o1=2078  o2=2008  o3=2063  o4=2095  o5=631   o6=0     o7=0    
[   4.00s] bloc   7         00  07  08  1e  07  d8  08  0f  08  2f  02 [66] 00  00  00  00 
                     o1=2078  o2=2008  o3=2063  o4=2095  o5=614   o6=0     o7=0    
[   4.00s] bloc   7         00  07  08  1e  07  d8  08  0f  08  2f  02 [56] 00  00  00  00 
                     o1=2078  o2=2008  o3=2063  o4=2095  o5=598   o6=0     o7=0    
[   4.01s] bloc   7         00  07  08  1e  07  d8  08  0f  08  2f  02 [47] 00  00  00  00 
                     o1=2078  o2=2008  o3=2063  o4=2095  o5=583   o6=0     o7=0    
[   4.01s] bloc   7         00  07  08  1e  07  d8  08  0f  08  2f  02 [36] 00  00  00  00 
                     o1=2078  o2=2008  o3=2063  o4=2095  o5=566   o6=0     o7=0    
[   4.02s] bloc   7         00  07  08  1e  07  d8  08  0f  08  2f  02 [2b] 00  00  00  00 
                     o1=2078  o2=2008  o3=2063  o4=2095  o5=555   o6=0     o7=0    
[   4.02s] bloc   7         00  07  08  1e  07  d8  08  0f  08  2f  02 [19] 00  00  00  00 
                     o1=2078  o2=2008  o3=2063  o4=2095  o5=537   o6=0     o7=0    
[   4.02s] bloc   7         00  07  08  1e  07  d8  08  0f  08  2f  02 [08] 00  00  00  00 
                     o1=2078  o2=2008  o3=2063  o4=2095  o5=520   o6=0     o7=0    
[   4.03s] bloc   7         00  07  08  1e  07  d8  08  0f  08  2f [01][f7] 00  00  00  00 
                     o1=2078  o2=2008  o3=2063  o4=2095  o5=503   o6=0     o7=0    
[   4.03s] bloc   7         00  07  08  1e  07  d8  08  0f  08  2f  01 [e4] 00  00  00  00 
                     o1=2078  o2=2008  o3=2063  o4=2095  o5=484   o6=0     o7=0    
[   4.03s] bloc   7         00  07  08  1e  07  d8  08  0f  08  2f  01 [d9] 00  00  00  00 
                     o1=2078  o2=2008  o3=2063  o4=2095  o5=473   o6=0     o7=0    
[   4.04s] bloc   7         00  07  08  1e  07  d8  08  0f  08  2f  01 [c9] 00  00  00  00 
                     o1=2078  o2=2008  o3=2063  o4=2095  o5=457   o6=0     o7=0    
[   4.04s] bloc   7         00  07  08  1e  07  d8  08  0f  08  2f  01 [ba] 00  00  00  00 
                     o1=2078  o2=2008  o3=2063  o4=2095  o5=442   o6=0     o7=0    
[   4.05s] bloc   7         00  07  08  1e  07  d8  08  0f  08  2f  01 [a5] 00  00  00  00 
                     o1=2078  o2=2008  o3=2063  o4=2095  o5=421   o6=0     o7=0    
[   4.05s] bloc   7         00  07  08  1e  07  d8  08  0f  08  2f  01 [91] 00  00  00  00 
                     o1=2078  o2=2008  o3=2063  o4=2095  o5=401   o6=0     o7=0    
[   4.06s] bloc   7         00  07  08  1e  07  d8  08  0f  08  2f  01 [82] 00  00  00  00 
                     o1=2078  o2=2008  o3=2063  o4=2095  o5=386   o6=0     o7=0    
[   4.06s] bloc   7         00  07  08  1e  07  d8  08  0f  08  2f  01 [70] 00  00  00  00 
                     o1=2078  o2=2008  o3=2063  o4=2095  o5=368   o6=0     o7=0    
[   4.06s] bloc   7         00  07  08  1e  07  d8  08  0f  08  2f  01 [64] 00  00  00  00 
                     o1=2078  o2=2008  o3=2063  o4=2095  o5=356   o6=0     o7=0    
[   4.07s] bloc   7         00  07  08  1e  07  d8  08  0f  08  2f  01 [56] 00  00  00  00 
                     o1=2078  o2=2008  o3=2063  o4=2095  o5=342   o6=0     o7=0    
[   4.07s] bloc   7         00  07  08  1e  07  d8  08  0f  08  2f  01 [49] 00  00  00  00 
                     o1=2078  o2=2008  o3=2063  o4=2095  o5=329   o6=0     o7=0    
[   4.08s] bloc   7         00  07  08  1e  07  d8  08  0f  08  2f  01 [36] 00  00  00  00 
                     o1=2078  o2=2008  o3=2063  o4=2095  o5=310   o6=0     o7=0    
[   4.08s] bloc   7         00  07  08  1e  07  d8  08  0f  08  2f  01 [2b] 00  00  00  00 
                     o1=2078  o2=2008  o3=2063  o4=2095  o5=299   o6=0     o7=0    
[   4.08s] bloc   7         00  07  08  1e  07  d8  08  0f  08  2f  01 [1c] 00  00  00  00 
                     o1=2078  o2=2008  o3=2063  o4=2095  o5=284   o6=0     o7=0    
[   4.08s] bloc   7         00  07  08  1e  07  d8  08  0f  08  2f  01 [09] 00  00  00  00 
                     o1=2078  o2=2008  o3=2063  o4=2095  o5=265   o6=0     o7=0    
[   4.08s] bloc   7         00  07  08  1e  07  d8  08  0f  08  2f [00][fd] 00  00  00  00 
                     o1=2078  o2=2008  o3=2063  o4=2095  o5=253   o6=0     o7=0    
[   4.08s] bloc   7         00  07  08  1e  07  d8  08  0f  08  2f  00 [ee] 00  00  00  00 
                     o1=2078  o2=2008  o3=2063  o4=2095  o5=238   o6=0     o7=0    
[   4.09s] bloc   7         00  07  08  1e  07  d8  08  0f  08  2f  00 [e0] 00  00  00  00 
                     o1=2078  o2=2008  o3=2063  o4=2095  o5=224   o6=0     o7=0    
[   4.09s] bloc   7         00  07  08  1e  07  d8  08  0f  08  2f  00 [d3] 00  00  00  00 
                     o1=2078  o2=2008  o3=2063  o4=2095  o5=211   o6=0     o7=0    
[   4.09s] bloc   7         00  07  08  1e  07  d8  08  0f  08  2f  00 [c7] 00  00  00  00 
                     o1=2078  o2=2008  o3=2063  o4=2095  o5=199   o6=0     o7=0    
[   4.09s] bloc   7         00  07  08  1e  07  d8  08  0f  08  2f  00 [bc] 00  00  00  00 
                     o1=2078  o2=2008  o3=2063  o4=2095  o5=188   o6=0     o7=0    
[   4.10s] bloc   7         00  07  08  1e  07  d8  08  0f  08  2f  00 [a7] 00  00  00  00 
                     o1=2078  o2=2008  o3=2063  o4=2095  o5=167   o6=0     o7=0    
[   4.10s] bloc   7         00  07  08  1e  07  d8  08  0f  08  2f  00 [8d] 00  00  00  00 
                     o1=2078  o2=2008  o3=2063  o4=2095  o5=141   o6=0     o7=0    
[   4.10s] bloc   7         00  07  08  1e  07  d8  08  0f  08  2f  00 [7c] 00  00  00  00 
                     o1=2078  o2=2008  o3=2063  o4=2095  o5=124   o6=0     o7=0    
[   4.11s] bloc   7         00  07  08  1e  07  d8  08  0f  08  2f  00 [70] 00  00  00  00 
                     o1=2078  o2=2008  o3=2063  o4=2095  o5=112   o6=0     o7=0    
[   4.11s] bloc   7         00  07  08  1e  07  d8  08  0f  08  2f  00 [63] 00  00  00  00 
                     o1=2078  o2=2008  o3=2063  o4=2095  o5=99    o6=0     o7=0    
[   4.11s] bloc   7         00  07  08  1e  07  d8  08  0f  08  2f  00 [51] 00  00  00  00 
                     o1=2078  o2=2008  o3=2063  o4=2095  o5=81    o6=0     o7=0    
[   4.11s] bloc   7         00  07  08  1e  07  d8  08  0f  08  2f  00 [44] 00  00  00  00 
                     o1=2078  o2=2008  o3=2063  o4=2095  o5=68    o6=0     o7=0    
[   4.11s] bloc   7         00  07  08  1e  07  d8  08  0f  08  2f  00 [35] 00  00  00  00 
                     o1=2078  o2=2008  o3=2063  o4=2095  o5=53    o6=0     o7=0    
[   4.12s] bloc   7         00  07  08  1e  07  d8  08  0f  08  2f  00 [25] 00  00  00  00 
                     o1=2078  o2=2008  o3=2063  o4=2095  o5=37    o6=0     o7=0    
[   4.12s] bloc   7         00  07  08  1e  07  d8  08  0f  08  2f  00 [19] 00  00  00  00 
                     o1=2078  o2=2008  o3=2063  o4=2095  o5=25    o6=0     o7=0    
[   4.12s] bloc   7         00  07  08  1e  07  d8  08  0f  08  2f  00 [0d] 00  00  00  00 
                     o1=2078  o2=2008  o3=2063  o4=2095  o5=13    o6=0     o7=0    
[   4.14s] bloc   7         00  07  08  1e  07  d8  08  0f  08  2f  00 [02] 00  00  00  00 
                     o1=2078  o2=2008  o3=2063  o4=2095  o5=2     o6=0     o7=0    
[   4.75s] bloc   7         00  07  08  1e  07  d8  08  0f  08  2f  00 [0e] 00  00  00  00 
                     o1=2078  o2=2008  o3=2063  o4=2095  o5=14    o6=0     o7=0    
[   4.75s] bloc   7         00  07  08  1e  07  d8  08  0f  08  2f  00 [21] 00  00  00  00 
                     o1=2078  o2=2008  o3=2063  o4=2095  o5=33    o6=0     o7=0    
[   4.75s] bloc   7         00  07  08  1e  07  d8  08  0f  08  2f  00 [2c] 00  00  00  00 
                     o1=2078  o2=2008  o3=2063  o4=2095  o5=44    o6=0     o7=0    
[   4.76s] bloc   7         00  07  08  1e  07  d8  08  0f  08  2f  00 [37] 00  00  00  00 
                     o1=2078  o2=2008  o3=2063  o4=2095  o5=55    o6=0     o7=0    
[   4.76s] bloc   7         00  07  08  1e  07  d8  08  0f  08  2f  00 [42] 00  00  00  00 
                     o1=2078  o2=2008  o3=2063  o4=2095  o5=66    o6=0     o7=0    
[   4.76s] bloc   7         00  07  08  1e  07  d8  08  0f  08  2f  00 [4f] 00  00  00  00 
                     o1=2078  o2=2008  o3=2063  o4=2095  o5=79    o6=0     o7=0    
[   4.76s] bloc   7         00  07  08  1e  07  d8  08  0f  08  2f  00 [5b] 00  00  00  00 
                     o1=2078  o2=2008  o3=2063  o4=2095  o5=91    o6=0     o7=0    
[   4.76s] bloc   7         00  07  08  1e  07  d8  08  0f  08  2f  00 [66] 00  00  00  00 
                     o1=2078  o2=2008  o3=2063  o4=2095  o5=102   o6=0     o7=0    
[   4.77s] bloc   7         00  07  08  1e  07  d8  08  0f  08  2f  00 [80] 00  00  00  00 
                     o1=2078  o2=2008  o3=2063  o4=2095  o5=128   o6=0     o7=0    
[   4.77s] bloc   7         00  07  08  1e  07  d8  08  0f  08  2f  00 [8d] 00  00  00  00 
                     o1=2078  o2=2008  o3=2063  o4=2095  o5=141   o6=0     o7=0    
[   4.77s] bloc   7         00  07  08  1e  07  d8  08  0f  08  2f  00 [9a] 00  00  00  00 
                     o1=2078  o2=2008  o3=2063  o4=2095  o5=154   o6=0     o7=0    
[   4.78s] bloc   7         00  07  08  1e  07  d8  08  0f  08  2f  00 [a6] 00  00  00  00 
                     o1=2078  o2=2008  o3=2063  o4=2095  o5=166   o6=0     o7=0    
[   4.78s] bloc   7         00  07  08  1e  07  d8  08  0f  08  2f  00 [b1] 00  00  00  00 
                     o1=2078  o2=2008  o3=2063  o4=2095  o5=177   o6=0     o7=0    
[   4.78s] bloc   7         00  07  08  1e  07  d8  08  0f  08  2f  00 [c7] 00  00  00  00 
                     o1=2078  o2=2008  o3=2063  o4=2095  o5=199   o6=0     o7=0    
[   4.78s] bloc   7         00  07  08  1e  07  d8  08  0f  08  2f  00 [d4] 00  00  00  00 
                     o1=2078  o2=2008  o3=2063  o4=2095  o5=212   o6=0     o7=0    
[   4.79s] bloc   7         00  07  08  1e  07  d8  08  0f  08  2f  00 [e2] 00  00  00  00 
                     o1=2078  o2=2008  o3=2063  o4=2095  o5=226   o6=0     o7=0    
[   4.79s] bloc   7         00  07  08  1e  07  d8  08  0f  08  2f  00 [f0] 00  00  00  00 
                     o1=2078  o2=2008  o3=2063  o4=2095  o5=240   o6=0     o7=0    
[   4.79s] bloc   7         00  07  08  1e  07  d8  08  0f  08  2f [01][01] 00  00  00  00 
                     o1=2078  o2=2008  o3=2063  o4=2095  o5=257   o6=0     o7=0    
[   4.79s] bloc   7         00  07  08  1e  07  d8  08  0f  08  2f  01 [12] 00  00  00  00 
                     o1=2078  o2=2008  o3=2063  o4=2095  o5=274   o6=0     o7=0    
[   4.80s] bloc   7         00  07  08  1e  07  d8  08  0f  08  2f  01 [23] 00  00  00  00 
                     o1=2078  o2=2008  o3=2063  o4=2095  o5=291   o6=0     o7=0    
[   4.80s] bloc   7         00  07  08  1e  07  d8  08  0f  08  2f  01 [33] 00  00  00  00 
                     o1=2078  o2=2008  o3=2063  o4=2095  o5=307   o6=0     o7=0    
[   4.80s] bloc   7         00  07  08  1e  07  d8  08  0f  08  2f  01 [46] 00  00  00  00 
                     o1=2078  o2=2008  o3=2063  o4=2095  o5=326   o6=0     o7=0    
[   4.80s] bloc   7         00  07  08  1e  07  d8  08  0f  08  2f  01 [58] 00  00  00  00 
                     o1=2078  o2=2008  o3=2063  o4=2095  o5=344   o6=0     o7=0    
[   4.80s] bloc   7         00  07  08  1e  07  d8  08  0f  08  2f  01 [6a] 00  00  00  00 
                     o1=2078  o2=2008  o3=2063  o4=2095  o5=362   o6=0     o7=0    
[   4.81s] bloc   7         00  07  08  1e  07  d8  08  0f  08  2f  01 [79] 00  00  00  00 
                     o1=2078  o2=2008  o3=2063  o4=2095  o5=377   o6=0     o7=0    
[   4.81s] bloc   7         00  07  08  1e  07  d8  08  0f  08  2f  01 [87] 00  00  00  00 
                     o1=2078  o2=2008  o3=2063  o4=2095  o5=391   o6=0     o7=0    
[   4.81s] bloc   7         00  07  08  1e  07  d8  08  0f  08  2f  01 [96] 00  00  00  00 
                     o1=2078  o2=2008  o3=2063  o4=2095  o5=406   o6=0     o7=0    
[   4.81s] bloc   7         00  07  08  1e  07  d8  08  0f  08  2f  01 [a6] 00  00  00  00 
                     o1=2078  o2=2008  o3=2063  o4=2095  o5=422   o6=0     o7=0    
[   4.81s] bloc   7         00  07  08  1e  07  d8  08  0f  08  2f  01 [b6] 00  00  00  00 
                     o1=2078  o2=2008  o3=2063  o4=2095  o5=438   o6=0     o7=0    
[   4.82s] bloc   7         00  07  08  1e  07  d8  08  0f  08  2f  01 [c6] 00  00  00  00 
                     o1=2078  o2=2008  o3=2063  o4=2095  o5=454   o6=0     o7=0    
[   4.82s] bloc   7         00  07  08  1e  07  d8  08  0f  08  2f  01 [d6] 00  00  00  00 
                     o1=2078  o2=2008  o3=2063  o4=2095  o5=470   o6=0     o7=0    
[   4.82s] bloc   7         00  07  08  1e  07  d8  08  0f  08  2f  01 [e7] 00  00  00  00 
                     o1=2078  o2=2008  o3=2063  o4=2095  o5=487   o6=0     o7=0    
[   4.82s] bloc   7         00  07  08  1e  07  d8  08  0f  08  2f  01 [f7] 00  00  00  00 
                     o1=2078  o2=2008  o3=2063  o4=2095  o5=503   o6=0     o7=0    
[   4.83s] bloc   7         00  07  08  1e  07  d8  08  0f  08  2f [02][08] 00  00  00  00 
                     o1=2078  o2=2008  o3=2063  o4=2095  o5=520   o6=0     o7=0    
[   4.83s] bloc   7         00  07  08  1e  07  d8  08  0f  08  2f  02 [1b] 00  00  00  00 
                     o1=2078  o2=2008  o3=2063  o4=2095  o5=539   o6=0     o7=0    
[   4.83s] bloc   7         00  07  08  1e  07  d8  08  0f  08  2f  02 [2c] 00  00  00  00 
                     o1=2078  o2=2008  o3=2063  o4=2095  o5=556   o6=0     o7=0    
[   4.83s] bloc   7         00  07  08  1e  07  d8  08  0f  08  2f  02 [3c] 00  00  00  00 
                     o1=2078  o2=2008  o3=2063  o4=2095  o5=572   o6=0     o7=0    
[   4.83s] bloc   7         00  07  08  1e  07  d8  08  0f  08  2f  02 [4b] 00  00  00  00 
                     o1=2078  o2=2008  o3=2063  o4=2095  o5=587   o6=0     o7=0    
[   4.84s] bloc   7         00  07  08  1e  07  d8  08  0f  08  2f  02 [5a] 00  00  00  00 
                     o1=2078  o2=2008  o3=2063  o4=2095  o5=602   o6=0     o7=0    
[   4.84s] bloc   7         00  07  08  1e  07  d8  08  0f  08  2f  02 [69] 00  00  00  00 
                     o1=2078  o2=2008  o3=2063  o4=2095  o5=617   o6=0     o7=0    
[   4.84s] bloc   7         00  07  08  1e  07  d8  08  0f  08  2f  02 [7a] 00  00  00  00 
                     o1=2078  o2=2008  o3=2063  o4=2095  o5=634   o6=0     o7=0    
[   4.84s] bloc   7         00  07  08  1e  07  d8  08  0f  08  2f  02 [8a] 00  00  00  00 
                     o1=2078  o2=2008  o3=2063  o4=2095  o5=650   o6=0     o7=0    
[   4.85s] bloc   7         00  07  08  1e  07  d8  08  0f  08  2f  02 [9a] 00  00  00  00 
                     o1=2078  o2=2008  o3=2063  o4=2095  o5=666   o6=0     o7=0    
[   4.85s] bloc   7         00  07  08  1e  07  d8  08  0f  08  2f  02 [ab] 00  00  00  00 
                     o1=2078  o2=2008  o3=2063  o4=2095  o5=683   o6=0     o7=0    
[   4.85s] bloc   7         00  07  08  1e  07  d8  08  0f  08  2f  02 [bb] 00  00  00  00 
                     o1=2078  o2=2008  o3=2063  o4=2095  o5=699   o6=0     o7=0    
[   4.85s] bloc   7         00  07  08  1e  07  d8  08  0f  08  2f  02 [c8] 00  00  00  00 
                     o1=2078  o2=2008  o3=2063  o4=2095  o5=712   o6=0     o7=0    
[   4.85s] bloc   7         00  07  08  1e  07  d8  08  0f  08  2f  02 [d7] 00  00  00  00 
                     o1=2078  o2=2008  o3=2063  o4=2095  o5=727   o6=0     o7=0    
[   4.86s] bloc   7         00  07  08  1e  07  d8  08  0f  08  2f  02 [e7] 00  00  00  00 
                     o1=2078  o2=2008  o3=2063  o4=2095  o5=743   o6=0     o7=0    
[   4.86s] bloc   7         00  07  08  1e  07  d8  08  0f  08  2f  02 [f9] 00  00  00  00 
                     o1=2078  o2=2008  o3=2063  o4=2095  o5=761   o6=0     o7=0    
[   4.86s] bloc   7         00  07  08  1e  07  d8  08  0f  08  2f [03][07] 00  00  00  00 
                     o1=2078  o2=2008  o3=2063  o4=2095  o5=775   o6=0     o7=0    
[   4.86s] bloc   7         00  07  08  1e  07  d8  08  0f  08  2f  03 [15] 00  00  00  00 
                     o1=2078  o2=2008  o3=2063  o4=2095  o5=789   o6=0     o7=0    
[   4.86s] bloc   7         00  07  08  1e  07  d8  08  0f  08  2f  03 [21] 00  00  00  00 
                     o1=2078  o2=2008  o3=2063  o4=2095  o5=801   o6=0     o7=0    
[   4.87s] bloc   7         00  07  08  1e  07  d8  08  0f  08  2f  03 [2e] 00  00  00  00 
                     o1=2078  o2=2008  o3=2063  o4=2095  o5=814   o6=0     o7=0    
[   4.87s] bloc   7         00  07  08  1e  07  d8  08  0f  08  2f  03 [3a] 00  00  00  00 
                     o1=2078  o2=2008  o3=2063  o4=2095  o5=826   o6=0     o7=0    
[   4.87s] bloc   7         00  07  08  1e  07  d8  08  0f  08  2f  03 [4a] 00  00  00  00 
                     o1=2078  o2=2008  o3=2063  o4=2095  o5=842   o6=0     o7=0    
[   4.87s] bloc   7         00  07  08  1e  07  d8  08  0f  08  2f  03 [5c] 00  00  00  00 
                     o1=2078  o2=2008  o3=2063  o4=2095  o5=860   o6=0     o7=0    
[   4.88s] bloc   7         00  07  08  1e  07  d8  08  0f  08  2f  03 [6d] 00  00  00  00 
                     o1=2078  o2=2008  o3=2063  o4=2095  o5=877   o6=0     o7=0    
[   4.88s] bloc   7         00  07  08  1e  07  d8  08  0f  08  2f  03 [7e] 00  00  00  00 
                     o1=2078  o2=2008  o3=2063  o4=2095  o5=894   o6=0     o7=0    
[   4.88s] bloc   7         00  07  08  1e  07  d8  08  0f  08  2f  03 [8f] 00  00  00  00 
                     o1=2078  o2=2008  o3=2063  o4=2095  o5=911   o6=0     o7=0    
[   4.88s] bloc   7         00  07  08  1e  07  d8  08  0f  08  2f  03 [9f] 00  00  00  00 
                     o1=2078  o2=2008  o3=2063  o4=2095  o5=927   o6=0     o7=0    
[   4.88s] bloc   7         00  07  08  1e  07  d8  08  0f  08  2f  03 [b1] 00  00  00  00 
                     o1=2078  o2=2008  o3=2063  o4=2095  o5=945   o6=0     o7=0    
[   4.89s] bloc   7         00  07  08  1e  07  d8  08  0f  08  2f  03 [bf] 00  00  00  00 
                     o1=2078  o2=2008  o3=2063  o4=2095  o5=959   o6=0     o7=0    
[   4.89s] bloc   7         00  07  08  1e  07  d8  08  0f  08  2f  03 [cd] 00  00  00  00 
                     o1=2078  o2=2008  o3=2063  o4=2095  o5=973   o6=0     o7=0    
[   4.89s] bloc   7         00  07  08  1e  07  d8  08  0f  08  2f  03 [d9] 00  00  00  00 
                     o1=2078  o2=2008  o3=2063  o4=2095  o5=985   o6=0     o7=0    
[   4.89s] bloc   7         00  07  08  1e  07  d8  08  0f  08  2f  03 [e4] 00  00  00  00 
                     o1=2078  o2=2008  o3=2063  o4=2095  o5=996   o6=0     o7=0    
[   4.90s] bloc   7         00  07  08  1e  07  d8  08  0f  08  2f  03 [ef] 00  00  00  00 
                     o1=2078  o2=2008  o3=2063  o4=2095  o5=1007  o6=0     o7=0    
[   4.90s] bloc   7         00  07  08  1e  07  d8  08  0f  08  2f  03 [fc] 00  00  00  00 
                     o1=2078  o2=2008  o3=2063  o4=2095  o5=1020  o6=0     o7=0    
[   4.90s] bloc   7         00  07  08  1e  07  d8  08  0f  08  2f [04][08] 00  00  00  00 
                     o1=2078  o2=2008  o3=2063  o4=2095  o5=1032  o6=0     o7=0    
[   4.90s] bloc   7         00  07  08  1e  07  d8  08  0f  08  2f  04 [13] 00  00  00  00 
                     o1=2078  o2=2008  o3=2063  o4=2095  o5=1043  o6=0     o7=0    
[   4.90s] bloc   7         00  07  08  1e  07  d8  08  0f  08  2f  04 [1e] 00  00  00  00 
                     o1=2078  o2=2008  o3=2063  o4=2095  o5=1054  o6=0     o7=0    
[   4.91s] bloc   7         00  07  08  1e  07  d8  08  0f  08  2f  04 [29] 00  00  00  00 
                     o1=2078  o2=2008  o3=2063  o4=2095  o5=1065  o6=0     o7=0    
[   4.91s] bloc   7         00  07  08  1e  07  d8  08  0f  08  2f  04 [39] 00  00  00  00 
                     o1=2078  o2=2008  o3=2063  o4=2095  o5=1081  o6=0     o7=0    
[   4.91s] bloc   7         00  07  08  1e  07  d8  08  0f  08  2f  04 [4c] 00  00  00  00 
                     o1=2078  o2=2008  o3=2063  o4=2095  o5=1100  o6=0     o7=0    
[   4.92s] bloc   7         00  07  08  1e  07  d8  08  0f  08  2f  04 [5c] 00  00  00  00 
                     o1=2078  o2=2008  o3=2063  o4=2095  o5=1116  o6=0     o7=0    
[   4.92s] bloc   7         00  07  08  1e  07  d8  08  0f  08  2f  04 [6c] 00  00  00  00 
                     o1=2078  o2=2008  o3=2063  o4=2095  o5=1132  o6=0     o7=0    
[   4.92s] bloc   7         00  07  08  1e  07  d8  08  0f  08  2f  04 [7c] 00  00  00  00 
                     o1=2078  o2=2008  o3=2063  o4=2095  o5=1148  o6=0     o7=0    
[   4.92s] bloc   7         00  07  08  1e  07  d8  08  0f  08  2f  04 [89] 00  00  00  00 
                     o1=2078  o2=2008  o3=2063  o4=2095  o5=1161  o6=0     o7=0    
[   4.92s] bloc   7         00  07  08  1e  07  d8  08  0f  08  2f  04 [95] 00  00  00  00 
                     o1=2078  o2=2008  o3=2063  o4=2095  o5=1173  o6=0     o7=0    
[   4.92s] bloc   7         00  07  08  1e  07  d8  08  0f  08  2f  04 [a0] 00  00  00  00 
                     o1=2078  o2=2008  o3=2063  o4=2095  o5=1184  o6=0     o7=0    
[   4.93s] bloc   7         00  07  08  1e  07  d8  08  0f  08  2f  04 [b6] 00  00  00  00 
                     o1=2078  o2=2008  o3=2063  o4=2095  o5=1206  o6=0     o7=0    
[   4.93s] bloc   7         00  07  08  1e  07  d8  08  0f  08  2f  04 [c2] 00  00  00  00 
                     o1=2078  o2=2008  o3=2063  o4=2095  o5=1218  o6=0     o7=0    
[   4.93s] bloc   7         00  07  08  1e  07  d8  08  0f  08  2f  04 [d5] 00  00  00  00 
                     o1=2078  o2=2008  o3=2063  o4=2095  o5=1237  o6=0     o7=0    
[   4.94s] bloc   7         00  07  08  1e  07  d8  08  0f  08  2f  04 [e8] 00  00  00  00 
                     o1=2078  o2=2008  o3=2063  o4=2095  o5=1256  o6=0     o7=0    
[   4.94s] bloc   7         00  07  08  1e  07  d8  08  0f  08  2f  04 [fc] 00  00  00  00 
                     o1=2078  o2=2008  o3=2063  o4=2095  o5=1276  o6=0     o7=0    
[   4.95s] bloc   7         00  07  08  1e  07  d8  08  0f  08  2f [05][0e] 00  00  00  00 
                     o1=2078  o2=2008  o3=2063  o4=2095  o5=1294  o6=0     o7=0    
[   4.95s] bloc   7         00  07  08  1e  07  d8  08  0f  08  2f  05 [1e] 00  00  00  00 
                     o1=2078  o2=2008  o3=2063  o4=2095  o5=1310  o6=0     o7=0    
[   4.96s] bloc   7         00  07  08  1e  07  d8  08  0f  08  2f  05 [31] 00  00  00  00 
                     o1=2078  o2=2008  o3=2063  o4=2095  o5=1329  o6=0     o7=0    
[   4.96s] bloc   7         00  07  08  1e  07  d8  08  0f  08  2f  05 [44] 00  00  00  00 
                     o1=2078  o2=2008  o3=2063  o4=2095  o5=1348  o6=0     o7=0    
[   4.96s] bloc   7         00  07  08  1e  07  d8  08  0f  08  2f  05 [55] 00  00  00  00 
                     o1=2078  o2=2008  o3=2063  o4=2095  o5=1365  o6=0     o7=0    
[   4.97s] bloc   7         00  07  08  1e  07  d8  08  0f  08  2f  05 [66] 00  00  00  00 
                     o1=2078  o2=2008  o3=2063  o4=2095  o5=1382  o6=0     o7=0    
[   4.97s] bloc   7         00  07  08  1e  07  d8  08  0f  08  2f  05 [78] 00  00  00  00 
                     o1=2078  o2=2008  o3=2063  o4=2095  o5=1400  o6=0     o7=0    
[   4.98s] bloc   7         00  07  08  1e  07  d8  08  0f  08  2f  05 [87] 00  00  00  00 
                     o1=2078  o2=2008  o3=2063  o4=2095  o5=1415  o6=0     o7=0    
[   4.98s] bloc   7         00  07  08  1e  07  d8  08  0f  08  2f  05 [96] 00  00  00  00 
                     o1=2078  o2=2008  o3=2063  o4=2095  o5=1430  o6=0     o7=0    
[   4.99s] bloc   7         00  07  08  1e  07  d8  08  0f  08  2f  05 [a6] 00  00  00  00 
                     o1=2078  o2=2008  o3=2063  o4=2095  o5=1446  o6=0     o7=0    
[   4.99s] bloc   7         00  07  08  1e  07  d8  08  0f  08  2f  05 [b6] 00  00  00  00 
                     o1=2078  o2=2008  o3=2063  o4=2095  o5=1462  o6=0     o7=0    
[   5.00s] bloc   7         00  07  08  1e  07  d8  08  0f  08  2f  05 [c6] 00  00  00  00 
                     o1=2078  o2=2008  o3=2063  o4=2095  o5=1478  o6=0     o7=0    
[   5.00s] bloc   7         00  07  08  1e  07  d8  08  0f  08  2f  05 [d3] 00  00  00  00 
                     o1=2078  o2=2008  o3=2063  o4=2095  o5=1491  o6=0     o7=0    
[   5.00s] bloc   7         00  07  08  1e  07  d8  08  0f  08  2f  05 [e0] 00  00  00  00 
                     o1=2078  o2=2008  o3=2063  o4=2095  o5=1504  o6=0     o7=0    
[   5.01s] bloc   7         00  07  08  1e  07  d8  08  0f  08  2f  05 [ee] 00  00  00  00 
                     o1=2078  o2=2008  o3=2063  o4=2095  o5=1518  o6=0     o7=0    
[   5.02s] bloc   7         00  07  08  1e  07  d8  08  0f  08  2f  05 [fe] 00  00  00  00 
                     o1=2078  o2=2008  o3=2063  o4=2095  o5=1534  o6=0     o7=0    
[   5.02s] bloc   7         00  07  08  1e  07  d8  08  0f  08  2f [06][0c] 00  00  00  00 
                     o1=2078  o2=2008  o3=2063  o4=2095  o5=1548  o6=0     o7=0    
[   5.02s] bloc   7         00  07  08  1e  07  d8  08  0f  08  2f  06 [1c] 00  00  00  00 
                     o1=2078  o2=2008  o3=2063  o4=2095  o5=1564  o6=0     o7=0    
[   5.03s] bloc   7         00  07  08  1e  07  d8  08  0f  08  2f  06 [2a] 00  00  00  00 
                     o1=2078  o2=2008  o3=2063  o4=2095  o5=1578  o6=0     o7=0    
[   5.03s] bloc   7         00  07  08  1e  07  d8  08  0f  08  2f  06 [36] 00  00  00  00 
                     o1=2078  o2=2008  o3=2063  o4=2095  o5=1590  o6=0     o7=0    
[   5.04s] bloc   7         00  07  08  1e  07  d8  08  0f  08  2f  06 [41] 00  00  00  00 
                     o1=2078  o2=2008  o3=2063  o4=2095  o5=1601  o6=0     o7=0    
[   5.04s] bloc   7         00  07  08  1e  07  d8  08  0f  08  2f  06 [4c] 00  00  00  00 
                     o1=2078  o2=2008  o3=2063  o4=2095  o5=1612  o6=0     o7=0    
[   5.05s] bloc   7         00  07  08  1e  07  d8  08  0f  08  2f  06 [58] 00  00  00  00 
                     o1=2078  o2=2008  o3=2063  o4=2095  o5=1624  o6=0     o7=0    
[   5.06s] bloc   7         00  07  08  1e  07  d8  08  0f  08  2f  06 [64] 00  00  00  00 
                     o1=2078  o2=2008  o3=2063  o4=2095  o5=1636  o6=0     o7=0    
[   5.06s] bloc   7         00  07  08  1e  07  d8  08  0f  08  2f  06 [70] 00  00  00  00 
                     o1=2078  o2=2008  o3=2063  o4=2095  o5=1648  o6=0     o7=0    
[   5.07s] bloc   7         00  07  08  1e  07  d8  08  0f  08  2f  06 [7e] 00  00  00  00 
                     o1=2078  o2=2008  o3=2063  o4=2095  o5=1662  o6=0     o7=0    
[   5.08s] bloc   7         00  07  08  1e  07  d8  08  0f  08  2f  06 [8a] 00  00  00  00 
                     o1=2078  o2=2008  o3=2063  o4=2095  o5=1674  o6=0     o7=0    
[   5.08s] bloc   7         00  07  08  1e  07  d8  08  0f  08  2f  06 [98] 00  00  00  00 
                     o1=2078  o2=2008  o3=2063  o4=2095  o5=1688  o6=0     o7=0    
[   5.09s] bloc   7         00  07  08  1e  07  d8  08  0f  08  2f  06 [a5] 00  00  00  00 
                     o1=2078  o2=2008  o3=2063  o4=2095  o5=1701  o6=0     o7=0    
[   5.09s] bloc   7         00  07  08  1e  07  d8  08  0f  08  2f  06 [b0] 00  00  00  00 
                     o1=2078  o2=2008  o3=2063  o4=2095  o5=1712  o6=0     o7=0    
[   5.10s] bloc   7         00  07  08  1e  07  d8  08  0f  08  2f  06 [be] 00  00  00  00 
                     o1=2078  o2=2008  o3=2063  o4=2095  o5=1726  o6=0     o7=0    
[   5.11s] bloc   7         00  07  08  1e  07  d8  08  0f  08  2f  06 [cd] 00  00  00  00 
                     o1=2078  o2=2008  o3=2063  o4=2095  o5=1741  o6=0     o7=0    
[   5.11s] bloc   7         00  07  08  1e  07  d8  08  0f  08  2f  06 [da] 00  00  00  00 
                     o1=2078  o2=2008  o3=2063  o4=2095  o5=1754  o6=0     o7=0    
[   5.12s] bloc   7         00  07  08  1e  07  d8  08  0f  08  2f  06 [e7] 00  00  00  00 
                     o1=2078  o2=2008  o3=2063  o4=2095  o5=1767  o6=0     o7=0    
[   5.12s] bloc   7         00  07  08  1e  07  d8  08  0f  08  2f  06 [f2] 00  00  00  00 
                     o1=2078  o2=2008  o3=2063  o4=2095  o5=1778  o6=0     o7=0    
[   5.12s] bloc   7         00  07  08  1e  07  d8  08  0f  08  2f  06 [fe] 00  00  00  00 
                     o1=2078  o2=2008  o3=2063  o4=2095  o5=1790  o6=0     o7=0    
[   5.13s] bloc   7         00  07  08  1e  07  d8  08  0f  08  2f [07][0d] 00  00  00  00 
                     o1=2078  o2=2008  o3=2063  o4=2095  o5=1805  o6=0     o7=0    
[   5.13s] bloc   7         00  07  08  1e  07  d8  08  0f  08  2f  07 [19] 00  00  00  00 
                     o1=2078  o2=2008  o3=2063  o4=2095  o5=1817  o6=0     o7=0    
[   5.14s] bloc   7         00  07  08  1e  07  d8  08  0f  08  2f  07 [28] 00  00  00  00 
                     o1=2078  o2=2008  o3=2063  o4=2095  o5=1832  o6=0     o7=0    
[   5.14s] bloc   7         00  07  08  1e  07  d8  08  0f  08  2f  07 [36] 00  00  00  00 
                     o1=2078  o2=2008  o3=2063  o4=2095  o5=1846  o6=0     o7=0    
[   5.15s] bloc   7         00  07  08  1e  07  d8  08  0f  08  2f  07 [41] 00  00  00  00 
                     o1=2078  o2=2008  o3=2063  o4=2095  o5=1857  o6=0     o7=0    
[   5.15s] bloc   7         00  07  08  1e  07  d8  08  0f  08  2f  07 [4f] 00  00  00  00 
                     o1=2078  o2=2008  o3=2063  o4=2095  o5=1871  o6=0     o7=0    
[   5.16s] bloc   7         00  07  08  1e  07  d8  08  0f  08  2f  07 [5d] 00  00  00  00 
                     o1=2078  o2=2008  o3=2063  o4=2095  o5=1885  o6=0     o7=0    
[   5.16s] bloc   7         00  07  08  1e  07  d8  08  0f  08  2f  07 [6a] 00  00  00  00 
                     o1=2078  o2=2008  o3=2063  o4=2095  o5=1898  o6=0     o7=0    
[   5.17s] bloc   7         00  07  08  1e  07  d8  08  0f  08  2f  07 [79] 00  00  00  00 
                     o1=2078  o2=2008  o3=2063  o4=2095  o5=1913  o6=0     o7=0    
[   5.18s] bloc   7         00  07  08  1e  07  d8  08  0f  08  2f  07 [88] 00  00  00  00 
                     o1=2078  o2=2008  o3=2063  o4=2095  o5=1928  o6=0     o7=0    
[   5.18s] bloc   7         00  07  08  1e  07  d8  08  0f  08  2f  07 [97] 00  00  00  00 
                     o1=2078  o2=2008  o3=2063  o4=2095  o5=1943  o6=0     o7=0    
[   5.19s] bloc   7         00  07  08  1e  07  d8  08  0f  08  2f  07 [a7] 00  00  00  00 
                     o1=2078  o2=2008  o3=2063  o4=2095  o5=1959  o6=0     o7=0    
[   5.19s] bloc   7         00  07  08  1e  07  d8  08  0f  08  2f  07 [b2] 00  00  00  00 
                     o1=2078  o2=2008  o3=2063  o4=2095  o5=1970  o6=0     o7=0    
[   5.20s] bloc   7         00  07  08  1e  07  d8  08  0f  08  2f  07 [be] 00  00  00  00 
                     o1=2078  o2=2008  o3=2063  o4=2095  o5=1982  o6=0     o7=0    
[   5.20s] bloc   7         00  07  08  1e  07  d8  08  0f  08  2f  07 [cb] 00  00  00  00 
                     o1=2078  o2=2008  o3=2063  o4=2095  o5=1995  o6=0     o7=0    
[   5.21s] bloc   7         00  07  08  1e  07  d8  08  0f  08  2f  07 [d9] 00  00  00  00 
                     o1=2078  o2=2008  o3=2063  o4=2095  o5=2009  o6=0     o7=0    
[   5.21s] bloc   7         00  07  08  1e  07  d8  08  0f  08  2f  07 [e5] 00  00  00  00 
                     o1=2078  o2=2008  o3=2063  o4=2095  o5=2021  o6=0     o7=0    
[   5.22s] bloc   7         00  07  08  1e  07  d8  08  0f  08  2f  07 [f2] 00  00  00  00 
                     o1=2078  o2=2008  o3=2063  o4=2095  o5=2034  o6=0     o7=0    
[   5.22s] bloc   7         00  07  08  1e  07  d8  08  0f  08  2f [08][01] 00  00  00  00 
                     o1=2078  o2=2008  o3=2063  o4=2095  o5=2049  o6=0     o7=0    
[   5.23s] bloc   7         00  07  08  1e  07  d8  08  0f  08  2f  08 [10] 00  00  00  00 
                     o1=2078  o2=2008  o3=2063  o4=2095  o5=2064  o6=0     o7=0    
[   5.23s] bloc   7         00  07  08  1e  07  d8  08  0f  08  2f  08 [1b] 00  00  00  00 
                     o1=2078  o2=2008  o3=2063  o4=2095  o5=2075  o6=0     o7=0    
[   5.24s] bloc   7         00  07  08  1e  07  d8  08  0f  08  2f  08 [26] 00  00  00  00 
                     o1=2078  o2=2008  o3=2063  o4=2095  o5=2086  o6=0     o7=0    
[   5.25s] bloc   7         00  07  08  1e  07  d8  08  0f  08  2f  08 [31] 00  00  00  00 
                     o1=2078  o2=2008  o3=2063  o4=2095  o5=2097  o6=0     o7=0    
[   5.26s] bloc   7         00  07  08  1e  07  d8  08  0f  08  2f  08 [3c] 00  00  00  00 
                     o1=2078  o2=2008  o3=2063  o4=2095  o5=2108  o6=0     o7=0    
[   5.27s] bloc   7         00  07  08  1e  07  d8  08  0f  08  2f  08 [47] 00  00  00  00 
                     o1=2078  o2=2008  o3=2063  o4=2095  o5=2119  o6=0     o7=0    
[   5.29s] bloc   7         00  07  08  1e  07  d8  08  0f  08  2f  08 [53] 00  00  00  00 
                     o1=2078  o2=2008  o3=2063  o4=2095  o5=2131  o6=0     o7=0    
[   5.30s] bloc   7         00  07  08  1e  07  d8  08  0f  08  2f  08 [60] 00  00  00  00 
                     o1=2078  o2=2008  o3=2063  o4=2095  o5=2144  o6=0     o7=0    
[   5.31s] bloc   7         00  07  08  1e  07  d8  08  0f  08  2f  08 [6d] 00  00  00  00 
                     o1=2078  o2=2008  o3=2063  o4=2095  o5=2157  o6=0     o7=0    
[   5.31s] bloc   7         00  07  08  1e  07  d8  08  0f  08  2f  08 [7e] 00  00  00  00 
                     o1=2078  o2=2008  o3=2063  o4=2095  o5=2174  o6=0     o7=0    
[   5.32s] bloc   7         00  07  08  1e  07  d8  08  0f  08  2f  08 [8d] 00  00  00  00 
                     o1=2078  o2=2008  o3=2063  o4=2095  o5=2189  o6=0     o7=0    
[   5.32s] bloc   7         00  07  08  1e  07  d8  08  0f  08  2f  08 [9c] 00  00  00  00 
                     o1=2078  o2=2008  o3=2063  o4=2095  o5=2204  o6=0     o7=0    
[   5.33s] bloc   7         00  07  08  1e  07  d8  08  0f  08  2f  08 [ac] 00  00  00  00 
                     o1=2078  o2=2008  o3=2063  o4=2095  o5=2220  o6=0     o7=0    
[   5.33s] bloc   7         00  07  08  1e  07  d8  08  0f  08  2f  08 [c0] 00  00  00  00 
                     o1=2078  o2=2008  o3=2063  o4=2095  o5=2240  o6=0     o7=0    
[   5.33s] bloc   7         00  07  08  1e  07  d8  08  0f  08  2f  08 [d4] 00  00  00  00 
                     o1=2078  o2=2008  o3=2063  o4=2095  o5=2260  o6=0     o7=0    
[   5.34s] bloc   7         00  07  08  1e  07  d8  08  0f  08  2f  08 [e5] 00  00  00  00 
                     o1=2078  o2=2008  o3=2063  o4=2095  o5=2277  o6=0     o7=0    
[   5.34s] bloc   7         00  07  08  1e  07  d8  08  0f  08  2f  08 [f3] 00  00  00  00 
                     o1=2078  o2=2008  o3=2063  o4=2095  o5=2291  o6=0     o7=0    
[   5.35s] bloc   7         00  07  08  1e  07  d8  08  0f  08  2f [09][00] 00  00  00  00 
                     o1=2078  o2=2008  o3=2063  o4=2095  o5=2304  o6=0     o7=0    
[   5.35s] bloc   7         00  07  08  1e  07  d8  08  0f  08  2f  09 [12] 00  00  00  00 
                     o1=2078  o2=2008  o3=2063  o4=2095  o5=2322  o6=0     o7=0    
[   5.36s] bloc   7         00  07  08  1e  07  d8  08  0f  08  2f  09 [23] 00  00  00  00 
                     o1=2078  o2=2008  o3=2063  o4=2095  o5=2339  o6=0     o7=0    
[   5.36s] bloc   7         00  07  08  1e  07  d8  08  0f  08  2f  09 [36] 00  00  00  00 
                     o1=2078  o2=2008  o3=2063  o4=2095  o5=2358  o6=0     o7=0    
[   5.37s] bloc   7         00  07  08  1e  07  d8  08  0f  08  2f  09 [43] 00  00  00  00 
                     o1=2078  o2=2008  o3=2063  o4=2095  o5=2371  o6=0     o7=0    
[   5.37s] bloc   7         00  07  08  1e  07  d8  08  0f  08  2f  09 [51] 00  00  00  00 
                     o1=2078  o2=2008  o3=2063  o4=2095  o5=2385  o6=0     o7=0    
[   5.38s] bloc   7         00  07  08  1e  07  d8  08  0f  08  2f  09 [60] 00  00  00  00 
                     o1=2078  o2=2008  o3=2063  o4=2095  o5=2400  o6=0     o7=0    
[   5.39s] bloc   7         00  07  08  1e  07  d8  08  0f  08  2f  09 [6c] 00  00  00  00 
                     o1=2078  o2=2008  o3=2063  o4=2095  o5=2412  o6=0     o7=0    
[   5.55s] bloc   7         00  07  08  1e  07  d8  08  0f  08  2f  09 [77] 00  00  00  00 
                     o1=2078  o2=2008  o3=2063  o4=2095  o5=2423  o6=0     o7=0    
[   5.58s] bloc   7         00  07  08  1e  07  d8  08  0f  08  2f  09 [82] 00  00  00  00 
                     o1=2078  o2=2008  o3=2063  o4=2095  o5=2434  o6=0     o7=0    
[   5.60s] bloc   7         00  07  08  1e  07  d8  08  0f  08  2f  09 [8d] 00  00  00  00 
                     o1=2078  o2=2008  o3=2063  o4=2095  o5=2445  o6=0     o7=0    
[   5.61s] bloc   7         00  07  08  1e  07  d8  08  0f  08  2f  09 [98] 00  00  00  00 
                     o1=2078  o2=2008  o3=2063  o4=2095  o5=2456  o6=0     o7=0    
[   5.63s] bloc   7         00  07  08  1e  07  d8  08  0f  08  2f  09 [a3] 00  00  00  00 
                     o1=2078  o2=2008  o3=2063  o4=2095  o5=2467  o6=0     o7=0    
[   5.64s] bloc   7         00  07  08  1e  07  d8  08  0f  08  2f  09 [ae] 00  00  00  00 
                     o1=2078  o2=2008  o3=2063  o4=2095  o5=2478  o6=0     o7=0    
[   5.65s] bloc   7         00  07  08  1e  07  d8  08  0f  08  2f  09 [b9] 00  00  00  00 
                     o1=2078  o2=2008  o3=2063  o4=2095  o5=2489  o6=0     o7=0    
[   5.66s] bloc   7         00  07  08  1e  07  d8  08  0f  08  2f  09 [c6] 00  00  00  00 
                     o1=2078  o2=2008  o3=2063  o4=2095  o5=2502  o6=0     o7=0    
[   5.67s] bloc   7         00  07  08  1e  07  d8  08  0f  08  2f  09 [d3] 00  00  00  00 
                     o1=2078  o2=2008  o3=2063  o4=2095  o5=2515  o6=0     o7=0    
[   5.68s] bloc   7         00  07  08  1e  07  d8  08  0f  08  2f  09 [df] 00  00  00  00 
                     o1=2078  o2=2008  o3=2063  o4=2095  o5=2527  o6=0     o7=0    
[   5.69s] bloc   7         00  07  08  1e  07  d8  08  0f  08  2f  09 [eb] 00  00  00  00 
                     o1=2078  o2=2008  o3=2063  o4=2095  o5=2539  o6=0     o7=0    
[   5.70s] bloc   7         00  07  08  1e  07  d8  08  0f  08  2f  09 [f8] 00  00  00  00 
                     o1=2078  o2=2008  o3=2063  o4=2095  o5=2552  o6=0     o7=0    
[   5.71s] bloc   7         00  07  08  1e  07  d8  08  0f  08  2f [0a][04] 00  00  00  00 
                     o1=2078  o2=2008  o3=2063  o4=2095  o5=2564  o6=0     o7=0    
[   5.73s] bloc   7         00  07  08  1e  07  d8  08  0f  08  2f  0a [10] 00  00  00  00 
                     o1=2078  o2=2008  o3=2063  o4=2095  o5=2576  o6=0     o7=0    
[   5.74s] bloc   7         00  07  08  1e  07  d8  08  0f  08  2f  0a [1b] 00  00  00  00 
                     o1=2078  o2=2008  o3=2063  o4=2095  o5=2587  o6=0     o7=0    
[   5.75s] bloc   7         00  07  08  1e  07  d8  08  0f  08  2f  0a [26] 00  00  00  00 
                     o1=2078  o2=2008  o3=2063  o4=2095  o5=2598  o6=0     o7=0    
[   5.76s] bloc   7         00  07  08  1e  07  d8  08  0f  08  2f  0a [34] 00  00  00  00 
                     o1=2078  o2=2008  o3=2063  o4=2095  o5=2612  o6=0     o7=0    
[   5.77s] bloc   7         00  07  08  1e  07  d8  08  0f  08  2f  0a [40] 00  00  00  00 
                     o1=2078  o2=2008  o3=2063  o4=2095  o5=2624  o6=0     o7=0    
[   5.77s] bloc   7         00  07  08  1e  07  d8  08  0f  08  2f  0a [4d] 00  00  00  00 
                     o1=2078  o2=2008  o3=2063  o4=2095  o5=2637  o6=0     o7=0    
[   5.78s] bloc   7         00  07  08  1e  07  d8  08  0f  08  2f  0a [5a] 00  00  00  00 
                     o1=2078  o2=2008  o3=2063  o4=2095  o5=2650  o6=0     o7=0    
[   5.79s] bloc   7         00  07  08  1e  07  d8  08  0f  08  2f  0a [69] 00  00  00  00 
                     o1=2078  o2=2008  o3=2063  o4=2095  o5=2665  o6=0     o7=0    
[   5.80s] bloc   7         00  07  08  1e  07  d8  08  0f  08  2f  0a [75] 00  00  00  00 
                     o1=2078  o2=2008  o3=2063  o4=2095  o5=2677  o6=0     o7=0    
[   5.81s] bloc   7         00  07  08  1e  07  d8  08  0f  08  2f  0a [80] 00  00  00  00 
                     o1=2078  o2=2008  o3=2063  o4=2095  o5=2688  o6=0     o7=0    
[   5.82s] bloc   7         00  07  08  1e  07  d8  08  0f  08  2f  0a [8c] 00  00  00  00 
                     o1=2078  o2=2008  o3=2063  o4=2095  o5=2700  o6=0     o7=0    
[   5.83s] bloc   7         00  07  08  1e  07  d8  08  0f  08  2f  0a [99] 00  00  00  00 
                     o1=2078  o2=2008  o3=2063  o4=2095  o5=2713  o6=0     o7=0    
[   5.84s] bloc   7         00  07  08  1e  07  d8  08  0f  08  2f  0a [a5] 00  00  00  00 
                     o1=2078  o2=2008  o3=2063  o4=2095  o5=2725  o6=0     o7=0    
[   5.85s] bloc   7         00  07  08  1e  07  d8  08  0f  08  2f  0a [b1] 00  00  00  00 
                     o1=2078  o2=2008  o3=2063  o4=2095  o5=2737  o6=0     o7=0    
[   5.85s] bloc   7         00  07  08  1e  07  d8  08  0f  08  2f  0a [bc] 00  00  00  00 
                     o1=2078  o2=2008  o3=2063  o4=2095  o5=2748  o6=0     o7=0    
[   5.86s] bloc   7         00  07  08  1e  07  d8  08  0f  08  2f  0a [c7] 00  00  00  00 
                     o1=2078  o2=2008  o3=2063  o4=2095  o5=2759  o6=0     o7=0    
[   5.86s] bloc   7         00  07  08  1e  07  d8  08  0f  08  2f  0a [d4] 00  00  00  00 
                     o1=2078  o2=2008  o3=2063  o4=2095  o5=2772  o6=0     o7=0    
[   5.87s] bloc   7         00  07  08  1e  07  d8  08  0f  08  2f  0a [e0] 00  00  00  00 
                     o1=2078  o2=2008  o3=2063  o4=2095  o5=2784  o6=0     o7=0    
[   5.88s] bloc   7         00  07  08  1e  07  d8  08  0f  08  2f  0a [eb] 00  00  00  00 
                     o1=2078  o2=2008  o3=2063  o4=2095  o5=2795  o6=0     o7=0    
[   5.89s] bloc   7         00  07  08  1e  07  d8  08  0f  08  2f  0a [f6] 00  00  00  00 
                     o1=2078  o2=2008  o3=2063  o4=2095  o5=2806  o6=0     o7=0    
[   5.90s] bloc   7         00  07  08  1e  07  d8  08  0f  08  2f [0b][01] 00  00  00  00 
                     o1=2078  o2=2008  o3=2063  o4=2095  o5=2817  o6=0     o7=0    
[   5.91s] bloc   7         00  07  08  1e  07  d8  08  0f  08  2f  0b [0d] 00  00  00  00 
                     o1=2078  o2=2008  o3=2063  o4=2095  o5=2829  o6=0     o7=0    
[   5.93s] bloc   7         00  07  08  1e  07  d8  08  0f  08  2f  0b [18] 00  00  00  00 
                     o1=2078  o2=2008  o3=2063  o4=2095  o5=2840  o6=0     o7=0    
[   5.96s] bloc   7         00  07  08  1e  07  d8  08  0f  08  2f  0b [23] 00  00  00  00 
                     o1=2078  o2=2008  o3=2063  o4=2095  o5=2851  o6=0     o7=0    
[   6.00s] bloc   7         00  07  08  1e  07  d8  08  0f  08  2f  0b [2e] 00  00  00  00 
                     o1=2078  o2=2008  o3=2063  o4=2095  o5=2862  o6=0     o7=0    
[   6.01s] bloc   7         00  07  08  1e  07  d8  08  0f  08  2f  0b [3a] 00  00  00  00 
                     o1=2078  o2=2008  o3=2063  o4=2095  o5=2874  o6=0     o7=0    
[   6.03s] bloc   7         00  07  08  1e  07  d8  08  0f  08  2f  0b [45] 00  00  00  00 
                     o1=2078  o2=2008  o3=2063  o4=2095  o5=2885  o6=0     o7=0    
[   6.05s] bloc   7         00  07  08  1e  07  d8  08  0f  08  2f  0b [50] 00  00  00  00 
                     o1=2078  o2=2008  o3=2063  o4=2095  o5=2896  o6=0     o7=0    
[   6.07s] bloc   7         00  07  08  1e  07  d8  08  0f  08  2f  0b [5b] 00  00  00  00 
                     o1=2078  o2=2008  o3=2063  o4=2095  o5=2907  o6=0     o7=0    
[   6.11s] bloc   7         00  07  08  1e  07  d8  08  0f  08  2f  0b [66] 00  00  00  00 
                     o1=2078  o2=2008  o3=2063  o4=2095  o5=2918  o6=0     o7=0    
[   6.14s] bloc   7         00  07  08  1e  07  d8  08  0f  08  2f  0b [71] 00  00  00  00 
                     o1=2078  o2=2008  o3=2063  o4=2095  o5=2929  o6=0     o7=0    
[   6.15s] bloc   7         00  07  08  1e  07  d8  08  0f  08  2f  0b [7c] 00  00  00  00 
                     o1=2078  o2=2008  o3=2063  o4=2095  o5=2940  o6=0     o7=0    
[   6.16s] bloc   7         00  07  08  1e  07  d8  08  0f  08  2f  0b [88] 00  00  00  00 
                     o1=2078  o2=2008  o3=2063  o4=2095  o5=2952  o6=0     o7=0    
[   6.16s] bloc   7         00  07  08  1e  07  d8  08  0f  08  2f  0b [93] 00  00  00  00 
                     o1=2078  o2=2008  o3=2063  o4=2095  o5=2963  o6=0     o7=0    
[   6.17s] bloc   7         00  07  08  1e  07  d8  08  0f  08  2f  0b [a3] 00  00  00  00 
                     o1=2078  o2=2008  o3=2063  o4=2095  o5=2979  o6=0     o7=0    
[   6.18s] bloc   7         00  07  08  1e  07  d8  08  0f  08  2f  0b [b0] 00  00  00  00 
                     o1=2078  o2=2008  o3=2063  o4=2095  o5=2992  o6=0     o7=0    
[   6.18s] bloc   7         00  07  08  1e  07  d8  08  0f  08  2f  0b [be] 00  00  00  00 
                     o1=2078  o2=2008  o3=2063  o4=2095  o5=3006  o6=0     o7=0    
[   6.18s] bloc   7         00  07  08  1e  07  d8  08  0f  08  2f  0b [ca] 00  00  00  00 
                     o1=2078  o2=2008  o3=2063  o4=2095  o5=3018  o6=0     o7=0    
[   6.19s] bloc   7         00  07  08  1e  07  d8  08  0f  08  2f  0b [da] 00  00  00  00 
                     o1=2078  o2=2008  o3=2063  o4=2095  o5=3034  o6=0     o7=0    
[   6.19s] bloc   7         00  07  08  1e  07  d8  08  0f  08  2f  0b [eb] 00  00  00  00 
                     o1=2078  o2=2008  o3=2063  o4=2095  o5=3051  o6=0     o7=0    
[   6.19s] … 2148 blocs recus depuis 3 s, aucun changement (total 2258)
[   6.20s] bloc   7         00  07  08  1e  07  d8  08  0f  08  2f  0b [fc] 00  00  00  00 
                     o1=2078  o2=2008  o3=2063  o4=2095  o5=3068  o6=0     o7=0    
[   6.20s] bloc   7         00  07  08  1e  07  d8  08  0f  08  2f [0c][0c] 00  00  00  00 
                     o1=2078  o2=2008  o3=2063  o4=2095  o5=3084  o6=0     o7=0    
[   6.21s] bloc   7         00  07  08  1e  07  d8  08  0f  08  2f  0c [1d] 00  00  00  00 
                     o1=2078  o2=2008  o3=2063  o4=2095  o5=3101  o6=0     o7=0    
[   6.21s] bloc   7         00  07  08  1e  07  d8  08  0f  08  2f  0c [2d] 00  00  00  00 
                     o1=2078  o2=2008  o3=2063  o4=2095  o5=3117  o6=0     o7=0    
[   6.21s] bloc   7         00  07  08  1e  07  d8  08  0f  08  2f  0c [3e] 00  00  00  00 
                     o1=2078  o2=2008  o3=2063  o4=2095  o5=3134  o6=0     o7=0    
[   6.22s] bloc   7         00  07  08  1e  07  d8  08  0f  08  2f  0c [51] 00  00  00  00 
                     o1=2078  o2=2008  o3=2063  o4=2095  o5=3153  o6=0     o7=0    
[   6.22s] bloc   7         00  07  08  1e  07  d8  08  0f  08  2f  0c [64] 00  00  00  00 
                     o1=2078  o2=2008  o3=2063  o4=2095  o5=3172  o6=0     o7=0    
[   6.23s] bloc   7         00  07  08  1e  07  d8  08  0f  08  2f  0c [77] 00  00  00  00 
                     o1=2078  o2=2008  o3=2063  o4=2095  o5=3191  o6=0     o7=0    
[   6.23s] bloc   7         00  07  08  1e  07  d8  08  0f  08  2f  0c [89] 00  00  00  00 
                     o1=2078  o2=2008  o3=2063  o4=2095  o5=3209  o6=0     o7=0    
[   6.24s] bloc   7         00  07  08  1e  07  d8  08  0f  08  2f  0c [97] 00  00  00  00 
                     o1=2078  o2=2008  o3=2063  o4=2095  o5=3223  o6=0     o7=0    
[   6.24s] bloc   7         00  07  08  1e  07  d8  08  0f  08  2f  0c [a7] 00  00  00  00 
                     o1=2078  o2=2008  o3=2063  o4=2095  o5=3239  o6=0     o7=0    
[   6.24s] bloc   7         00  07  08  1e  07  d8  08  0f  08  2f  0c [b9] 00  00  00  00 
                     o1=2078  o2=2008  o3=2063  o4=2095  o5=3257  o6=0     o7=0    
[   6.25s] bloc   7         00  07  08  1e  07  d8  08  0f  08  2f  0c [ca] 00  00  00  00 
                     o1=2078  o2=2008  o3=2063  o4=2095  o5=3274  o6=0     o7=0    
[   6.26s] bloc   7         00  07  08  1e  07  d8  08  0f  08  2f  0c [dc] 00  00  00  00 
                     o1=2078  o2=2008  o3=2063  o4=2095  o5=3292  o6=0     o7=0    
[   6.26s] bloc   7         00  07  08  1e  07  d8  08  0f  08  2f  0c [ef] 00  00  00  00 
                     o1=2078  o2=2008  o3=2063  o4=2095  o5=3311  o6=0     o7=0    
[   6.26s] bloc   7         00  07  08  1e  07  d8  08  0f  08  2f [0d][02] 00  00  00  00 
                     o1=2078  o2=2008  o3=2063  o4=2095  o5=3330  o6=0     o7=0    
[   6.26s] bloc   7         00  07  08  1e  07  d8  08  0f  08  2f  0d [0d] 00  00  00  00 
                     o1=2078  o2=2008  o3=2063  o4=2095  o5=3341  o6=0     o7=0    
[   6.27s] bloc   7         00  07  08  1e  07  d8  08  0f  08  2f  0d [18] 00  00  00  00 
                     o1=2078  o2=2008  o3=2063  o4=2095  o5=3352  o6=0     o7=0    
[   6.27s] bloc   7         00  07  08  1e  07  d8  08  0f  08  2f  0d [2c] 00  00  00  00 
                     o1=2078  o2=2008  o3=2063  o4=2095  o5=3372  o6=0     o7=0    
[   6.27s] bloc   7         00  07  08  1e  07  d8  08  0f  08  2f  0d [37] 00  00  00  00 
                     o1=2078  o2=2008  o3=2063  o4=2095  o5=3383  o6=0     o7=0    
[   6.28s] bloc   7         00  07  08  1e  07  d8  08  0f  08  2f  0d [49] 00  00  00  00 
                     o1=2078  o2=2008  o3=2063  o4=2095  o5=3401  o6=0     o7=0    
[   6.28s] bloc   7         00  07  08  1e  07  d8  08  0f  08  2f  0d [57] 00  00  00  00 
                     o1=2078  o2=2008  o3=2063  o4=2095  o5=3415  o6=0     o7=0    
[   6.28s] bloc   7         00  07  08  1e  07  d8  08  0f  08  2f  0d [65] 00  00  00  00 
                     o1=2078  o2=2008  o3=2063  o4=2095  o5=3429  o6=0     o7=0    
[   6.28s] bloc   7         00  07  08  1e  07  d8  08  0f  08  2f  0d [71] 00  00  00  00 
                     o1=2078  o2=2008  o3=2063  o4=2095  o5=3441  o6=0     o7=0    
[   6.29s] bloc   7         00  07  08  1e  07  d8  08  0f  08  2f  0d [7c] 00  00  00  00 
                     o1=2078  o2=2008  o3=2063  o4=2095  o5=3452  o6=0     o7=0    
[   6.29s] bloc   7         00  07  08  1e  07  d8  08  0f  08  2f  0d [87] 00  00  00  00 
                     o1=2078  o2=2008  o3=2063  o4=2095  o5=3463  o6=0     o7=0    
[   6.29s] bloc   7         00  07  08  1e  07  d8  08  0f  08  2f  0d [94] 00  00  00  00 
                     o1=2078  o2=2008  o3=2063  o4=2095  o5=3476  o6=0     o7=0    
[   6.29s] bloc   7         00  07  08  1e  07  d8  08  0f  08  2f  0d [a0] 00  00  00  00 
                     o1=2078  o2=2008  o3=2063  o4=2095  o5=3488  o6=0     o7=0    
[   6.30s] bloc   7         00  07  08  1e  07  d8  08  0f  08  2f  0d [af] 00  00  00  00 
                     o1=2078  o2=2008  o3=2063  o4=2095  o5=3503  o6=0     o7=0    
[   6.30s] bloc   7         00  07  08  1e  07  d8  08  0f  08  2f  0d [bf] 00  00  00  00 
                     o1=2078  o2=2008  o3=2063  o4=2095  o5=3519  o6=0     o7=0    
[   6.30s] bloc   7         00  07  08  1e  07  d8  08  0f  08  2f  0d [cb] 00  00  00  00 
                     o1=2078  o2=2008  o3=2063  o4=2095  o5=3531  o6=0     o7=0    
[   6.30s] bloc   7         00  07  08  1e  07  d8  08  0f  08  2f  0d [d8] 00  00  00  00 
                     o1=2078  o2=2008  o3=2063  o4=2095  o5=3544  o6=0     o7=0    
[   6.30s] bloc   7         00  07  08  1e  07  d8  08  0f  08  2f  0d [e7] 00  00  00  00 
                     o1=2078  o2=2008  o3=2063  o4=2095  o5=3559  o6=0     o7=0    
[   6.31s] bloc   7         00  07  08  1e  07  d8  08  0f  08  2f  0d [f7] 00  00  00  00 
                     o1=2078  o2=2008  o3=2063  o4=2095  o5=3575  o6=0     o7=0    
[   6.31s] bloc   7         00  07  08  1e  07  d8  08  0f  08  2f [0e][05] 00  00  00  00 
                     o1=2078  o2=2008  o3=2063  o4=2095  o5=3589  o6=0     o7=0    
[   6.31s] bloc   7         00  07  08  1e  07  d8  08  0f  08  2f  0e [10] 00  00  00  00 
                     o1=2078  o2=2008  o3=2063  o4=2095  o5=3600  o6=0     o7=0    
[   6.31s] bloc   7         00  07  08  1e  07  d8  08  0f  08  2f  0e [1b] 00  00  00  00 
                     o1=2078  o2=2008  o3=2063  o4=2095  o5=3611  o6=0     o7=0    
[   6.31s] bloc   7         00  07  08  1e  07  d8  08  0f  08  2f  0e [29] 00  00  00  00 
                     o1=2078  o2=2008  o3=2063  o4=2095  o5=3625  o6=0     o7=0    
[   6.32s] bloc   7         00  07  08  1e  07  d8  08  0f  08  2f  0e [3b] 00  00  00  00 
                     o1=2078  o2=2008  o3=2063  o4=2095  o5=3643  o6=0     o7=0    
[   6.32s] bloc   7         00  07  08  1e  07  d8  08  0f  08  2f  0e [4b] 00  00  00  00 
                     o1=2078  o2=2008  o3=2063  o4=2095  o5=3659  o6=0     o7=0    
[   6.32s] bloc   7         00  07  08  1e  07  d8  08  0f  08  2f  0e [5b] 00  00  00  00 
                     o1=2078  o2=2008  o3=2063  o4=2095  o5=3675  o6=0     o7=0    
[   6.32s] bloc   7         00  07  08  1e  07  d8  08  0f  08  2f  0e [68] 00  00  00  00 
                     o1=2078  o2=2008  o3=2063  o4=2095  o5=3688  o6=0     o7=0    
[   6.33s] bloc   7         00  07  08  1e  07  d8  08  0f  08  2f  0e [77] 00  00  00  00 
                     o1=2078  o2=2008  o3=2063  o4=2095  o5=3703  o6=0     o7=0    
[   6.33s] bloc   7         00  07  08  1e  07  d8  08  0f  08  2f  0e [86] 00  00  00  00 
                     o1=2078  o2=2008  o3=2063  o4=2095  o5=3718  o6=0     o7=0    
[   6.33s] bloc   7         00  07  08  1e  07  d8  08  0f  08  2f  0e [94] 00  00  00  00 
                     o1=2078  o2=2008  o3=2063  o4=2095  o5=3732  o6=0     o7=0    
[   6.33s] bloc   7         00  07  08  1e  07  d8  08  0f  08  2f  0e [a1] 00  00  00  00 
                     o1=2078  o2=2008  o3=2063  o4=2095  o5=3745  o6=0     o7=0    
[   6.33s] bloc   7         00  07  08  1e  07  d8  08  0f  08  2f  0e [b0] 00  00  00  00 
                     o1=2078  o2=2008  o3=2063  o4=2095  o5=3760  o6=0     o7=0    
[   6.34s] bloc   7         00  07  08  1e  07  d8  08  0f  08  2f  0e [c3] 00  00  00  00 
                     o1=2078  o2=2008  o3=2063  o4=2095  o5=3779  o6=0     o7=0    
[   6.34s] bloc   7         00  07  08  1e  07  d8  08  0f  08  2f  0e [d0] 00  00  00  00 
                     o1=2078  o2=2008  o3=2063  o4=2095  o5=3792  o6=0     o7=0    
[   6.34s] bloc   7         00  07  08  1e  07  d8  08  0f  08  2f  0e [de] 00  00  00  00 
                     o1=2078  o2=2008  o3=2063  o4=2095  o5=3806  o6=0     o7=0    
[   6.34s] bloc   7         00  07  08  1e  07  d8  08  0f  08  2f  0e [ee] 00  00  00  00 
                     o1=2078  o2=2008  o3=2063  o4=2095  o5=3822  o6=0     o7=0    
[   6.35s] bloc   7         00  07  08  1e  07  d8  08  0f  08  2f  0e [fd] 00  00  00  00 
                     o1=2078  o2=2008  o3=2063  o4=2095  o5=3837  o6=0     o7=0    
[   6.35s] bloc   7         00  07  08  1e  07  d8  08  0f  08  2f [0f][0d] 00  00  00  00 
                     o1=2078  o2=2008  o3=2063  o4=2095  o5=3853  o6=0     o7=0    
[   6.35s] bloc   7         00  07  08  1e  07  d8  08  0f  08  2f  0f [1b] 00  00  00  00 
                     o1=2078  o2=2008  o3=2063  o4=2095  o5=3867  o6=0     o7=0    
[   6.35s] bloc   7         00  07  08  1e  07  d8  08  0f  08  2f  0f [2b] 00  00  00  00 
                     o1=2078  o2=2008  o3=2063  o4=2095  o5=3883  o6=0     o7=0    
[   6.35s] bloc   7         00  07  08  1e  07  d8  08  0f  08  2f  0f [3a] 00  00  00  00 
                     o1=2078  o2=2008  o3=2063  o4=2095  o5=3898  o6=0     o7=0    
[   6.36s] bloc   7         00  07  08  1e  07  d8  08  0f  08  2f  0f [49] 00  00  00  00 
                     o1=2078  o2=2008  o3=2063  o4=2095  o5=3913  o6=0     o7=0    
[   6.36s] bloc   7         00  07  08  1e  07  d8  08  0f  08  2f  0f [59] 00  00  00  00 
                     o1=2078  o2=2008  o3=2063  o4=2095  o5=3929  o6=0     o7=0    
[   6.36s] bloc   7         00  07  08  1e  07  d8  08  0f  08  2f  0f [6a] 00  00  00  00 
                     o1=2078  o2=2008  o3=2063  o4=2095  o5=3946  o6=0     o7=0    
[   6.36s] bloc   7         00  07  08  1e  07  d8  08  0f  08  2f  0f [78] 00  00  00  00 
                     o1=2078  o2=2008  o3=2063  o4=2095  o5=3960  o6=0     o7=0    
[   6.36s] bloc   7         00  07  08  1e  07  d8  08  0f  08  2f  0f [88] 00  00  00  00 
                     o1=2078  o2=2008  o3=2063  o4=2095  o5=3976  o6=0     o7=0    
[   6.37s] bloc   7         00  07  08  1e  07  d8  08  0f  08  2f  0f [96] 00  00  00  00 
                     o1=2078  o2=2008  o3=2063  o4=2095  o5=3990  o6=0     o7=0    
[   6.37s] bloc   7         00  07  08  1e  07  d8  08  0f  08  2f  0f [aa] 00  00  00  00 
                     o1=2078  o2=2008  o3=2063  o4=2095  o5=4010  o6=0     o7=0    
[   6.37s] bloc   7         00  07  08  1e  07  d8  08  0f  08  2f  0f [bb] 00  00  00  00 
                     o1=2078  o2=2008  o3=2063  o4=2095  o5=4027  o6=0     o7=0    
[   6.37s] bloc   7         00  07  08  1e  07  d8  08  0f  08  2f  0f [c9] 00  00  00  00 
                     o1=2078  o2=2008  o3=2063  o4=2095  o5=4041  o6=0     o7=0    
[   6.38s] bloc   7         00  07  08  1e  07  d8  08  0f  08  2f  0f [d6] 00  00  00  00 
                     o1=2078  o2=2008  o3=2063  o4=2095  o5=4054  o6=0     o7=0    
[   6.38s] bloc   7         00  07  08  1e  07  d8  08  0f  08  2f  0f [e6] 00  00  00  00 
                     o1=2078  o2=2008  o3=2063  o4=2095  o5=4070  o6=0     o7=0    
[   6.38s] bloc   7         00  07  08  1e  07  d8  08  0f  08  2f  0f [f9] 00  00  00  00 
                     o1=2078  o2=2008  o3=2063  o4=2095  o5=4089  o6=0     o7=0    
[   6.92s] bloc   7         00  07  08  1e  07  d8  08  0f  08  2f  0f [e2] 00  00  00  00 
                     o1=2078  o2=2008  o3=2063  o4=2095  o5=4066  o6=0     o7=0    
[   6.92s] bloc   7         00  07  08  1e  07  d8  08  0f  08  2f  0f [d2] 00  00  00  00 
                     o1=2078  o2=2008  o3=2063  o4=2095  o5=4050  o6=0     o7=0    
[   6.93s] bloc   7         00  07  08  1e  07  d8  08  0f  08  2f  0f [be] 00  00  00  00 
                     o1=2078  o2=2008  o3=2063  o4=2095  o5=4030  o6=0     o7=0    
[   6.93s] bloc   7         00  07  08  1e  07  d8  08  0f  08  2f  0f [b3] 00  00  00  00 
                     o1=2078  o2=2008  o3=2063  o4=2095  o5=4019  o6=0     o7=0    
[   6.93s] bloc   7         00  07  08  1e  07  d8  08  0f  08  2f  0f [a2] 00  00  00  00 
                     o1=2078  o2=2008  o3=2063  o4=2095  o5=4002  o6=0     o7=0    
[   6.94s] bloc   7         00  07  08  1e  07  d8  08  0f  08  2f  0f [90] 00  00  00  00 
                     o1=2078  o2=2008  o3=2063  o4=2095  o5=3984  o6=0     o7=0    
[   6.94s] bloc   7         00  07  08  1e  07  d8  08  0f  08  2f  0f [7d] 00  00  00  00 
                     o1=2078  o2=2008  o3=2063  o4=2095  o5=3965  o6=0     o7=0    
[   6.95s] bloc   7         00  07  08  1e  07  d8  08  0f  08  2f  0f [72] 00  00  00  00 
                     o1=2078  o2=2008  o3=2063  o4=2095  o5=3954  o6=0     o7=0    
[   6.95s] bloc   7         00  07  08  1e  07  d8  08  0f  08  2f  0f [60] 00  00  00  00 
                     o1=2078  o2=2008  o3=2063  o4=2095  o5=3936  o6=0     o7=0    
[   6.95s] bloc   7         00  07  08  1e  07  d8  08  0f  08  2f  0f [4f] 00  00  00  00 
                     o1=2078  o2=2008  o3=2063  o4=2095  o5=3919  o6=0     o7=0    
[   6.96s] bloc   7         00  07  08  1e  07  d8  08  0f  08  2f  0f [3c] 00  00  00  00 
                     o1=2078  o2=2008  o3=2063  o4=2095  o5=3900  o6=0     o7=0    
[   6.96s] bloc   7         00  07  08  1e  07  d8  08  0f  08  2f  0f [2c] 00  00  00  00 
                     o1=2078  o2=2008  o3=2063  o4=2095  o5=3884  o6=0     o7=0    
[   6.97s] bloc   7         00  07  08  1e  07  d8  08  0f  08  2f  0f [19] 00  00  00  00 
                     o1=2078  o2=2008  o3=2063  o4=2095  o5=3865  o6=0     o7=0    
[   6.97s] bloc   7         00  07  08  1e  07  d8  08  0f  08  2f  0f [06] 00  00  00  00 
                     o1=2078  o2=2008  o3=2063  o4=2095  o5=3846  o6=0     o7=0    
[   6.98s] bloc   7         00  07  08  1e  07  d8  08  0f  08  2f [0e][f4] 00  00  00  00 
                     o1=2078  o2=2008  o3=2063  o4=2095  o5=3828  o6=0     o7=0    
[   6.98s] bloc   7         00  07  08  1e  07  d8  08  0f  08  2f  0e [e9] 00  00  00  00 
                     o1=2078  o2=2008  o3=2063  o4=2095  o5=3817  o6=0     o7=0    
[   6.98s] bloc   7         00  07  08  1e  07  d8  08  0f  08  2f  0e [d6] 00  00  00  00 
                     o1=2078  o2=2008  o3=2063  o4=2095  o5=3798  o6=0     o7=0    
[   6.99s] bloc   7         00  07  08  1e  07  d8  08  0f  08  2f  0e [bf] 00  00  00  00 
                     o1=2078  o2=2008  o3=2063  o4=2095  o5=3775  o6=0     o7=0    
[   6.99s] bloc   7         00  07  08  1e  07  d8  08  0f  08  2f  0e [b4] 00  00  00  00 
                     o1=2078  o2=2008  o3=2063  o4=2095  o5=3764  o6=0     o7=0    
[   6.99s] bloc   7         00  07  08  1e  07  d8  08  0f  08  2f  0e [a2] 00  00  00  00 
                     o1=2078  o2=2008  o3=2063  o4=2095  o5=3746  o6=0     o7=0    
[   7.00s] bloc   7         00  07  08  1e  07  d8  08  0f  08  2f  0e [91] 00  00  00  00 
                     o1=2078  o2=2008  o3=2063  o4=2095  o5=3729  o6=0     o7=0    
[   7.00s] bloc   7         00  07  08  1e  07  d8  08  0f  08  2f  0e [7d] 00  00  00  00 
                     o1=2078  o2=2008  o3=2063  o4=2095  o5=3709  o6=0     o7=0    
[   7.01s] bloc   7         00  07  08  1e  07  d8  08  0f  08  2f  0e [6b] 00  00  00  00 
                     o1=2078  o2=2008  o3=2063  o4=2095  o5=3691  o6=0     o7=0    
[   7.01s] bloc   7         00  07  08  1e  07  d8  08  0f  08  2f  0e [56] 00  00  00  00 
                     o1=2078  o2=2008  o3=2063  o4=2095  o5=3670  o6=0     o7=0    
[   7.01s] bloc   7         00  07  08  1e  07  d8  08  0f  08  2f  0e [4a] 00  00  00  00 
                     o1=2078  o2=2008  o3=2063  o4=2095  o5=3658  o6=0     o7=0    
[   7.02s] bloc   7         00  07  08  1e  07  d8  08  0f  08  2f  0e [3d] 00  00  00  00 
                     o1=2078  o2=2008  o3=2063  o4=2095  o5=3645  o6=0     o7=0    
[   7.02s] bloc   7         00  07  08  1e  07  d8  08  0f  08  2f  0e [31] 00  00  00  00 
                     o1=2078  o2=2008  o3=2063  o4=2095  o5=3633  o6=0     o7=0    
[   7.02s] bloc   7         00  07  08  1e  07  d8  08  0f  08  2f  0e [26] 00  00  00  00 
                     o1=2078  o2=2008  o3=2063  o4=2095  o5=3622  o6=0     o7=0    
[   7.02s] bloc   7         00  07  08  1e  07  d8  08  0f  08  2f  0e [15] 00  00  00  00 
                     o1=2078  o2=2008  o3=2063  o4=2095  o5=3605  o6=0     o7=0    
[   7.03s] bloc   7         00  07  08  1e  07  d8  08  0f  08  2f [0d][ff] 00  00  00  00 
                     o1=2078  o2=2008  o3=2063  o4=2095  o5=3583  o6=0     o7=0    
[   7.03s] bloc   7         00  07  08  1e  07  d8  08  0f  08  2f  0d [f1] 00  00  00  00 
                     o1=2078  o2=2008  o3=2063  o4=2095  o5=3569  o6=0     o7=0    
[   7.03s] bloc   7         00  07  08  1e  07  d8  08  0f  08  2f  0d [e5] 00  00  00  00 
                     o1=2078  o2=2008  o3=2063  o4=2095  o5=3557  o6=0     o7=0    
[   7.04s] bloc   7         00  07  08  1e  07  d8  08  0f  08  2f  0d [cf] 00  00  00  00 
                     o1=2078  o2=2008  o3=2063  o4=2095  o5=3535  o6=0     o7=0    
[   7.04s] bloc   7         00  07  08  1e  07  d8  08  0f  08  2f  0d [c1] 00  00  00  00 
                     o1=2078  o2=2008  o3=2063  o4=2095  o5=3521  o6=0     o7=0    
[   7.04s] bloc   7         00  07  08  1e  07  d8  08  0f  08  2f  0d [b4] 00  00  00  00 
                     o1=2078  o2=2008  o3=2063  o4=2095  o5=3508  o6=0     o7=0    
[   7.04s] bloc   7         00  07  08  1e  07  d8  08  0f  08  2f  0d [a7] 00  00  00  00 
                     o1=2078  o2=2008  o3=2063  o4=2095  o5=3495  o6=0     o7=0    
[   7.05s] bloc   7         00  07  08  1e  07  d8  08  0f  08  2f  0d [9c] 00  00  00  00 
                     o1=2078  o2=2008  o3=2063  o4=2095  o5=3484  o6=0     o7=0    
[   7.05s] bloc   7         00  07  08  1e  07  d8  08  0f  08  2f  0d [89] 00  00  00  00 
                     o1=2078  o2=2008  o3=2063  o4=2095  o5=3465  o6=0     o7=0    
[   7.05s] bloc   7         00  07  08  1e  07  d8  08  0f  08  2f  0d [73] 00  00  00  00 
                     o1=2078  o2=2008  o3=2063  o4=2095  o5=3443  o6=0     o7=0    
[   7.06s] bloc   7         00  07  08  1e  07  d8  08  0f  08  2f  0d [64] 00  00  00  00 
                     o1=2078  o2=2008  o3=2063  o4=2095  o5=3428  o6=0     o7=0    
[   7.06s] bloc   7         00  07  08  1e  07  d8  08  0f  08  2f  0d [58] 00  00  00  00 
                     o1=2078  o2=2008  o3=2063  o4=2095  o5=3416  o6=0     o7=0    
[   7.06s] bloc   7         00  07  08  1e  07  d8  08  0f  08  2f  0d [45] 00  00  00  00 
                     o1=2078  o2=2008  o3=2063  o4=2095  o5=3397  o6=0     o7=0    
[   7.07s] bloc   7         00  07  08  1e  07  d8  08  0f  08  2f  0d [32] 00  00  00  00 
                     o1=2078  o2=2008  o3=2063  o4=2095  o5=3378  o6=0     o7=0    
[   7.07s] bloc   7         00  07  08  1e  07  d8  08  0f  08  2f  0d [1c] 00  00  00  00 
                     o1=2078  o2=2008  o3=2063  o4=2095  o5=3356  o6=0     o7=0    
[   7.07s] bloc   7         00  07  08  1e  07  d8  08  0f  08  2f  0d [11] 00  00  00  00 
                     o1=2078  o2=2008  o3=2063  o4=2095  o5=3345  o6=0     o7=0    
[   7.08s] bloc   7         00  07  08  1e  07  d8  08  0f  08  2f [0c][fe] 00  00  00  00 
                     o1=2078  o2=2008  o3=2063  o4=2095  o5=3326  o6=0     o7=0    
[   7.08s] bloc   7         00  07  08  1e  07  d8  08  0f  08  2f  0c [ea] 00  00  00  00 
                     o1=2078  o2=2008  o3=2063  o4=2095  o5=3306  o6=0     o7=0    
[   7.09s] bloc   7         00  07  08  1e  07  d8  08  0f  08  2f  0c [d8] 00  00  00  00 
                     o1=2078  o2=2008  o3=2063  o4=2095  o5=3288  o6=0     o7=0    
[   7.09s] bloc   7         00  07  08  1e  07  d8  08  0f  08  2f  0c [c5] 00  00  00  00 
                     o1=2078  o2=2008  o3=2063  o4=2095  o5=3269  o6=0     o7=0    
[   7.10s] bloc   7         00  07  08  1e  07  d8  08  0f  08  2f  0c [b2] 00  00  00  00 
                     o1=2078  o2=2008  o3=2063  o4=2095  o5=3250  o6=0     o7=0    
[   7.10s] bloc   7         00  07  08  1e  07  d8  08  0f  08  2f  0c [a1] 00  00  00  00 
                     o1=2078  o2=2008  o3=2063  o4=2095  o5=3233  o6=0     o7=0    
[   7.10s] bloc   7         00  07  08  1e  07  d8  08  0f  08  2f  0c [94] 00  00  00  00 
                     o1=2078  o2=2008  o3=2063  o4=2095  o5=3220  o6=0     o7=0    
[   7.11s] bloc   7         00  07  08  1e  07  d8  08  0f  08  2f  0c [82] 00  00  00  00 
                     o1=2078  o2=2008  o3=2063  o4=2095  o5=3202  o6=0     o7=0    
[   7.11s] bloc   7         00  07  08  1e  07  d8  08  0f  08  2f  0c [70] 00  00  00  00 
                     o1=2078  o2=2008  o3=2063  o4=2095  o5=3184  o6=0     o7=0    
[   7.12s] bloc   7         00  07  08  1e  07  d8  08  0f  08  2f  0c [5e] 00  00  00  00 
                     o1=2078  o2=2008  o3=2063  o4=2095  o5=3166  o6=0     o7=0    
[   7.12s] bloc   7         00  07  08  1e  07  d8  08  0f  08  2f  0c [4c] 00  00  00  00 
                     o1=2078  o2=2008  o3=2063  o4=2095  o5=3148  o6=0     o7=0    
[   7.13s] bloc   7         00  07  08  1e  07  d8  08  0f  08  2f  0c [3c] 00  00  00  00 
                     o1=2078  o2=2008  o3=2063  o4=2095  o5=3132  o6=0     o7=0    
[   7.13s] bloc   7         00  07  08  1e  07  d8  08  0f  08  2f  0c [2d] 00  00  00  00 
                     o1=2078  o2=2008  o3=2063  o4=2095  o5=3117  o6=0     o7=0    
[   7.13s] bloc   7         00  07  08  1e  07  d8  08  0f  08  2f  0c [1d] 00  00  00  00 
                     o1=2078  o2=2008  o3=2063  o4=2095  o5=3101  o6=0     o7=0    
[   7.14s] bloc   7         00  07  08  1e  07  d8  08  0f  08  2f  0c [0f] 00  00  00  00 
                     o1=2078  o2=2008  o3=2063  o4=2095  o5=3087  o6=0     o7=0    
[   7.14s] bloc   7         00  07  08  1e  07  d8  08  0f  08  2f  0c [01] 00  00  00  00 
                     o1=2078  o2=2008  o3=2063  o4=2095  o5=3073  o6=0     o7=0    
[   7.15s] bloc   7         00  07  08  1e  07  d8  08  0f  08  2f [0b][f3] 00  00  00  00 
                     o1=2078  o2=2008  o3=2063  o4=2095  o5=3059  o6=0     o7=0    
[   7.15s] bloc   7         00  07  08  1e  07  d8  08  0f  08  2f  0b [e6] 00  00  00  00 
                     o1=2078  o2=2008  o3=2063  o4=2095  o5=3046  o6=0     o7=0    
[   7.16s] bloc   7         00  07  08  1e  07  d8  08  0f  08  2f  0b [d9] 00  00  00  00 
                     o1=2078  o2=2008  o3=2063  o4=2095  o5=3033  o6=0     o7=0    
[   7.16s] bloc   7         00  07  08  1e  07  d8  08  0f  08  2f  0b [ce] 00  00  00  00 
                     o1=2078  o2=2008  o3=2063  o4=2095  o5=3022  o6=0     o7=0    
[   7.17s] bloc   7         00  07  08  1e  07  d8  08  0f  08  2f  0b [c3] 00  00  00  00 
                     o1=2078  o2=2008  o3=2063  o4=2095  o5=3011  o6=0     o7=0    
[   7.17s] bloc   7         00  07  08  1e  07  d8  08  0f  08  2f  0b [b8] 00  00  00  00 
                     o1=2078  o2=2008  o3=2063  o4=2095  o5=3000  o6=0     o7=0    
[   7.18s] bloc   7         00  07  08  1e  07  d8  08  0f  08  2f  0b [ac] 00  00  00  00 
                     o1=2078  o2=2008  o3=2063  o4=2095  o5=2988  o6=0     o7=0    
[   7.18s] bloc   7         00  07  08  1e  07  d8  08  0f  08  2f  0b [a1] 00  00  00  00 
                     o1=2078  o2=2008  o3=2063  o4=2095  o5=2977  o6=0     o7=0    
[   7.19s] bloc   7         00  07  08  1e  07  d8  08  0f  08  2f  0b [92] 00  00  00  00 
                     o1=2078  o2=2008  o3=2063  o4=2095  o5=2962  o6=0     o7=0    
[   7.19s] bloc   7         00  07  08  1e  07  d8  08  0f  08  2f  0b [85] 00  00  00  00 
                     o1=2078  o2=2008  o3=2063  o4=2095  o5=2949  o6=0     o7=0    
[   7.19s] bloc   7         00  07  08  1e  07  d8  08  0f  08  2f  0b [78] 00  00  00  00 
                     o1=2078  o2=2008  o3=2063  o4=2095  o5=2936  o6=0     o7=0    
[   7.20s] bloc   7         00  07  08  1e  07  d8  08  0f  08  2f  0b [69] 00  00  00  00 
                     o1=2078  o2=2008  o3=2063  o4=2095  o5=2921  o6=0     o7=0    
[   7.21s] bloc   7         00  07  08  1e  07  d8  08  0f  08  2f  0b [5e] 00  00  00  00 
                     o1=2078  o2=2008  o3=2063  o4=2095  o5=2910  o6=0     o7=0    
[   7.21s] bloc   7         00  07  08  1e  07  d8  08  0f  08  2f  0b [51] 00  00  00  00 
                     o1=2078  o2=2008  o3=2063  o4=2095  o5=2897  o6=0     o7=0    
[   7.21s] bloc   7         00  07  08  1e  07  d8  08  0f  08  2f  0b [43] 00  00  00  00 
                     o1=2078  o2=2008  o3=2063  o4=2095  o5=2883  o6=0     o7=0    
[   7.22s] bloc   7         00  07  08  1e  07  d8  08  0f  08  2f  0b [33] 00  00  00  00 
                     o1=2078  o2=2008  o3=2063  o4=2095  o5=2867  o6=0     o7=0    
[   7.22s] bloc   7         00  07  08  1e  07  d8  08  0f  08  2f  0b [27] 00  00  00  00 
                     o1=2078  o2=2008  o3=2063  o4=2095  o5=2855  o6=0     o7=0    
[   7.24s] bloc   7         00  07  08  1e  07  d8  08  0f  08  2f  0b [18] 00  00  00  00 
                     o1=2078  o2=2008  o3=2063  o4=2095  o5=2840  o6=0     o7=0    
[   7.25s] bloc   7         00  07  08  1e  07  d8  08  0f  08  2f  0b [0c] 00  00  00  00 
                     o1=2078  o2=2008  o3=2063  o4=2095  o5=2828  o6=0     o7=0    
[   7.25s] bloc   7         00  07  08  1e  07  d8  08  0f  08  2f [0a][e8] 00  00  00  00 
                     o1=2078  o2=2008  o3=2063  o4=2095  o5=2792  o6=0     o7=0    
[   7.25s] bloc   7         00  07  08  1e  07  d8  08  0f  08  2f  0a [dd] 00  00  00  00 
                     o1=2078  o2=2008  o3=2063  o4=2095  o5=2781  o6=0     o7=0    
[   7.26s] bloc   7         00  07  08  1e  07  d8  08  0f  08  2f  0a [d0] 00  00  00  00 
                     o1=2078  o2=2008  o3=2063  o4=2095  o5=2768  o6=0     o7=0    
[   7.27s] bloc   7         00  07  08  1e  07  d8  08  0f  08  2f  0a [c0] 00  00  00  00 
                     o1=2078  o2=2008  o3=2063  o4=2095  o5=2752  o6=0     o7=0    
[   7.27s] bloc   7         00  07  08  1e  07  d8  08  0f  08  2f  0a [b3] 00  00  00  00 
                     o1=2078  o2=2008  o3=2063  o4=2095  o5=2739  o6=0     o7=0    
[   7.28s] bloc   7         00  07  08  1e  07  d8  08  0f  08  2f  0a [a4] 00  00  00  00 
                     o1=2078  o2=2008  o3=2063  o4=2095  o5=2724  o6=0     o7=0    
[   7.29s] bloc   7         00  07  08  1e  07  d8  08  0f  08  2f  0a [94] 00  00  00  00 
                     o1=2078  o2=2008  o3=2063  o4=2095  o5=2708  o6=0     o7=0    
[   7.29s] bloc   7         00  07  08  1e  07  d8  08  0f  08  2f  0a [89] 00  00  00  00 
                     o1=2078  o2=2008  o3=2063  o4=2095  o5=2697  o6=0     o7=0    
[   7.30s] bloc   7         00  07  08  1e  07  d8  08  0f  08  2f  0a [7e] 00  00  00  00 
                     o1=2078  o2=2008  o3=2063  o4=2095  o5=2686  o6=0     o7=0    
[   7.30s] bloc   7         00  07  08  1e  07  d8  08  0f  08  2f  0a [70] 00  00  00  00 
                     o1=2078  o2=2008  o3=2063  o4=2095  o5=2672  o6=0     o7=0    
[   7.31s] bloc   7         00  07  08  1e  07  d8  08  0f  08  2f  0a [62] 00  00  00  00 
                     o1=2078  o2=2008  o3=2063  o4=2095  o5=2658  o6=0     o7=0    
[   7.31s] bloc   7         00  07  08  1e  07  d8  08  0f  08  2f  0a [57] 00  00  00  00 
                     o1=2078  o2=2008  o3=2063  o4=2095  o5=2647  o6=0     o7=0    
[   7.32s] bloc   7         00  07  08  1e  07  d8  08  0f  08  2f  0a [48] 00  00  00  00 
                     o1=2078  o2=2008  o3=2063  o4=2095  o5=2632  o6=0     o7=0    
[   7.32s] bloc   7         00  07  08  1e  07  d8  08  0f  08  2f  0a [3d] 00  00  00  00 
                     o1=2078  o2=2008  o3=2063  o4=2095  o5=2621  o6=0     o7=0    
[   7.33s] bloc   7         00  07  08  1e  07  d8  08  0f  08  2f  0a [2f] 00  00  00  00 
                     o1=2078  o2=2008  o3=2063  o4=2095  o5=2607  o6=0     o7=0    
[   7.34s] bloc   7         00  07  08  1e  07  d8  08  0f  08  2f  0a [21] 00  00  00  00 
                     o1=2078  o2=2008  o3=2063  o4=2095  o5=2593  o6=0     o7=0    
[   7.34s] bloc   7         00  07  08  1e  07  d8  08  0f  08  2f  0a [16] 00  00  00  00 
                     o1=2078  o2=2008  o3=2063  o4=2095  o5=2582  o6=0     o7=0    
[   7.35s] bloc   7         00  07  08  1e  07  d8  08  0f  08  2f  0a [0b] 00  00  00  00 
                     o1=2078  o2=2008  o3=2063  o4=2095  o5=2571  o6=0     o7=0    
[   7.36s] bloc   7         00  07  08  1e  07  d8  08  0f  08  2f [09][fe] 00  00  00  00 
                     o1=2078  o2=2008  o3=2063  o4=2095  o5=2558  o6=0     o7=0    
[   7.36s] bloc   7         00  07  08  1e  07  d8  08  0f  08  2f  09 [f2] 00  00  00  00 
                     o1=2078  o2=2008  o3=2063  o4=2095  o5=2546  o6=0     o7=0    
[   7.37s] bloc   7         00  07  08  1e  07  d8  08  0f  08  2f  09 [e4] 00  00  00  00 
                     o1=2078  o2=2008  o3=2063  o4=2095  o5=2532  o6=0     o7=0    
[   7.38s] bloc   7         00  07  08  1e  07  d8  08  0f  08  2f  09 [d5] 00  00  00  00 
                     o1=2078  o2=2008  o3=2063  o4=2095  o5=2517  o6=0     o7=0    
[   7.38s] bloc   7         00  07  08  1e  07  d8  08  0f  08  2f  09 [c7] 00  00  00  00 
                     o1=2078  o2=2008  o3=2063  o4=2095  o5=2503  o6=0     o7=0    
[   7.39s] bloc   7         00  07  08  1e  07  d8  08  0f  08  2f  09 [b9] 00  00  00  00 
                     o1=2078  o2=2008  o3=2063  o4=2095  o5=2489  o6=0     o7=0    
[   7.40s] bloc   7         00  07  08  1e  07  d8  08  0f  08  2f  09 [ac] 00  00  00  00 
                     o1=2078  o2=2008  o3=2063  o4=2095  o5=2476  o6=0     o7=0    
[   7.41s] bloc   7         00  07  08  1e  07  d8  08  0f  08  2f  09 [a1] 00  00  00  00 
                     o1=2078  o2=2008  o3=2063  o4=2095  o5=2465  o6=0     o7=0    
[   7.42s] bloc   7         00  07  08  1e  07  d8  08  0f  08  2f  09 [94] 00  00  00  00 
                     o1=2078  o2=2008  o3=2063  o4=2095  o5=2452  o6=0     o7=0    
[   7.43s] bloc   7         00  07  08  1e  07  d8  08  0f  08  2f  09 [89] 00  00  00  00 
                     o1=2078  o2=2008  o3=2063  o4=2095  o5=2441  o6=0     o7=0    
[   7.44s] bloc   7         00  07  08  1e  07  d8  08  0f  08  2f  09 [7d] 00  00  00  00 
                     o1=2078  o2=2008  o3=2063  o4=2095  o5=2429  o6=0     o7=0    
[   7.45s] bloc   7         00  07  08  1e  07  d8  08  0f  08  2f  09 [71] 00  00  00  00 
                     o1=2078  o2=2008  o3=2063  o4=2095  o5=2417  o6=0     o7=0    
[   7.45s] bloc   7         00  07  08  1e  07  d8  08  0f  08  2f  09 [66] 00  00  00  00 
                     o1=2078  o2=2008  o3=2063  o4=2095  o5=2406  o6=0     o7=0    
[   7.46s] bloc   7         00  07  08  1e  07  d8  08  0f  08  2f  09 [5b] 00  00  00  00 
                     o1=2078  o2=2008  o3=2063  o4=2095  o5=2395  o6=0     o7=0    
[   7.47s] bloc   7         00  07  08  1e  07  d8  08  0f  08  2f  09 [4e] 00  00  00  00 
                     o1=2078  o2=2008  o3=2063  o4=2095  o5=2382  o6=0     o7=0    
[   7.48s] bloc   7         00  07  08  1e  07  d8  08  0f  08  2f  09 [41] 00  00  00  00 
                     o1=2078  o2=2008  o3=2063  o4=2095  o5=2369  o6=0     o7=0    
[   7.49s] bloc   7         00  07  08  1e  07  d8  08  0f  08  2f  09 [36] 00  00  00  00 
                     o1=2078  o2=2008  o3=2063  o4=2095  o5=2358  o6=0     o7=0    
[   7.49s] bloc   7         00  07  08  1e  07  d8  08  0f  08  2f  09 [26] 00  00  00  00 
                     o1=2078  o2=2008  o3=2063  o4=2095  o5=2342  o6=0     o7=0    
[   7.50s] bloc   7         00  07  08  1e  07  d8  08  0f  08  2f  09 [19] 00  00  00  00 
                     o1=2078  o2=2008  o3=2063  o4=2095  o5=2329  o6=0     o7=0    
[   7.50s] bloc   7         00  07  08  1e  07  d8  08  0f  08  2f  09 [0c] 00  00  00  00 
                     o1=2078  o2=2008  o3=2063  o4=2095  o5=2316  o6=0     o7=0    
[   7.51s] bloc   7         00  07  08  1e  07  d8  08  0f  08  2f  09 [00] 00  00  00  00 
                     o1=2078  o2=2008  o3=2063  o4=2095  o5=2304  o6=0     o7=0    
[   7.52s] bloc   7         00  07  08  1e  07  d8  08  0f  08  2f [08][f3] 00  00  00  00 
                     o1=2078  o2=2008  o3=2063  o4=2095  o5=2291  o6=0     o7=0    
[   7.53s] bloc   7         00  07  08  1e  07  d8  08  0f  08  2f  08 [e7] 00  00  00  00 
                     o1=2078  o2=2008  o3=2063  o4=2095  o5=2279  o6=0     o7=0    
[   7.53s] bloc   7         00  07  08  1e  07  d8  08  0f  08  2f  08 [db] 00  00  00  00 
                     o1=2078  o2=2008  o3=2063  o4=2095  o5=2267  o6=0     o7=0    
[   7.54s] bloc   7         00  07  08  1e  07  d8  08  0f  08  2f  08 [cd] 00  00  00  00 
                     o1=2078  o2=2008  o3=2063  o4=2095  o5=2253  o6=0     o7=0    
[   7.55s] bloc   7         00  07  08  1e  07  d8  08  0f  08  2f  08 [c0] 00  00  00  00 
                     o1=2078  o2=2008  o3=2063  o4=2095  o5=2240  o6=0     o7=0    
[   7.55s] bloc   7         00  07  08  1e  07  d8  08  0f  08  2f  08 [b4] 00  00  00  00 
                     o1=2078  o2=2008  o3=2063  o4=2095  o5=2228  o6=0     o7=0    
[   7.56s] bloc   7         00  07  08  1e  07  d8  08  0f  08  2f  08 [a8] 00  00  00  00 
                     o1=2078  o2=2008  o3=2063  o4=2095  o5=2216  o6=0     o7=0    
[   7.57s] bloc   7         00  07  08  1e  07  d8  08  0f  08  2f  08 [9c] 00  00  00  00 
                     o1=2078  o2=2008  o3=2063  o4=2095  o5=2204  o6=0     o7=0    
[   7.57s] bloc   7         00  07  08  1e  07  d8  08  0f  08  2f  08 [8f] 00  00  00  00 
                     o1=2078  o2=2008  o3=2063  o4=2095  o5=2191  o6=0     o7=0    
[   7.58s] bloc   7         00  07  08  1e  07  d8  08  0f  08  2f  08 [83] 00  00  00  00 
                     o1=2078  o2=2008  o3=2063  o4=2095  o5=2179  o6=0     o7=0    
[   7.59s] bloc   7         00  07  08  1e  07  d8  08  0f  08  2f  08 [75] 00  00  00  00 
                     o1=2078  o2=2008  o3=2063  o4=2095  o5=2165  o6=0     o7=0    
[   7.60s] bloc   7         00  07  08  1e  07  d8  08  0f  08  2f  08 [68] 00  00  00  00 
                     o1=2078  o2=2008  o3=2063  o4=2095  o5=2152  o6=0     o7=0    
[   7.60s] bloc   7         00  07  08  1e  07  d8  08  0f  08  2f  08 [5d] 00  00  00  00 
                     o1=2078  o2=2008  o3=2063  o4=2095  o5=2141  o6=0     o7=0    
[   7.61s] bloc   7         00  07  08  1e  07  d8  08  0f  08  2f  08 [4f] 00  00  00  00 
                     o1=2078  o2=2008  o3=2063  o4=2095  o5=2127  o6=0     o7=0    
[   7.62s] bloc   7         00  07  08  1e  07  d8  08  0f  08  2f  08 [3f] 00  00  00  00 
                     o1=2078  o2=2008  o3=2063  o4=2095  o5=2111  o6=0     o7=0    
[   7.63s] bloc   7         00  07  08  1e  07  d8  08  0f  08  2f  08 [31] 00  00  00  00 
                     o1=2078  o2=2008  o3=2063  o4=2095  o5=2097  o6=0     o7=0    
[   7.63s] bloc   7         00  07  08  1e  07  d8  08  0f  08  2f  08 [25] 00  00  00  00 
                     o1=2078  o2=2008  o3=2063  o4=2095  o5=2085  o6=0     o7=0    
[   7.65s] bloc   7         00  07  08  1e  07  d8  08  0f  08  2f  08 [1a] 00  00  00  00 
                     o1=2078  o2=2008  o3=2063  o4=2095  o5=2074  o6=0     o7=0    
[   9.30s] … 1230 blocs recus depuis 3 s, aucun changement (total 3488)
[  12.36s] … plus aucun bloc ne parvient (total 3488)

Arret. 3488 blocs recus au total.
