sonde-s4mk1 — surveillance (17cc:baff)
Ctrl-C pour arreter.

✅ S4 arme.
   (GET_DEVICE_INFO sans reponse — non bloquant)
   Bouge un controle : seuls les blocs qui changent s'affichent.

[   2.62s] axe  0 volume canal D      2 / 4095
[   2.62s] axe  1 volume canal B      2 / 4095
[   2.62s] axe  2 volume canal A      3 / 4095
[   2.62s] axe  7 crossfader       2038 / 4095
[   2.62s] axe  6 tempo droit      1958 / 4095
[   2.62s] axe  5 tempo gauche     2037 / 4095
[   2.62s] axe 10 proximite jog G  3043 / 4095
[   2.62s] axe 11 proximite jog D  3092 / 4095
[   2.62s] axe 12 EQ D filtre      2091 / 4095
[   2.62s] axe 13 EQ D bas         2087 / 4095
[   2.62s] axe 14 EQ D medium      2081 / 4095
[   2.62s] axe 15 EQ D haut        2042 / 4095
[   2.62s] axe 16 FX2 dry/wet      2089 / 4095
[   2.62s] axe 17 FX2 1            2060 / 4095
[   2.62s] axe 18 FX2 2            2053 / 4095
[   2.62s] axe 19 FX2 3            2102 / 4095
[   2.62s] axe 20 EQ B filtre      2055 / 4095
[   2.62s] axe 21 EQ B bas         2087 / 4095
[   2.62s] axe 22 EQ B medium      2132 / 4095
[   2.62s] axe 23 EQ B haut        2074 / 4095
[   2.62s] axe 24 EQ A filtre      2060 / 4095
[   2.62s] axe 25 EQ A bas         2053 / 4095
[   2.62s] axe 26 EQ A medium      2110 / 4095
[   2.62s] axe 27 EQ A haut        2075 / 4095
[   2.62s] axe 28 EQ C filtre      2076 / 4095
[   2.62s] axe 29 EQ C bas         2080 / 4095
[   2.62s] axe 30 EQ C medium      2102 / 4095
[   2.62s] axe 31 EQ C haut        2084 / 4095
[   2.62s] axe 32 FX1 dry/wet      2010 / 4095
[   2.62s] axe 33 FX1 1            2069 / 4095
[   2.62s] axe 34 FX1 2            2097 / 4095
[   2.62s] axe 35 FX1 3            2073 / 4095
[   2.62s] bouton 20  enfonce
[   2.62s] bouton 23  enfonce
[   2.62s] bouton 86  enfonce
[   2.62s] bouton 87  enfonce
[   2.62s] jog G  position    2 / 1023  (horodatage 0x0003)
[   2.62s] encodeur 1  cran 15 / 15
[   2.62s] encodeur 3  cran 15 / 15
[   2.62s] encodeur 4  cran 15 / 15
[   2.62s] encodeur 5  cran 15 / 15
[   2.62s] encodeur 6  cran 15 / 15
[   2.62s] encodeur 7  cran 15 / 15
[   2.62s] encodeur 8  cran 15 / 15
[   2.63s] axe  7 crossfader       2018 / 4095
[   2.63s] axe  6 tempo droit      1941 / 4095
[   2.63s] axe  5 tempo gauche     2023 / 4095
[   2.63s] axe 10 proximite jog G  3020 / 4095
[   2.63s] axe 11 proximite jog D  3063 / 4095
[   2.63s] axe 12 EQ D filtre      2075 / 4095
[   2.63s] axe 13 EQ D bas         2075 / 4095
[   2.63s] axe 14 EQ D medium      2069 / 4095
[   2.63s] axe 15 EQ D haut        2030 / 4095
[   2.63s] axe 16 FX2 dry/wet      2076 / 4095
[   2.63s] axe 17 FX2 1            2044 / 4095
[   2.63s] axe 18 FX2 2            2034 / 4095
[   2.63s] axe 19 FX2 3            2086 / 4095
[   2.63s] axe 20 EQ B filtre      2038 / 4095
[   2.63s] axe 21 EQ B bas         2070 / 4095
[   2.63s] axe 22 EQ B medium      2115 / 4095
[   2.63s] axe 23 EQ B haut        2062 / 4095
[   2.63s] axe 24 EQ A filtre      2043 / 4095
[   2.63s] axe 25 EQ A bas         2037 / 4095
[   2.63s] axe 26 EQ A medium      2093 / 4095
[   2.63s] axe 27 EQ A haut        2063 / 4095
[   2.63s] axe 28 EQ C filtre      2059 / 4095
[   2.63s] axe 29 EQ C bas         2063 / 4095
[   2.63s] axe 30 EQ C medium      2085 / 4095
[   2.63s] axe 31 EQ C haut        2067 / 4095
[   2.63s] axe 32 FX1 dry/wet      1997 / 4095
[   2.63s] axe 33 FX1 1            2052 / 4095
[   2.63s] axe 34 FX1 2            2084 / 4095
[   2.63s] axe 35 FX1 3            2057 / 4095
[   2.65s] axe 11 proximite jog D  3074 / 4095
[   2.65s] axe 28 EQ C filtre      2070 / 4095
[   2.65s] axe 29 EQ C bas         2074 / 4095
[   2.65s] axe 30 EQ C medium      2096 / 4095
[   2.65s] axe 31 EQ C haut        2078 / 4095
[   2.66s] axe 34 FX1 2            2095 / 4095
[   2.66s] axe 35 FX1 3            2068 / 4095
[   2.66s] axe 32 FX1 dry/wet      2008 / 4095
[   2.66s] axe 33 FX1 1            2063 / 4095
[   2.66s] axe 10 proximite jog G  3031 / 4095
[   2.67s] axe  7 crossfader       2029 / 4095
[   2.68s] axe 17 FX2 1            2055 / 4095
[   2.68s] axe 20 EQ B filtre      2049 / 4095
[   2.68s] axe 24 EQ A filtre      2054 / 4095
[   2.69s] axe  6 tempo droit      1952 / 4095
[   2.69s] axe  5 tempo gauche     2034 / 4095
[   2.69s] axe 22 EQ B medium      2126 / 4095
[   2.69s] axe 26 EQ A medium      2104 / 4095
[   2.69s] axe 18 FX2 2            2045 / 4095
[   2.69s] axe 21 EQ B bas         2081 / 4095
[   2.69s] axe 13 EQ D bas         2086 / 4095
[   2.69s] axe 14 EQ D medium      2080 / 4095
[   2.69s] axe 15 EQ D haut        2041 / 4095
[   2.69s] axe 19 FX2 3            2097 / 4095
[   2.69s] axe 23 EQ B haut        2073 / 4095
[   2.69s] axe 25 EQ A bas         2048 / 4095
[   2.69s] axe 16 FX2 dry/wet      2087 / 4095
[   2.69s] axe 27 EQ A haut        2074 / 4095
[   2.70s] axe 12 EQ D filtre      2086 / 4095
[   2.71s] axe 11 proximite jog D  3085 / 4095
[   2.74s] axe 10 proximite jog G  3042 / 4095
[   3.12s] … 116 blocs recus depuis 3 s, aucun changement (total 116)
[   6.12s] … 2910 blocs recus depuis 3 s, aucun changement (total 3026)
[   7.63s] axe  5 tempo gauche     2021 / 4095
[   7.63s] axe  5 tempo gauche     2005 / 4095
[   7.64s] axe  5 tempo gauche     1985 / 4095
[   7.64s] axe  5 tempo gauche     1970 / 4095
[   7.65s] axe  5 tempo gauche     1955 / 4095
[   7.66s] axe  5 tempo gauche     1942 / 4095
[   7.66s] axe  5 tempo gauche     1931 / 4095
[   7.67s] axe  5 tempo gauche     1914 / 4095
[   7.67s] axe  5 tempo gauche     1902 / 4095
[   7.68s] axe  5 tempo gauche     1890 / 4095
[   7.68s] axe  5 tempo gauche     1876 / 4095
[   7.69s] axe  5 tempo gauche     1864 / 4095
[   7.70s] axe  5 tempo gauche     1852 / 4095
[   7.70s] axe  5 tempo gauche     1838 / 4095
[   7.71s] axe  5 tempo gauche     1824 / 4095
[   7.71s] axe  5 tempo gauche     1808 / 4095
[   7.72s] axe  5 tempo gauche     1797 / 4095
[   7.72s] axe  5 tempo gauche     1786 / 4095
[   7.73s] axe  5 tempo gauche     1775 / 4095
[   7.73s] axe  5 tempo gauche     1764 / 4095
[   7.74s] axe  5 tempo gauche     1752 / 4095
[   7.74s] axe  5 tempo gauche     1739 / 4095
[   7.75s] axe  5 tempo gauche     1726 / 4095
[   7.75s] axe  5 tempo gauche     1714 / 4095
[   7.76s] axe  5 tempo gauche     1701 / 4095
[   7.76s] axe  5 tempo gauche     1688 / 4095
[   7.76s] axe  5 tempo gauche     1674 / 4095
[   7.77s] axe  5 tempo gauche     1660 / 4095
[   7.77s] axe  5 tempo gauche     1647 / 4095
[   7.78s] axe  5 tempo gauche     1633 / 4095
[   7.78s] axe  5 tempo gauche     1620 / 4095
[   7.79s] axe  5 tempo gauche     1607 / 4095
[   7.79s] axe  5 tempo gauche     1594 / 4095
[   7.79s] axe  5 tempo gauche     1580 / 4095
[   7.80s] axe  5 tempo gauche     1566 / 4095
[   7.80s] axe  5 tempo gauche     1552 / 4095
[   7.81s] axe  5 tempo gauche     1539 / 4095
[   7.81s] axe  5 tempo gauche     1523 / 4095
[   7.82s] axe  5 tempo gauche     1509 / 4095
[   7.82s] axe  5 tempo gauche     1494 / 4095
[   7.82s] axe  5 tempo gauche     1479 / 4095
[   7.83s] axe  5 tempo gauche     1466 / 4095
[   7.83s] axe  5 tempo gauche     1451 / 4095
[   7.84s] axe  5 tempo gauche     1436 / 4095
[   7.84s] axe  5 tempo gauche     1421 / 4095
[   7.85s] axe  5 tempo gauche     1406 / 4095
[   7.85s] axe  5 tempo gauche     1391 / 4095
[   7.85s] axe  5 tempo gauche     1377 / 4095
[   7.86s] axe  5 tempo gauche     1362 / 4095
[   7.86s] axe  5 tempo gauche     1347 / 4095
[   7.87s] axe  5 tempo gauche     1333 / 4095
[   7.87s] axe  5 tempo gauche     1319 / 4095
[   7.88s] axe  5 tempo gauche     1304 / 4095
[   7.88s] axe  5 tempo gauche     1290 / 4095
[   7.89s] axe  5 tempo gauche     1275 / 4095
[   7.89s] axe  5 tempo gauche     1262 / 4095
[   7.89s] axe  5 tempo gauche     1248 / 4095
[   7.90s] axe  5 tempo gauche     1235 / 4095
[   7.90s] axe  5 tempo gauche     1222 / 4095
[   7.91s] axe  5 tempo gauche     1209 / 4095
[   7.91s] axe  5 tempo gauche     1195 / 4095
[   7.92s] axe  5 tempo gauche     1183 / 4095
[   7.92s] axe  5 tempo gauche     1170 / 4095
[   7.93s] axe  5 tempo gauche     1159 / 4095
[   7.93s] axe  5 tempo gauche     1147 / 4095
[   7.93s] axe  5 tempo gauche     1135 / 4095
[   7.94s] axe  5 tempo gauche     1123 / 4095
[   7.94s] axe  5 tempo gauche     1106 / 4095
[   7.95s] axe  5 tempo gauche     1095 / 4095
[   7.96s] axe  5 tempo gauche     1079 / 4095
[   7.96s] axe  5 tempo gauche     1067 / 4095
[   7.96s] axe  5 tempo gauche     1056 / 4095
[   7.97s] axe  5 tempo gauche     1044 / 4095
[   7.97s] axe  5 tempo gauche     1032 / 4095
[   7.98s] axe  5 tempo gauche     1019 / 4095
[   7.98s] axe  5 tempo gauche     1004 / 4095
[   7.99s] axe  5 tempo gauche      990 / 4095
[   8.00s] axe  5 tempo gauche      976 / 4095
[   8.00s] axe  5 tempo gauche      962 / 4095
[   8.01s] axe  5 tempo gauche      949 / 4095
[   8.02s] axe  5 tempo gauche      936 / 4095
[   8.02s] axe  5 tempo gauche      924 / 4095
[   8.03s] axe  5 tempo gauche      912 / 4095
[   8.04s] axe  5 tempo gauche      901 / 4095
[   8.04s] axe  5 tempo gauche      889 / 4095
[   8.05s] axe  5 tempo gauche      878 / 4095
[   8.06s] axe  5 tempo gauche      865 / 4095
[   8.06s] axe  5 tempo gauche      854 / 4095
[   8.07s] axe  5 tempo gauche      841 / 4095
[   8.08s] axe  5 tempo gauche      830 / 4095
[   8.09s] axe  5 tempo gauche      816 / 4095
[   8.10s] axe  5 tempo gauche      802 / 4095
[   8.10s] axe  5 tempo gauche      791 / 4095
[   8.11s] axe  5 tempo gauche      780 / 4095
[   8.12s] axe  5 tempo gauche      768 / 4095
[   8.12s] axe  5 tempo gauche      757 / 4095
[   8.13s] axe  5 tempo gauche      745 / 4095
[   8.14s] axe  5 tempo gauche      733 / 4095
[   8.14s] axe  5 tempo gauche      722 / 4095
[   8.15s] axe  5 tempo gauche      710 / 4095
[   8.16s] axe  5 tempo gauche      696 / 4095
[   8.16s] axe  5 tempo gauche      683 / 4095
[   8.17s] axe  5 tempo gauche      671 / 4095
[   8.18s] axe  5 tempo gauche      657 / 4095
[   8.19s] axe  5 tempo gauche      644 / 4095
[   8.19s] axe  5 tempo gauche      630 / 4095
[   8.20s] axe  5 tempo gauche      618 / 4095
[   8.21s] axe  5 tempo gauche      606 / 4095
[   8.21s] axe  5 tempo gauche      593 / 4095
[   8.22s] axe  5 tempo gauche      579 / 4095
[   8.22s] axe  5 tempo gauche      568 / 4095
[   8.23s] axe  5 tempo gauche      557 / 4095
[   8.24s] axe  5 tempo gauche      544 / 4095
[   8.24s] axe  5 tempo gauche      532 / 4095
[   8.25s] axe  5 tempo gauche      519 / 4095
[   8.26s] axe  5 tempo gauche      505 / 4095
[   8.26s] axe  5 tempo gauche      493 / 4095
[   8.27s] axe  5 tempo gauche      480 / 4095
[   8.28s] axe  5 tempo gauche      468 / 4095
[   8.28s] axe  5 tempo gauche      454 / 4095
[   8.29s] axe  5 tempo gauche      442 / 4095
[   8.30s] axe  5 tempo gauche      427 / 4095
[   8.31s] axe  5 tempo gauche      414 / 4095
[   8.31s] axe  5 tempo gauche      401 / 4095
[   8.32s] axe  5 tempo gauche      387 / 4095
[   8.32s] axe  5 tempo gauche      376 / 4095
[   8.33s] axe  5 tempo gauche      364 / 4095
[   8.34s] axe  5 tempo gauche      350 / 4095
[   8.35s] axe  5 tempo gauche      335 / 4095
[   8.35s] axe  5 tempo gauche      321 / 4095
[   8.36s] axe  5 tempo gauche      308 / 4095
[   8.37s] axe  5 tempo gauche      296 / 4095
[   8.37s] axe  5 tempo gauche      284 / 4095
[   8.38s] axe  5 tempo gauche      273 / 4095
[   8.39s] axe  5 tempo gauche      262 / 4095
[   8.39s] axe  5 tempo gauche      250 / 4095
[   8.40s] axe  5 tempo gauche      238 / 4095
[   8.41s] axe  5 tempo gauche      227 / 4095
[   8.41s] axe  5 tempo gauche      216 / 4095
[   8.42s] axe  5 tempo gauche      204 / 4095
[   8.43s] axe  5 tempo gauche      193 / 4095
[   8.44s] axe  5 tempo gauche      179 / 4095
[   8.44s] axe  5 tempo gauche      167 / 4095
[   8.45s] axe  5 tempo gauche      156 / 4095
[   8.46s] axe  5 tempo gauche      145 / 4095
[   8.46s] axe  5 tempo gauche      134 / 4095
[   8.47s] axe  5 tempo gauche      123 / 4095
[   8.48s] axe  5 tempo gauche      112 / 4095
[   8.49s] axe  5 tempo gauche       97 / 4095
[   8.50s] axe  5 tempo gauche       83 / 4095
[   8.50s] axe  5 tempo gauche       72 / 4095
[   8.51s] axe  5 tempo gauche       61 / 4095
[   8.52s] axe  5 tempo gauche       48 / 4095
[   8.53s] axe  5 tempo gauche       37 / 4095
[   8.53s] axe  5 tempo gauche       26 / 4095
[   8.55s] axe  5 tempo gauche       15 / 4095
[   8.94s] axe  5 tempo gauche       26 / 4095
[   8.95s] axe  5 tempo gauche       38 / 4095
[   8.96s] axe  5 tempo gauche       52 / 4095
[   8.97s] axe  5 tempo gauche       65 / 4095
[   8.98s] axe  5 tempo gauche       76 / 4095
[   8.98s] axe  5 tempo gauche       89 / 4095
[   8.99s] axe  5 tempo gauche      105 / 4095
[   9.00s] axe  5 tempo gauche      120 / 4095
[   9.00s] axe  5 tempo gauche      131 / 4095
[   9.00s] axe  5 tempo gauche      142 / 4095
[   9.01s] axe  5 tempo gauche      154 / 4095
[   9.01s] axe  5 tempo gauche      167 / 4095
[   9.02s] axe  5 tempo gauche      180 / 4095
[   9.02s] axe  5 tempo gauche      194 / 4095
[   9.03s] axe  5 tempo gauche      209 / 4095
[   9.03s] axe  5 tempo gauche      225 / 4095
[   9.03s] axe  5 tempo gauche      240 / 4095
[   9.04s] axe  5 tempo gauche      255 / 4095
[   9.04s] axe  5 tempo gauche      271 / 4095
[   9.05s] axe  5 tempo gauche      287 / 4095
[   9.05s] axe  5 tempo gauche      305 / 4095
[   9.06s] axe  5 tempo gauche      322 / 4095
[   9.06s] axe  5 tempo gauche      342 / 4095
[   9.07s] axe  5 tempo gauche      361 / 4095
[   9.07s] axe  5 tempo gauche      379 / 4095
[   9.07s] axe  5 tempo gauche      390 / 4095
[   9.08s] axe  5 tempo gauche      410 / 4095
[   9.08s] axe  5 tempo gauche      421 / 4095
[   9.08s] axe  5 tempo gauche      441 / 4095
[   9.08s] axe  5 tempo gauche      452 / 4095
[   9.09s] axe  5 tempo gauche      463 / 4095
[   9.09s] axe  5 tempo gauche      485 / 4095
[   9.10s] axe  5 tempo gauche      506 / 4095
[   9.10s] axe  5 tempo gauche      519 / 4095
[   9.10s] axe  5 tempo gauche      540 / 4095
[   9.10s] axe  5 tempo gauche      551 / 4095
[   9.11s] axe  5 tempo gauche      572 / 4095
[   9.11s] axe  5 tempo gauche      583 / 4095
[   9.11s] axe  5 tempo gauche      594 / 4095
[   9.12s] axe  5 tempo gauche      606 / 4095
[   9.12s] axe  5 tempo gauche      627 / 4095
[   9.12s] axe  5 tempo gauche      639 / 4095
[   9.12s] axe  5 tempo gauche      651 / 4095
[   9.12s] … 1314 blocs recus depuis 3 s, aucun changement (total 4340)
[   9.13s] axe  5 tempo gauche      662 / 4095
[   9.13s] axe  5 tempo gauche      673 / 4095
[   9.13s] axe  5 tempo gauche      685 / 4095
[   9.13s] axe  5 tempo gauche      696 / 4095
[   9.13s] axe  5 tempo gauche      708 / 4095
[   9.14s] axe  5 tempo gauche      719 / 4095
[   9.14s] axe  5 tempo gauche      730 / 4095
[   9.14s] axe  5 tempo gauche      741 / 4095
[   9.14s] axe  5 tempo gauche      753 / 4095
[   9.15s] axe  5 tempo gauche      765 / 4095
[   9.15s] axe  5 tempo gauche      777 / 4095
[   9.15s] axe  5 tempo gauche      789 / 4095
[   9.15s] axe  5 tempo gauche      801 / 4095
[   9.15s] axe  5 tempo gauche      813 / 4095
[   9.16s] axe  5 tempo gauche      825 / 4095
[   9.16s] axe  5 tempo gauche      837 / 4095
[   9.16s] axe  5 tempo gauche      849 / 4095
[   9.16s] axe  5 tempo gauche      860 / 4095
[   9.17s] axe  5 tempo gauche      872 / 4095
[   9.17s] axe  5 tempo gauche      885 / 4095
[   9.17s] axe  5 tempo gauche      897 / 4095
[   9.17s] axe  5 tempo gauche      909 / 4095
[   9.17s] axe  5 tempo gauche      920 / 4095
[   9.18s] axe  5 tempo gauche      932 / 4095
[   9.18s] axe  5 tempo gauche      945 / 4095
[   9.18s] axe  5 tempo gauche      957 / 4095
[   9.18s] axe  5 tempo gauche      969 / 4095
[   9.19s] axe  5 tempo gauche      981 / 4095
[   9.19s] axe  5 tempo gauche      992 / 4095
[   9.19s] axe  5 tempo gauche     1004 / 4095
[   9.19s] axe  5 tempo gauche     1017 / 4095
[   9.19s] axe  5 tempo gauche     1031 / 4095
[   9.20s] axe  5 tempo gauche     1044 / 4095
[   9.20s] axe  5 tempo gauche     1056 / 4095
[   9.20s] axe  5 tempo gauche     1068 / 4095
[   9.20s] axe  5 tempo gauche     1080 / 4095
[   9.20s] axe  5 tempo gauche     1093 / 4095
[   9.21s] axe  5 tempo gauche     1105 / 4095
[   9.21s] axe  5 tempo gauche     1116 / 4095
[   9.21s] axe  5 tempo gauche     1128 / 4095
[   9.21s] axe  5 tempo gauche     1140 / 4095
[   9.22s] axe  5 tempo gauche     1151 / 4095
[   9.22s] axe  5 tempo gauche     1163 / 4095
[   9.22s] axe  5 tempo gauche     1175 / 4095
[   9.22s] axe  5 tempo gauche     1186 / 4095
[   9.22s] axe  5 tempo gauche     1198 / 4095
[   9.23s] axe  5 tempo gauche     1209 / 4095
[   9.23s] axe  5 tempo gauche     1220 / 4095
[   9.23s] axe  5 tempo gauche     1231 / 4095
[   9.23s] axe  5 tempo gauche     1242 / 4095
[   9.23s] axe  5 tempo gauche     1253 / 4095
[   9.24s] axe  5 tempo gauche     1264 / 4095
[   9.24s] axe  5 tempo gauche     1275 / 4095
[   9.24s] axe  5 tempo gauche     1286 / 4095
[   9.24s] axe  5 tempo gauche     1298 / 4095
[   9.25s] axe  5 tempo gauche     1319 / 4095
[   9.25s] axe  5 tempo gauche     1340 / 4095
[   9.25s] axe  5 tempo gauche     1351 / 4095
[   9.26s] axe  5 tempo gauche     1362 / 4095
[   9.26s] axe  5 tempo gauche     1383 / 4095
[   9.27s] axe  5 tempo gauche     1403 / 4095
[   9.27s] axe  5 tempo gauche     1424 / 4095
[   9.27s] axe  5 tempo gauche     1435 / 4095
[   9.28s] axe  5 tempo gauche     1455 / 4095
[   9.28s] axe  5 tempo gauche     1475 / 4095
[   9.28s] axe  5 tempo gauche     1495 / 4095
[   9.29s] axe  5 tempo gauche     1514 / 4095
[   9.29s] axe  5 tempo gauche     1533 / 4095
[   9.30s] axe  5 tempo gauche     1552 / 4095
[   9.30s] axe  5 tempo gauche     1571 / 4095
[   9.31s] axe  5 tempo gauche     1588 / 4095
[   9.31s] axe  5 tempo gauche     1605 / 4095
[   9.32s] axe  5 tempo gauche     1621 / 4095
[   9.32s] axe  5 tempo gauche     1637 / 4095
[   9.33s] axe  5 tempo gauche     1653 / 4095
[   9.33s] axe  5 tempo gauche     1669 / 4095
[   9.33s] axe  5 tempo gauche     1685 / 4095
[   9.34s] axe  5 tempo gauche     1699 / 4095
[   9.34s] axe  5 tempo gauche     1714 / 4095
[   9.35s] axe  5 tempo gauche     1729 / 4095
[   9.35s] axe  5 tempo gauche     1743 / 4095
[   9.35s] axe  5 tempo gauche     1757 / 4095
[   9.36s] axe  5 tempo gauche     1770 / 4095
[   9.36s] axe  5 tempo gauche     1783 / 4095
[   9.37s] axe  5 tempo gauche     1796 / 4095
[   9.37s] axe  5 tempo gauche     1809 / 4095
[   9.38s] axe  5 tempo gauche     1822 / 4095
[   9.39s] axe  5 tempo gauche     1834 / 4095
[   9.39s] axe  5 tempo gauche     1864 / 4095
[   9.40s] axe  5 tempo gauche     1875 / 4095
[   9.40s] axe  5 tempo gauche     1886 / 4095
[   9.41s] axe  5 tempo gauche     1898 / 4095
[   9.41s] axe  5 tempo gauche     1910 / 4095
[   9.41s] axe  5 tempo gauche     1921 / 4095
[   9.42s] axe  5 tempo gauche     1932 / 4095
[   9.42s] axe  5 tempo gauche     1943 / 4095
[   9.43s] axe  5 tempo gauche     1955 / 4095
[   9.43s] axe  5 tempo gauche     1966 / 4095
[   9.44s] axe  5 tempo gauche     1977 / 4095
[   9.44s] axe  5 tempo gauche     1988 / 4095
[   9.44s] axe  5 tempo gauche     2000 / 4095
[   9.45s] axe  5 tempo gauche     2011 / 4095
[   9.45s] axe  5 tempo gauche     2023 / 4095
[   9.46s] axe  5 tempo gauche     2034 / 4095
[   9.47s] axe  5 tempo gauche     2045 / 4095
[   9.47s] axe  5 tempo gauche     2057 / 4095
[   9.47s] axe  5 tempo gauche     2068 / 4095
[   9.48s] axe  5 tempo gauche     2079 / 4095
[   9.48s] axe  5 tempo gauche     2090 / 4095
[   9.49s] axe  5 tempo gauche     2106 / 4095
[   9.49s] axe  5 tempo gauche     2117 / 4095
[   9.49s] axe  5 tempo gauche     2129 / 4095
[   9.50s] axe  5 tempo gauche     2140 / 4095
[   9.51s] axe  5 tempo gauche     2156 / 4095
[   9.51s] axe  5 tempo gauche     2167 / 4095
[   9.51s] axe  5 tempo gauche     2178 / 4095
[   9.52s] axe  5 tempo gauche     2189 / 4095
[   9.52s] axe  5 tempo gauche     2201 / 4095
[   9.53s] axe  5 tempo gauche     2212 / 4095
[   9.53s] axe  5 tempo gauche     2228 / 4095
[   9.54s] axe  5 tempo gauche     2244 / 4095
[   9.55s] axe  5 tempo gauche     2258 / 4095
[   9.55s] axe  5 tempo gauche     2269 / 4095
[   9.56s] axe  5 tempo gauche     2280 / 4095
[   9.56s] axe  5 tempo gauche     2291 / 4095
[   9.57s] axe  5 tempo gauche     2308 / 4095
[   9.57s] axe  5 tempo gauche     2319 / 4095
[   9.58s] axe  5 tempo gauche     2330 / 4095
[   9.58s] axe  5 tempo gauche     2342 / 4095
[   9.58s] axe  5 tempo gauche     2354 / 4095
[   9.59s] axe  5 tempo gauche     2366 / 4095
[   9.59s] axe  5 tempo gauche     2378 / 4095
[   9.60s] axe  5 tempo gauche     2389 / 4095
[   9.60s] axe  5 tempo gauche     2401 / 4095
[   9.61s] axe  5 tempo gauche     2414 / 4095
[   9.61s] axe  5 tempo gauche     2426 / 4095
[   9.62s] axe  5 tempo gauche     2438 / 4095
[   9.62s] axe  5 tempo gauche     2451 / 4095
[   9.62s] axe  5 tempo gauche     2463 / 4095
[   9.63s] axe  5 tempo gauche     2476 / 4095
[   9.63s] axe  5 tempo gauche     2489 / 4095
[   9.64s] axe  5 tempo gauche     2501 / 4095
[   9.64s] axe  5 tempo gauche     2513 / 4095
[   9.65s] axe  5 tempo gauche     2533 / 4095
[   9.65s] axe  5 tempo gauche     2547 / 4095
[   9.66s] axe  5 tempo gauche     2561 / 4095
[   9.66s] axe  5 tempo gauche     2574 / 4095
[   9.67s] axe  5 tempo gauche     2587 / 4095
[   9.67s] axe  5 tempo gauche     2599 / 4095
[   9.67s] axe  5 tempo gauche     2612 / 4095
[   9.68s] axe  5 tempo gauche     2625 / 4095
[   9.68s] axe  5 tempo gauche     2638 / 4095
[   9.69s] axe  5 tempo gauche     2650 / 4095
[   9.69s] axe  5 tempo gauche     2662 / 4095
[   9.70s] axe  5 tempo gauche     2675 / 4095
[   9.70s] axe  5 tempo gauche     2688 / 4095
[   9.70s] axe  5 tempo gauche     2702 / 4095
[   9.71s] axe  5 tempo gauche     2715 / 4095
[   9.71s] axe  5 tempo gauche     2727 / 4095
[   9.72s] axe  5 tempo gauche     2740 / 4095
[   9.72s] axe  5 tempo gauche     2753 / 4095
[   9.73s] axe  5 tempo gauche     2765 / 4095
[   9.73s] axe  5 tempo gauche     2779 / 4095
[   9.73s] axe  5 tempo gauche     2790 / 4095
[   9.74s] axe  5 tempo gauche     2803 / 4095
[   9.74s] axe  5 tempo gauche     2816 / 4095
[   9.75s] axe  5 tempo gauche     2828 / 4095
[   9.75s] axe  5 tempo gauche     2841 / 4095
[   9.76s] axe  5 tempo gauche     2853 / 4095
[   9.76s] axe  5 tempo gauche     2865 / 4095
[   9.77s] axe  5 tempo gauche     2877 / 4095
[   9.77s] axe  5 tempo gauche     2889 / 4095
[   9.77s] axe  5 tempo gauche     2901 / 4095
[   9.78s] axe  5 tempo gauche     2913 / 4095
[   9.78s] axe  5 tempo gauche     2924 / 4095
[   9.79s] axe  5 tempo gauche     2936 / 4095
[   9.79s] axe  5 tempo gauche     2948 / 4095
[   9.80s] axe  5 tempo gauche     2960 / 4095
[   9.80s] axe  5 tempo gauche     2973 / 4095
[   9.80s] axe  5 tempo gauche     2984 / 4095
[   9.81s] axe  5 tempo gauche     2995 / 4095
[   9.81s] axe  5 tempo gauche     3007 / 4095
[   9.82s] axe  5 tempo gauche     3019 / 4095
[   9.82s] axe  5 tempo gauche     3031 / 4095
[   9.83s] axe  5 tempo gauche     3042 / 4095
[   9.83s] axe  5 tempo gauche     3054 / 4095
[   9.83s] axe  5 tempo gauche     3065 / 4095
[   9.84s] axe  5 tempo gauche     3077 / 4095
[   9.84s] axe  5 tempo gauche     3089 / 4095
[   9.85s] axe  5 tempo gauche     3100 / 4095
[   9.85s] axe  5 tempo gauche     3111 / 4095
[   9.86s] axe  5 tempo gauche     3123 / 4095
[   9.86s] axe  5 tempo gauche     3135 / 4095
[   9.87s] axe  5 tempo gauche     3146 / 4095
[   9.87s] axe  5 tempo gauche     3157 / 4095
[   9.87s] axe  5 tempo gauche     3168 / 4095
[   9.88s] axe  5 tempo gauche     3179 / 4095
[   9.88s] axe  5 tempo gauche     3190 / 4095
[   9.89s] axe  5 tempo gauche     3201 / 4095
[   9.89s] axe  5 tempo gauche     3212 / 4095
[   9.90s] axe  5 tempo gauche     3223 / 4095
[   9.90s] axe  5 tempo gauche     3234 / 4095
[   9.90s] axe  5 tempo gauche     3245 / 4095
[   9.91s] axe  5 tempo gauche     3256 / 4095
[   9.91s] axe  5 tempo gauche     3267 / 4095
[   9.92s] axe  5 tempo gauche     3278 / 4095
[   9.92s] axe  5 tempo gauche     3289 / 4095
[   9.93s] axe  5 tempo gauche     3300 / 4095
[   9.93s] axe  5 tempo gauche     3316 / 4095
[   9.94s] axe  5 tempo gauche     3328 / 4095
[   9.94s] axe  5 tempo gauche     3343 / 4095
[   9.95s] axe  5 tempo gauche     3354 / 4095
[   9.95s] axe  5 tempo gauche     3365 / 4095
[   9.96s] axe  5 tempo gauche     3379 / 4095
[   9.97s] axe  5 tempo gauche     3393 / 4095
[   9.97s] axe  5 tempo gauche     3407 / 4095
[   9.98s] axe  5 tempo gauche     3421 / 4095
[   9.98s] axe  5 tempo gauche     3434 / 4095
[   9.99s] axe  5 tempo gauche     3449 / 4095
[  10.00s] axe  5 tempo gauche     3462 / 4095
[  10.00s] axe  5 tempo gauche     3475 / 4095
[  10.01s] axe  5 tempo gauche     3486 / 4095
[  10.02s] axe  5 tempo gauche     3498 / 4095
[  10.02s] axe  5 tempo gauche     3511 / 4095
[  10.03s] axe  5 tempo gauche     3525 / 4095
[  10.04s] axe  5 tempo gauche     3538 / 4095
[  10.05s] axe  5 tempo gauche     3549 / 4095
[  10.06s] axe  5 tempo gauche     3561 / 4095
[  10.07s] axe  5 tempo gauche     3574 / 4095
[  10.07s] axe  5 tempo gauche     3586 / 4095
[  10.08s] axe  5 tempo gauche     3597 / 4095
[  10.09s] axe  5 tempo gauche     3608 / 4095
[  10.10s] axe  5 tempo gauche     3621 / 4095
[  10.12s] axe  5 tempo gauche     3632 / 4095
[  10.13s] axe  5 tempo gauche     3644 / 4095
[  10.15s] axe  5 tempo gauche     3656 / 4095
[  10.16s] axe  5 tempo gauche     3667 / 4095
[  10.18s] axe  5 tempo gauche     3679 / 4095
[  10.20s] axe  5 tempo gauche     3691 / 4095
[  10.21s] axe  5 tempo gauche     3702 / 4095
[  10.23s] axe  5 tempo gauche     3713 / 4095
[  10.24s] axe  5 tempo gauche     3724 / 4095
[  10.26s] axe  5 tempo gauche     3736 / 4095
[  10.27s] axe  5 tempo gauche     3747 / 4095
[  10.28s] axe  5 tempo gauche     3759 / 4095
[  10.29s] axe  5 tempo gauche     3770 / 4095
[  10.30s] axe  5 tempo gauche     3782 / 4095
[  10.31s] axe  5 tempo gauche     3793 / 4095
[  10.32s] axe  5 tempo gauche     3805 / 4095
[  10.33s] axe  5 tempo gauche     3817 / 4095
[  10.34s] axe  5 tempo gauche     3831 / 4095
[  10.35s] axe  5 tempo gauche     3842 / 4095
[  10.36s] axe  5 tempo gauche     3854 / 4095
[  10.37s] axe  5 tempo gauche     3865 / 4095
[  10.38s] axe  5 tempo gauche     3877 / 4095
[  10.39s] axe  5 tempo gauche     3888 / 4095
[  10.39s] axe  5 tempo gauche     3899 / 4095
[  10.41s] axe  5 tempo gauche     3912 / 4095
[  10.41s] axe  5 tempo gauche     3923 / 4095
[  10.42s] axe  5 tempo gauche     3934 / 4095
[  10.43s] axe  5 tempo gauche     3945 / 4095
[  10.44s] axe  5 tempo gauche     3958 / 4095
[  10.44s] axe  5 tempo gauche     3969 / 4095
[  10.45s] axe  5 tempo gauche     3980 / 4095
[  10.46s] axe  5 tempo gauche     3991 / 4095
[  10.46s] axe  5 tempo gauche     4002 / 4095
[  10.47s] axe  5 tempo gauche     4013 / 4095
[  10.47s] axe  5 tempo gauche     4025 / 4095
[  10.48s] axe  5 tempo gauche     4040 / 4095
[  10.49s] axe  5 tempo gauche     4054 / 4095
[  10.50s] axe  5 tempo gauche     4066 / 4095
[  10.51s] axe  5 tempo gauche     4080 / 4095
[  10.51s] axe  5 tempo gauche     4092 / 4095
[  11.00s] axe  5 tempo gauche     4081 / 4095
[  11.01s] axe  5 tempo gauche     4069 / 4095
[  11.02s] axe  5 tempo gauche     4056 / 4095
[  11.03s] axe  5 tempo gauche     4043 / 4095
[  11.03s] axe  5 tempo gauche     4032 / 4095
[  11.04s] axe  5 tempo gauche     4018 / 4095
[  11.05s] axe  5 tempo gauche     4005 / 4095
[  11.06s] axe  5 tempo gauche     3992 / 4095
[  11.06s] axe  5 tempo gauche     3979 / 4095
[  11.07s] axe  5 tempo gauche     3966 / 4095
[  11.08s] axe  5 tempo gauche     3953 / 4095
[  11.08s] axe  5 tempo gauche     3941 / 4095
[  11.09s] axe  5 tempo gauche     3928 / 4095
[  11.09s] axe  5 tempo gauche     3916 / 4095
[  11.10s] axe  5 tempo gauche     3902 / 4095
[  11.11s] axe  5 tempo gauche     3890 / 4095
[  11.11s] axe  5 tempo gauche     3879 / 4095
[  11.11s] axe  5 tempo gauche     3868 / 4095
[  11.11s] axe  5 tempo gauche     3856 / 4095
[  11.12s] axe  5 tempo gauche     3844 / 4095
[  11.12s] axe  5 tempo gauche     3832 / 4095
[  11.13s] axe  5 tempo gauche     3820 / 4095
[  11.13s] axe  5 tempo gauche     3809 / 4095
[  11.14s] axe  5 tempo gauche     3796 / 4095
[  11.14s] axe  5 tempo gauche     3783 / 4095
[  11.15s] axe  5 tempo gauche     3771 / 4095
[  11.15s] axe  5 tempo gauche     3757 / 4095
[  11.15s] axe  5 tempo gauche     3745 / 4095
[  11.16s] axe  5 tempo gauche     3732 / 4095
[  11.16s] axe  5 tempo gauche     3719 / 4095
[  11.17s] axe  5 tempo gauche     3707 / 4095
[  11.17s] axe  5 tempo gauche     3695 / 4095
[  11.18s] axe  5 tempo gauche     3683 / 4095
[  11.18s] axe  5 tempo gauche     3671 / 4095
[  11.19s] axe  5 tempo gauche     3659 / 4095
[  11.19s] axe  5 tempo gauche     3647 / 4095
[  11.19s] axe  5 tempo gauche     3635 / 4095
[  11.20s] axe  5 tempo gauche     3624 / 4095
[  11.20s] axe  5 tempo gauche     3613 / 4095
[  11.21s] axe  5 tempo gauche     3602 / 4095
[  11.21s] axe  5 tempo gauche     3590 / 4095
[  11.22s] axe  5 tempo gauche     3578 / 4095
[  11.22s] axe  5 tempo gauche     3567 / 4095
[  11.22s] axe  5 tempo gauche     3556 / 4095
[  11.23s] axe  5 tempo gauche     3545 / 4095
[  11.23s] axe  5 tempo gauche     3534 / 4095
[  11.24s] axe  5 tempo gauche     3520 / 4095
[  11.25s] axe  5 tempo gauche     3509 / 4095
[  11.25s] axe  5 tempo gauche     3493 / 4095
[  11.26s] axe  5 tempo gauche     3480 / 4095
[  11.26s] axe  5 tempo gauche     3465 / 4095
[  11.27s] axe  5 tempo gauche     3451 / 4095
[  11.28s] axe  5 tempo gauche     3438 / 4095
[  11.28s] axe  5 tempo gauche     3425 / 4095
[  11.29s] axe  5 tempo gauche     3412 / 4095
[  11.30s] axe  5 tempo gauche     3399 / 4095
[  11.30s] axe  5 tempo gauche     3387 / 4095
[  11.31s] axe  5 tempo gauche     3376 / 4095
[  11.31s] axe  5 tempo gauche     3364 / 4095
[  11.32s] axe  5 tempo gauche     3352 / 4095
[  11.33s] axe  5 tempo gauche     3339 / 4095
[  11.33s] axe  5 tempo gauche     3328 / 4095
[  11.34s] axe  5 tempo gauche     3315 / 4095
[  11.35s] axe  5 tempo gauche     3303 / 4095
[  11.35s] axe  5 tempo gauche     3291 / 4095
[  11.36s] axe  5 tempo gauche     3279 / 4095
[  11.37s] axe  5 tempo gauche     3266 / 4095
[  11.37s] axe  5 tempo gauche     3254 / 4095
[  11.38s] axe  5 tempo gauche     3240 / 4095
[  11.39s] axe  5 tempo gauche     3227 / 4095
[  11.39s] axe  5 tempo gauche     3214 / 4095
[  11.40s] axe  5 tempo gauche     3201 / 4095
[  11.41s] axe  5 tempo gauche     3187 / 4095
[  11.41s] axe  5 tempo gauche     3174 / 4095
[  11.42s] axe  5 tempo gauche     3161 / 4095
[  11.43s] axe  5 tempo gauche     3147 / 4095
[  11.43s] axe  5 tempo gauche     3132 / 4095
[  11.44s] axe  5 tempo gauche     3119 / 4095
[  11.44s] axe  5 tempo gauche     3108 / 4095
[  11.45s] axe  5 tempo gauche     3094 / 4095
[  11.46s] axe  5 tempo gauche     3080 / 4095
[  11.46s] axe  5 tempo gauche     3065 / 4095
[  11.47s] axe  5 tempo gauche     3050 / 4095
[  11.48s] axe  5 tempo gauche     3036 / 4095
[  11.48s] axe  5 tempo gauche     3021 / 4095
[  11.49s] axe  5 tempo gauche     3007 / 4095
[  11.50s] axe  5 tempo gauche     2993 / 4095
[  11.50s] axe  5 tempo gauche     2979 / 4095
[  11.51s] axe  5 tempo gauche     2965 / 4095
[  11.52s] axe  5 tempo gauche     2951 / 4095
[  11.52s] axe  5 tempo gauche     2938 / 4095
[  11.53s] axe  5 tempo gauche     2925 / 4095
[  11.53s] axe  5 tempo gauche     2913 / 4095
[  11.54s] axe  5 tempo gauche     2900 / 4095
[  11.55s] axe  5 tempo gauche     2887 / 4095
[  11.56s] axe  5 tempo gauche     2874 / 4095
[  11.56s] axe  5 tempo gauche     2861 / 4095
[  11.57s] axe  5 tempo gauche     2850 / 4095
[  11.57s] axe  5 tempo gauche     2838 / 4095
[  11.58s] axe  5 tempo gauche     2826 / 4095
[  11.59s] axe  5 tempo gauche     2814 / 4095
[  11.59s] axe  5 tempo gauche     2802 / 4095
[  11.60s] axe  5 tempo gauche     2791 / 4095
[  11.61s] axe  5 tempo gauche     2778 / 4095
[  11.61s] axe  5 tempo gauche     2767 / 4095
[  11.62s] axe  5 tempo gauche     2756 / 4095
[  11.63s] axe  5 tempo gauche     2744 / 4095
[  11.64s] axe  5 tempo gauche     2732 / 4095
[  11.65s] axe  5 tempo gauche     2721 / 4095
[  11.65s] axe  5 tempo gauche     2708 / 4095
[  11.65s] axe  5 tempo gauche     2697 / 4095
[  11.66s] axe  5 tempo gauche     2683 / 4095
[  11.67s] axe  5 tempo gauche     2671 / 4095
[  11.68s] axe  5 tempo gauche     2658 / 4095
[  11.69s] axe  5 tempo gauche     2645 / 4095
[  11.70s] axe  5 tempo gauche     2634 / 4095
[  11.71s] axe  5 tempo gauche     2622 / 4095
[  11.72s] axe  5 tempo gauche     2611 / 4095
[  11.73s] axe  5 tempo gauche     2600 / 4095
[  11.74s] axe  5 tempo gauche     2587 / 4095
[  11.75s] axe  5 tempo gauche     2576 / 4095
[  11.75s] axe  5 tempo gauche     2565 / 4095
[  11.76s] axe  5 tempo gauche     2552 / 4095
[  11.77s] axe  5 tempo gauche     2540 / 4095
[  11.78s] axe  5 tempo gauche     2528 / 4095
[  11.79s] axe  5 tempo gauche     2517 / 4095
[  11.80s] axe  5 tempo gauche     2504 / 4095
[  11.81s] axe  5 tempo gauche     2491 / 4095
[  11.82s] axe  5 tempo gauche     2479 / 4095
[  11.83s] axe  5 tempo gauche     2467 / 4095
[  11.84s] axe  5 tempo gauche     2455 / 4095
[  11.85s] axe  5 tempo gauche     2443 / 4095
[  11.86s] axe  5 tempo gauche     2430 / 4095
[  11.87s] axe  5 tempo gauche     2418 / 4095
[  11.87s] axe  5 tempo gauche     2406 / 4095
[  11.88s] axe  5 tempo gauche     2394 / 4095
[  11.89s] axe  5 tempo gauche     2381 / 4095
[  11.90s] axe  5 tempo gauche     2370 / 4095
[  11.91s] axe  5 tempo gauche     2356 / 4095
[  11.92s] axe  5 tempo gauche     2345 / 4095
[  11.92s] axe  5 tempo gauche     2334 / 4095
[  11.93s] axe  5 tempo gauche     2320 / 4095
[  11.94s] axe  5 tempo gauche     2309 / 4095
[  11.94s] axe  5 tempo gauche     2298 / 4095
[  11.95s] axe  5 tempo gauche     2284 / 4095
[  11.96s] axe  5 tempo gauche     2270 / 4095
[  11.97s] axe  5 tempo gauche     2257 / 4095
[  11.98s] axe  5 tempo gauche     2245 / 4095
[  11.99s] axe  5 tempo gauche     2232 / 4095
[  12.00s] axe  5 tempo gauche     2219 / 4095
[  12.00s] axe  5 tempo gauche     2205 / 4095
[  12.01s] axe  5 tempo gauche     2191 / 4095
[  12.02s] axe  5 tempo gauche     2177 / 4095
[  12.03s] axe  5 tempo gauche     2165 / 4095
[  12.04s] axe  5 tempo gauche     2154 / 4095
[  12.05s] axe  5 tempo gauche     2142 / 4095
[  12.06s] axe  5 tempo gauche     2131 / 4095
[  12.09s] axe  5 tempo gauche     2120 / 4095
[  12.31s] axe  5 tempo gauche     2109 / 4095
[  12.31s] … 2592 blocs recus depuis 3 s, aucun changement (total 6932)
[  12.37s] axe  5 tempo gauche     2098 / 4095
[  12.39s] axe  5 tempo gauche     2087 / 4095
[  12.42s] axe  5 tempo gauche     2076 / 4095
[  12.46s] axe  5 tempo gauche     2065 / 4095
[  15.40s] axe  6 tempo droit      1940 / 4095
[  15.40s] … 30 blocs recus depuis 3 s, aucun changement (total 6962)
[  15.41s] axe  6 tempo droit      1928 / 4095
[  15.41s] axe  6 tempo droit      1917 / 4095
[  15.42s] axe  6 tempo droit      1905 / 4095
[  15.43s] axe  6 tempo droit      1893 / 4095
[  15.44s] axe  6 tempo droit      1881 / 4095
[  15.45s] axe  6 tempo droit      1870 / 4095
[  15.46s] axe  6 tempo droit      1857 / 4095
[  15.46s] axe  6 tempo droit      1846 / 4095
[  15.47s] axe  6 tempo droit      1831 / 4095
[  15.48s] axe  6 tempo droit      1820 / 4095
[  15.49s] axe  6 tempo droit      1808 / 4095
[  15.50s] axe  6 tempo droit      1796 / 4095
[  15.51s] axe  6 tempo droit      1783 / 4095
[  15.52s] axe  6 tempo droit      1771 / 4095
[  15.52s] axe  6 tempo droit      1760 / 4095
[  15.53s] axe  6 tempo droit      1747 / 4095
[  15.54s] axe  6 tempo droit      1733 / 4095
[  15.55s] axe  6 tempo droit      1719 / 4095
[  15.56s] axe  6 tempo droit      1708 / 4095
[  15.56s] axe  6 tempo droit      1697 / 4095
[  15.57s] axe  6 tempo droit      1684 / 4095
[  15.58s] axe  6 tempo droit      1672 / 4095
[  15.58s] axe  6 tempo droit      1661 / 4095
[  15.59s] axe  6 tempo droit      1648 / 4095
[  15.60s] axe  6 tempo droit      1634 / 4095
[  15.60s] axe  6 tempo droit      1620 / 4095
[  15.61s] axe  6 tempo droit      1606 / 4095
[  15.62s] axe  6 tempo droit      1591 / 4095
[  15.62s] axe  6 tempo droit      1577 / 4095
[  15.63s] axe  6 tempo droit      1562 / 4095
[  15.64s] axe  6 tempo droit      1547 / 4095
[  15.65s] axe  6 tempo droit      1530 / 4095
[  15.65s] axe  6 tempo droit      1515 / 4095
[  15.65s] axe  6 tempo droit      1500 / 4095
[  15.66s] axe  6 tempo droit      1489 / 4095
[  15.67s] axe  6 tempo droit      1477 / 4095
[  15.67s] axe  6 tempo droit      1464 / 4095
[  15.67s] axe  6 tempo droit      1452 / 4095
[  15.68s] axe  6 tempo droit      1439 / 4095
[  15.69s] axe  6 tempo droit      1422 / 4095
[  15.69s] axe  6 tempo droit      1411 / 4095
[  15.69s] axe  6 tempo droit      1399 / 4095
[  15.70s] axe  6 tempo droit      1387 / 4095
[  15.70s] axe  6 tempo droit      1375 / 4095
[  15.71s] axe  6 tempo droit      1362 / 4095
[  15.71s] axe  6 tempo droit      1349 / 4095
[  15.72s] axe  6 tempo droit      1337 / 4095
[  15.72s] axe  6 tempo droit      1321 / 4095
[  15.73s] axe  6 tempo droit      1306 / 4095
[  15.73s] axe  6 tempo droit      1294 / 4095
[  15.74s] axe  6 tempo droit      1281 / 4095
[  15.74s] axe  6 tempo droit      1268 / 4095
[  15.75s] axe  6 tempo droit      1254 / 4095
[  15.75s] axe  6 tempo droit      1241 / 4095
[  15.75s] axe  6 tempo droit      1225 / 4095
[  15.76s] axe  6 tempo droit      1212 / 4095
[  15.76s] axe  6 tempo droit      1197 / 4095
[  15.77s] axe  6 tempo droit      1183 / 4095
[  15.77s] axe  6 tempo droit      1169 / 4095
[  15.78s] axe  6 tempo droit      1155 / 4095
[  15.78s] axe  6 tempo droit      1141 / 4095
[  15.78s] axe  6 tempo droit      1128 / 4095
[  15.79s] axe  6 tempo droit      1114 / 4095
[  15.79s] axe  6 tempo droit      1100 / 4095
[  15.80s] axe  6 tempo droit      1085 / 4095
[  15.80s] axe  6 tempo droit      1071 / 4095
[  15.81s] axe  6 tempo droit      1057 / 4095
[  15.81s] axe  6 tempo droit      1042 / 4095
[  15.81s] axe  6 tempo droit      1029 / 4095
[  15.82s] axe  6 tempo droit      1014 / 4095
[  15.82s] axe  6 tempo droit      1001 / 4095
[  15.83s] axe  6 tempo droit       987 / 4095
[  15.83s] axe  6 tempo droit       974 / 4095
[  15.84s] axe  6 tempo droit       961 / 4095
[  15.84s] axe  6 tempo droit       947 / 4095
[  15.84s] axe  6 tempo droit       935 / 4095
[  15.85s] axe  6 tempo droit       921 / 4095
[  15.85s] axe  6 tempo droit       910 / 4095
[  15.86s] axe  6 tempo droit       899 / 4095
[  15.86s] axe  6 tempo droit       886 / 4095
[  15.87s] axe  6 tempo droit       875 / 4095
[  15.88s] axe  6 tempo droit       863 / 4095
[  15.88s] axe  6 tempo droit       851 / 4095
[  15.88s] axe  6 tempo droit       835 / 4095
[  15.89s] axe  6 tempo droit       824 / 4095
[  15.89s] axe  6 tempo droit       813 / 4095
[  15.90s] axe  6 tempo droit       802 / 4095
[  15.90s] axe  6 tempo droit       791 / 4095
[  15.90s] axe  6 tempo droit       779 / 4095
[  15.91s] axe  6 tempo droit       768 / 4095
[  15.92s] axe  6 tempo droit       755 / 4095
[  15.92s] axe  6 tempo droit       744 / 4095
[  15.93s] axe  6 tempo droit       730 / 4095
[  15.93s] axe  6 tempo droit       719 / 4095
[  15.94s] axe  6 tempo droit       704 / 4095
[  15.94s] axe  6 tempo droit       689 / 4095
[  15.95s] axe  6 tempo droit       675 / 4095
[  15.96s] axe  6 tempo droit       663 / 4095
[  15.96s] axe  6 tempo droit       650 / 4095
[  15.97s] axe  6 tempo droit       638 / 4095
[  15.98s] axe  6 tempo droit       627 / 4095
[  15.98s] axe  6 tempo droit       614 / 4095
[  15.99s] axe  6 tempo droit       601 / 4095
[  16.00s] axe  6 tempo droit       589 / 4095
[  16.00s] axe  6 tempo droit       577 / 4095
[  16.01s] axe  6 tempo droit       565 / 4095
[  16.02s] axe  6 tempo droit       552 / 4095
[  16.03s] axe  6 tempo droit       539 / 4095
[  16.03s] axe  6 tempo droit       525 / 4095
[  16.04s] axe  6 tempo droit       512 / 4095
[  16.05s] axe  6 tempo droit       497 / 4095
[  16.05s] axe  6 tempo droit       483 / 4095
[  16.06s] axe  6 tempo droit       469 / 4095
[  16.07s] axe  6 tempo droit       457 / 4095
[  16.07s] axe  6 tempo droit       442 / 4095
[  16.08s] axe  6 tempo droit       428 / 4095
[  16.09s] axe  6 tempo droit       415 / 4095
[  16.09s] axe  6 tempo droit       402 / 4095
[  16.10s] axe  6 tempo droit       390 / 4095
[  16.11s] axe  6 tempo droit       378 / 4095
[  16.11s] axe  6 tempo droit       365 / 4095
[  16.12s] axe  6 tempo droit       353 / 4095
[  16.13s] axe  6 tempo droit       339 / 4095
[  16.13s] axe  6 tempo droit       327 / 4095
[  16.14s] axe  6 tempo droit       316 / 4095
[  16.15s] axe  6 tempo droit       305 / 4095
[  16.15s] axe  6 tempo droit       293 / 4095
[  16.16s] axe  6 tempo droit       282 / 4095
[  16.17s] axe  6 tempo droit       269 / 4095
[  16.18s] axe  6 tempo droit       254 / 4095
[  16.18s] axe  6 tempo droit       242 / 4095
[  16.19s] axe  6 tempo droit       231 / 4095
[  16.20s] axe  6 tempo droit       219 / 4095
[  16.20s] axe  6 tempo droit       208 / 4095
[  16.21s] axe  6 tempo droit       197 / 4095
[  16.22s] axe  6 tempo droit       184 / 4095
[  16.22s] axe  6 tempo droit       169 / 4095
[  16.23s] axe  6 tempo droit       155 / 4095
[  16.24s] axe  6 tempo droit       144 / 4095
[  16.24s] axe  6 tempo droit       130 / 4095
[  16.25s] axe  6 tempo droit       116 / 4095
[  16.26s] axe  6 tempo droit       102 / 4095
[  16.27s] axe  6 tempo droit        87 / 4095
[  16.27s] axe  6 tempo droit        76 / 4095
[  16.27s] axe  6 tempo droit        62 / 4095
[  16.28s] axe  6 tempo droit        51 / 4095
[  16.28s] axe  6 tempo droit        36 / 4095
[  16.29s] axe  6 tempo droit        25 / 4095
[  16.30s] axe  6 tempo droit        13 / 4095
[  16.70s] axe  6 tempo droit        26 / 4095
[  16.71s] axe  6 tempo droit        39 / 4095
[  16.72s] axe  6 tempo droit        54 / 4095
[  16.72s] axe  6 tempo droit        66 / 4095
[  16.72s] axe  6 tempo droit        77 / 4095
[  16.73s] axe  6 tempo droit        91 / 4095
[  16.73s] axe  6 tempo droit       105 / 4095
[  16.74s] axe  6 tempo droit       119 / 4095
[  16.74s] axe  6 tempo droit       132 / 4095
[  16.75s] axe  6 tempo droit       145 / 4095
[  16.75s] axe  6 tempo droit       159 / 4095
[  16.76s] axe  6 tempo droit       173 / 4095
[  16.76s] axe  6 tempo droit       187 / 4095
[  16.76s] axe  6 tempo droit       200 / 4095
[  16.77s] axe  6 tempo droit       213 / 4095
[  16.77s] axe  6 tempo droit       224 / 4095
[  16.78s] axe  6 tempo droit       238 / 4095
[  16.78s] axe  6 tempo droit       251 / 4095
[  16.79s] axe  6 tempo droit       264 / 4095
[  16.79s] axe  6 tempo droit       278 / 4095
[  16.79s] axe  6 tempo droit       290 / 4095
[  16.80s] axe  6 tempo droit       302 / 4095
[  16.80s] axe  6 tempo droit       315 / 4095
[  16.81s] axe  6 tempo droit       332 / 4095
[  16.81s] axe  6 tempo droit       344 / 4095
[  16.82s] axe  6 tempo droit       355 / 4095
[  16.82s] axe  6 tempo droit       367 / 4095
[  16.83s] axe  6 tempo droit       380 / 4095
[  16.83s] axe  6 tempo droit       392 / 4095
[  16.84s] axe  6 tempo droit       404 / 4095
[  16.84s] axe  6 tempo droit       416 / 4095
[  16.84s] axe  6 tempo droit       429 / 4095
[  16.85s] axe  6 tempo droit       443 / 4095
[  16.85s] axe  6 tempo droit       456 / 4095
[  16.86s] axe  6 tempo droit       467 / 4095
[  16.86s] axe  6 tempo droit       480 / 4095
[  16.87s] axe  6 tempo droit       492 / 4095
[  16.87s] axe  6 tempo droit       504 / 4095
[  16.87s] axe  6 tempo droit       517 / 4095
[  16.88s] axe  6 tempo droit       528 / 4095
[  16.88s] axe  6 tempo droit       539 / 4095
[  16.89s] axe  6 tempo droit       550 / 4095
[  16.89s] axe  6 tempo droit       561 / 4095
[  16.90s] axe  6 tempo droit       572 / 4095
[  16.90s] axe  6 tempo droit       583 / 4095
[  16.91s] axe  6 tempo droit       595 / 4095
[  16.91s] axe  6 tempo droit       611 / 4095
[  16.92s] axe  6 tempo droit       622 / 4095
[  16.92s] axe  6 tempo droit       633 / 4095
[  16.92s] axe  6 tempo droit       644 / 4095
[  16.93s] axe  6 tempo droit       658 / 4095
[  16.94s] axe  6 tempo droit       672 / 4095
[  16.94s] axe  6 tempo droit       688 / 4095
[  16.95s] axe  6 tempo droit       703 / 4095
[  16.96s] axe  6 tempo droit       714 / 4095
[  16.96s] axe  6 tempo droit       730 / 4095
[  16.97s] axe  6 tempo droit       741 / 4095
[  16.97s] axe  6 tempo droit       755 / 4095
[  16.98s] axe  6 tempo droit       769 / 4095
[  16.98s] axe  6 tempo droit       780 / 4095
[  16.99s] axe  6 tempo droit       792 / 4095
[  16.99s] axe  6 tempo droit       808 / 4095
[  17.00s] axe  6 tempo droit       819 / 4095
[  17.00s] axe  6 tempo droit       830 / 4095
[  17.01s] axe  6 tempo droit       845 / 4095
[  17.02s] axe  6 tempo droit       861 / 4095
[  17.02s] axe  6 tempo droit       877 / 4095
[  17.03s] axe  6 tempo droit       889 / 4095
[  17.03s] axe  6 tempo droit       901 / 4095
[  17.04s] axe  6 tempo droit       913 / 4095
[  17.04s] axe  6 tempo droit       925 / 4095
[  17.04s] axe  6 tempo droit       937 / 4095
[  17.05s] axe  6 tempo droit       950 / 4095
[  17.05s] axe  6 tempo droit       962 / 4095
[  17.06s] axe  6 tempo droit       976 / 4095
[  17.06s] axe  6 tempo droit       988 / 4095
[  17.07s] axe  6 tempo droit      1001 / 4095
[  17.07s] axe  6 tempo droit      1013 / 4095
[  17.07s] axe  6 tempo droit      1027 / 4095
[  17.08s] axe  6 tempo droit      1041 / 4095
[  17.08s] axe  6 tempo droit      1054 / 4095
[  17.09s] axe  6 tempo droit      1067 / 4095
[  17.09s] axe  6 tempo droit      1081 / 4095
[  17.10s] axe  6 tempo droit      1095 / 4095
[  17.10s] axe  6 tempo droit      1109 / 4095
[  17.11s] axe  6 tempo droit      1121 / 4095
[  17.11s] axe  6 tempo droit      1133 / 4095
[  17.11s] axe  6 tempo droit      1146 / 4095
[  17.12s] axe  6 tempo droit      1158 / 4095
[  17.12s] axe  6 tempo droit      1171 / 4095
[  17.13s] axe  6 tempo droit      1183 / 4095
[  17.13s] axe  6 tempo droit      1196 / 4095
[  17.14s] axe  6 tempo droit      1207 / 4095
[  17.14s] axe  6 tempo droit      1221 / 4095
[  17.14s] axe  6 tempo droit      1233 / 4095
[  17.15s] axe  6 tempo droit      1246 / 4095
[  17.15s] axe  6 tempo droit      1258 / 4095
[  17.16s] axe  6 tempo droit      1272 / 4095
[  17.16s] axe  6 tempo droit      1284 / 4095
[  17.17s] axe  6 tempo droit      1296 / 4095
[  17.17s] axe  6 tempo droit      1311 / 4095
[  17.18s] axe  6 tempo droit      1323 / 4095
[  17.18s] axe  6 tempo droit      1335 / 4095
[  17.19s] axe  6 tempo droit      1346 / 4095
[  17.19s] axe  6 tempo droit      1358 / 4095
[  17.19s] axe  6 tempo droit      1369 / 4095
[  17.21s] axe  6 tempo droit      1384 / 4095
[  17.21s] axe  6 tempo droit      1395 / 4095
[  17.21s] axe  6 tempo droit      1410 / 4095
[  17.22s] axe  6 tempo droit      1423 / 4095
[  17.23s] axe  6 tempo droit      1437 / 4095
[  17.23s] axe  6 tempo droit      1449 / 4095
[  17.24s] axe  6 tempo droit      1460 / 4095
[  17.25s] axe  6 tempo droit      1473 / 4095
[  17.26s] axe  6 tempo droit      1486 / 4095
[  17.26s] axe  6 tempo droit      1499 / 4095
[  17.27s] axe  6 tempo droit      1510 / 4095
[  17.28s] axe  6 tempo droit      1521 / 4095
[  17.29s] axe  6 tempo droit      1534 / 4095
[  17.30s] axe  6 tempo droit      1546 / 4095
[  17.31s] axe  6 tempo droit      1557 / 4095
[  17.32s] axe  6 tempo droit      1568 / 4095
[  17.33s] axe  6 tempo droit      1580 / 4095
[  17.33s] axe  6 tempo droit      1592 / 4095
[  17.34s] axe  6 tempo droit      1605 / 4095
[  17.35s] axe  6 tempo droit      1616 / 4095
[  17.36s] axe  6 tempo droit      1628 / 4095
[  17.36s] axe  6 tempo droit      1639 / 4095
[  17.37s] axe  6 tempo droit      1653 / 4095
[  17.38s] axe  6 tempo droit      1667 / 4095
[  17.38s] axe  6 tempo droit      1682 / 4095
[  17.39s] axe  6 tempo droit      1693 / 4095
[  17.39s] axe  6 tempo droit      1705 / 4095
[  17.39s] axe  6 tempo droit      1716 / 4095
[  17.40s] axe  6 tempo droit      1729 / 4095
[  17.40s] axe  6 tempo droit      1743 / 4095
[  17.41s] axe  6 tempo droit      1758 / 4095
[  17.41s] axe  6 tempo droit      1774 / 4095
[  17.42s] axe  6 tempo droit      1787 / 4095
[  17.42s] axe  6 tempo droit      1804 / 4095
[  17.43s] axe  6 tempo droit      1820 / 4095
[  17.43s] axe  6 tempo droit      1837 / 4095
[  17.43s] axe  6 tempo droit      1855 / 4095
[  17.44s] axe  6 tempo droit      1872 / 4095
[  17.44s] axe  6 tempo droit      1892 / 4095
[  17.45s] axe  6 tempo droit      1911 / 4095
[  17.45s] axe  6 tempo droit      1922 / 4095
[  17.45s] axe  6 tempo droit      1943 / 4095
[  17.46s] axe  6 tempo droit      1954 / 4095
[  17.46s] axe  6 tempo droit      1974 / 4095
[  17.46s] axe  6 tempo droit      1995 / 4095
[  17.47s] axe  6 tempo droit      2016 / 4095
[  17.47s] axe  6 tempo droit      2035 / 4095
[  17.48s] axe  6 tempo droit      2046 / 4095
[  17.48s] axe  6 tempo droit      2057 / 4095
[  17.48s] axe  6 tempo droit      2077 / 4095
[  17.48s] axe  6 tempo droit      2088 / 4095
[  17.49s] axe  6 tempo droit      2108 / 4095
[  17.49s] axe  6 tempo droit      2129 / 4095
[  17.50s] axe  6 tempo droit      2150 / 4095
[  17.50s] axe  6 tempo droit      2161 / 4095
[  17.50s] axe  6 tempo droit      2172 / 4095
[  17.51s] axe  6 tempo droit      2193 / 4095
[  17.51s] axe  6 tempo droit      2213 / 4095
[  17.51s] axe  6 tempo droit      2234 / 4095
[  17.52s] axe  6 tempo droit      2245 / 4095
[  17.52s] axe  6 tempo droit      2266 / 4095
[  17.53s] axe  6 tempo droit      2285 / 4095
[  17.53s] axe  6 tempo droit      2305 / 4095
[  17.53s] axe  6 tempo droit      2325 / 4095
[  17.54s] axe  6 tempo droit      2336 / 4095
[  17.54s] axe  6 tempo droit      2357 / 4095
[  17.54s] axe  6 tempo droit      2377 / 4095
[  17.55s] axe  6 tempo droit      2388 / 4095
[  17.55s] axe  6 tempo droit      2408 / 4095
[  17.56s] axe  6 tempo droit      2429 / 4095
[  17.56s] axe  6 tempo droit      2448 / 4095
[  17.56s] axe  6 tempo droit      2459 / 4095
[  17.57s] axe  6 tempo droit      2479 / 4095
[  17.57s] axe  6 tempo droit      2499 / 4095
[  17.58s] axe  6 tempo droit      2519 / 4095
[  17.58s] axe  6 tempo droit      2539 / 4095
[  17.59s] axe  6 tempo droit      2561 / 4095
[  17.59s] axe  6 tempo droit      2582 / 4095
[  17.59s] axe  6 tempo droit      2603 / 4095
[  17.60s] axe  6 tempo droit      2624 / 4095
[  17.60s] axe  6 tempo droit      2635 / 4095
[  17.60s] axe  6 tempo droit      2655 / 4095
[  17.61s] axe  6 tempo droit      2666 / 4095
[  17.61s] axe  6 tempo droit      2677 / 4095
[  17.61s] axe  6 tempo droit      2698 / 4095
[  17.61s] axe  6 tempo droit      2709 / 4095
[  17.62s] axe  6 tempo droit      2720 / 4095
[  17.62s] axe  6 tempo droit      2740 / 4095
[  17.62s] axe  6 tempo droit      2751 / 4095
[  17.63s] axe  6 tempo droit      2771 / 4095
[  17.63s] axe  6 tempo droit      2790 / 4095
[  17.64s] axe  6 tempo droit      2809 / 4095
[  17.64s] axe  6 tempo droit      2829 / 4095
[  17.65s] axe  6 tempo droit      2848 / 4095
[  17.65s] axe  6 tempo droit      2867 / 4095
[  17.65s] axe  6 tempo droit      2887 / 4095
[  17.66s] axe  6 tempo droit      2898 / 4095
[  17.66s] axe  6 tempo droit      2917 / 4095
[  17.66s] axe  6 tempo droit      2935 / 4095
[  17.67s] axe  6 tempo droit      2954 / 4095
[  17.67s] axe  6 tempo droit      2973 / 4095
[  17.68s] axe  6 tempo droit      2992 / 4095
[  17.68s] axe  6 tempo droit      3010 / 4095
[  17.69s] axe  6 tempo droit      3028 / 4095
[  17.69s] axe  6 tempo droit      3045 / 4095
[  17.70s] axe  6 tempo droit      3063 / 4095
[  17.70s] axe  6 tempo droit      3081 / 4095
[  17.70s] axe  6 tempo droit      3099 / 4095
[  17.71s] axe  6 tempo droit      3115 / 4095
[  17.71s] axe  6 tempo droit      3131 / 4095
[  17.72s] axe  6 tempo droit      3148 / 4095
[  17.72s] axe  6 tempo droit      3164 / 4095
[  17.73s] axe  6 tempo droit      3179 / 4095
[  17.73s] axe  6 tempo droit      3195 / 4095
[  17.73s] axe  6 tempo droit      3210 / 4095
[  17.74s] axe  6 tempo droit      3225 / 4095
[  17.74s] axe  6 tempo droit      3241 / 4095
[  17.75s] axe  6 tempo droit      3255 / 4095
[  17.75s] axe  6 tempo droit      3270 / 4095
[  17.76s] axe  6 tempo droit      3285 / 4095
[  17.76s] axe  6 tempo droit      3300 / 4095
[  17.76s] axe  6 tempo droit      3315 / 4095
[  17.77s] axe  6 tempo droit      3330 / 4095
[  17.77s] axe  6 tempo droit      3342 / 4095
[  17.78s] axe  6 tempo droit      3356 / 4095
[  17.78s] axe  6 tempo droit      3369 / 4095
[  17.79s] axe  6 tempo droit      3380 / 4095
[  17.79s] axe  6 tempo droit      3393 / 4095
[  17.80s] axe  6 tempo droit      3405 / 4095
[  17.80s] axe  6 tempo droit      3421 / 4095
[  17.81s] axe  6 tempo droit      3433 / 4095
[  17.81s] axe  6 tempo droit      3447 / 4095
[  17.82s] axe  6 tempo droit      3459 / 4095
[  17.82s] axe  6 tempo droit      3470 / 4095
[  17.83s] axe  6 tempo droit      3481 / 4095
[  17.83s] axe  6 tempo droit      3495 / 4095
[  17.84s] axe  6 tempo droit      3507 / 4095
[  17.85s] axe  6 tempo droit      3521 / 4095
[  17.86s] axe  6 tempo droit      3535 / 4095
[  17.86s] axe  6 tempo droit      3548 / 4095
[  17.87s] axe  6 tempo droit      3559 / 4095
[  17.88s] axe  6 tempo droit      3572 / 4095
[  17.89s] axe  6 tempo droit      3584 / 4095
[  17.90s] axe  6 tempo droit      3596 / 4095
[  17.90s] axe  6 tempo droit      3607 / 4095
[  17.91s] axe  6 tempo droit      3619 / 4095
[  17.92s] axe  6 tempo droit      3630 / 4095
[  17.93s] axe  6 tempo droit      3641 / 4095
[  17.94s] axe  6 tempo droit      3653 / 4095
[  17.95s] axe  6 tempo droit      3665 / 4095
[  17.96s] axe  6 tempo droit      3677 / 4095
[  17.97s] axe  6 tempo droit      3689 / 4095
[  17.98s] axe  6 tempo droit      3703 / 4095
[  17.99s] axe  6 tempo droit      3715 / 4095
[  18.00s] axe  6 tempo droit      3729 / 4095
[  18.01s] axe  6 tempo droit      3743 / 4095
[  18.01s] axe  6 tempo droit      3757 / 4095
[  18.02s] axe  6 tempo droit      3773 / 4095
[  18.03s] axe  6 tempo droit      3784 / 4095
[  18.04s] axe  6 tempo droit      3797 / 4095
[  18.04s] axe  6 tempo droit      3810 / 4095
[  18.05s] axe  6 tempo droit      3823 / 4095
[  18.06s] axe  6 tempo droit      3837 / 4095
[  18.06s] axe  6 tempo droit      3849 / 4095
[  18.07s] axe  6 tempo droit      3861 / 4095
[  18.07s] axe  6 tempo droit      3875 / 4095
[  18.08s] axe  6 tempo droit      3889 / 4095
[  18.08s] axe  6 tempo droit      3902 / 4095
[  18.09s] axe  6 tempo droit      3917 / 4095
[  18.10s] axe  6 tempo droit      3934 / 4095
[  18.11s] axe  6 tempo droit      3949 / 4095
[  18.11s] axe  6 tempo droit      3962 / 4095
[  18.12s] axe  6 tempo droit      3976 / 4095
[  18.12s] axe  6 tempo droit      3988 / 4095
[  18.12s] axe  6 tempo droit      4003 / 4095
[  18.13s] axe  6 tempo droit      4014 / 4095
[  18.13s] axe  6 tempo droit      4026 / 4095
[  18.14s] axe  6 tempo droit      4041 / 4095
[  18.14s] axe  6 tempo droit      4052 / 4095
[  18.15s] axe  6 tempo droit      4065 / 4095
[  18.15s] axe  6 tempo droit      4081 / 4095
[  18.16s] axe  6 tempo droit      4095 / 4095
[  18.44s] … 2622 blocs recus depuis 3 s, aucun changement (total 9584)
[  18.66s] axe  6 tempo droit      4083 / 4095
[  18.67s] axe  6 tempo droit      4071 / 4095
[  18.68s] axe  6 tempo droit      4058 / 4095
[  18.69s] axe  6 tempo droit      4046 / 4095
[  18.69s] axe  6 tempo droit      4035 / 4095
[  18.70s] axe  6 tempo droit      4024 / 4095
[  18.71s] axe  6 tempo droit      4012 / 4095
[  18.71s] axe  6 tempo droit      3998 / 4095
[  18.72s] axe  6 tempo droit      3983 / 4095
[  18.73s] axe  6 tempo droit      3969 / 4095
[  18.73s] axe  6 tempo droit      3958 / 4095
[  18.74s] axe  6 tempo droit      3947 / 4095
[  18.74s] axe  6 tempo droit      3933 / 4095
[  18.75s] axe  6 tempo droit      3916 / 4095
[  18.76s] axe  6 tempo droit      3900 / 4095
[  18.76s] axe  6 tempo droit      3888 / 4095
[  18.77s] axe  6 tempo droit      3872 / 4095
[  18.77s] axe  6 tempo droit      3857 / 4095
[  18.78s] axe  6 tempo droit      3842 / 4095
[  18.78s] axe  6 tempo droit      3831 / 4095
[  18.79s] axe  6 tempo droit      3817 / 4095
[  18.79s] axe  6 tempo droit      3806 / 4095
[  18.80s] axe  6 tempo droit      3790 / 4095
[  18.81s] axe  6 tempo droit      3774 / 4095
[  18.82s] axe  6 tempo droit      3761 / 4095
[  18.82s] axe  6 tempo droit      3747 / 4095
[  18.83s] axe  6 tempo droit      3733 / 4095
[  18.84s] axe  6 tempo droit      3719 / 4095
[  18.84s] axe  6 tempo droit      3706 / 4095
[  18.85s] axe  6 tempo droit      3692 / 4095
[  18.86s] axe  6 tempo droit      3677 / 4095
[  18.86s] axe  6 tempo droit      3664 / 4095
[  18.87s] axe  6 tempo droit      3653 / 4095
[  18.87s] axe  6 tempo droit      3639 / 4095
[  18.88s] axe  6 tempo droit      3625 / 4095
[  18.88s] axe  6 tempo droit      3614 / 4095
[  18.89s] axe  6 tempo droit      3603 / 4095
[  18.89s] axe  6 tempo droit      3587 / 4095
[  18.90s] axe  6 tempo droit      3576 / 4095
[  18.91s] axe  6 tempo droit      3561 / 4095
[  18.91s] axe  6 tempo droit      3550 / 4095
[  18.92s] axe  6 tempo droit      3536 / 4095
[  18.93s] axe  6 tempo droit      3521 / 4095
[  18.93s] axe  6 tempo droit      3507 / 4095
[  18.94s] axe  6 tempo droit      3495 / 4095
[  18.95s] axe  6 tempo droit      3481 / 4095
[  18.95s] axe  6 tempo droit      3469 / 4095
[  18.96s] axe  6 tempo droit      3455 / 4095
[  18.97s] axe  6 tempo droit      3444 / 4095
[  18.98s] axe  6 tempo droit      3433 / 4095
[  18.98s] axe  6 tempo droit      3421 / 4095
[  18.99s] axe  6 tempo droit      3407 / 4095
[  19.00s] axe  6 tempo droit      3394 / 4095
[  19.01s] axe  6 tempo droit      3382 / 4095
[  19.01s] axe  6 tempo droit      3371 / 4095
[  19.02s] axe  6 tempo droit      3360 / 4095
[  19.03s] axe  6 tempo droit      3347 / 4095
[  19.04s] axe  6 tempo droit      3333 / 4095
[  19.04s] axe  6 tempo droit      3322 / 4095
[  19.05s] axe  6 tempo droit      3309 / 4095
[  19.06s] axe  6 tempo droit      3298 / 4095
[  19.06s] axe  6 tempo droit      3287 / 4095
[  19.07s] axe  6 tempo droit      3276 / 4095
[  19.08s] axe  6 tempo droit      3262 / 4095
[  19.09s] axe  6 tempo droit      3249 / 4095
[  19.10s] axe  6 tempo droit      3238 / 4095
[  19.10s] axe  6 tempo droit      3225 / 4095
[  19.11s] axe  6 tempo droit      3211 / 4095
[  19.12s] axe  6 tempo droit      3198 / 4095
[  19.13s] axe  6 tempo droit      3186 / 4095
[  19.13s] axe  6 tempo droit      3175 / 4095
[  19.14s] axe  6 tempo droit      3163 / 4095
[  19.15s] axe  6 tempo droit      3150 / 4095
[  19.15s] axe  6 tempo droit      3137 / 4095
[  19.16s] axe  6 tempo droit      3123 / 4095
[  19.17s] axe  6 tempo droit      3111 / 4095
[  19.17s] axe  6 tempo droit      3097 / 4095
[  19.18s] axe  6 tempo droit      3082 / 4095
[  19.18s] axe  6 tempo droit      3070 / 4095
[  19.19s] axe  6 tempo droit      3057 / 4095
[  19.20s] axe  6 tempo droit      3043 / 4095
[  19.20s] axe  6 tempo droit      3029 / 4095
[  19.21s] axe  6 tempo droit      3015 / 4095
[  19.22s] axe  6 tempo droit      3001 / 4095
[  19.22s] axe  6 tempo droit      2987 / 4095
[  19.23s] axe  6 tempo droit      2974 / 4095
[  19.24s] axe  6 tempo droit      2960 / 4095
[  19.24s] axe  6 tempo droit      2946 / 4095
[  19.25s] axe  6 tempo droit      2933 / 4095
[  19.26s] axe  6 tempo droit      2920 / 4095
[  19.26s] axe  6 tempo droit      2906 / 4095
[  19.27s] axe  6 tempo droit      2890 / 4095
[  19.28s] axe  6 tempo droit      2877 / 4095
[  19.28s] axe  6 tempo droit      2866 / 4095
[  19.29s] axe  6 tempo droit      2853 / 4095
[  19.29s] axe  6 tempo droit      2842 / 4095
[  19.30s] axe  6 tempo droit      2831 / 4095
[  19.30s] axe  6 tempo droit      2816 / 4095
[  19.31s] axe  6 tempo droit      2801 / 4095
[  19.32s] axe  6 tempo droit      2786 / 4095
[  19.32s] axe  6 tempo droit      2773 / 4095
[  19.33s] axe  6 tempo droit      2757 / 4095
[  19.33s] axe  6 tempo droit      2745 / 4095
[  19.34s] axe  6 tempo droit      2732 / 4095
[  19.35s] axe  6 tempo droit      2719 / 4095
[  19.35s] axe  6 tempo droit      2707 / 4095
[  19.36s] axe  6 tempo droit      2695 / 4095
[  19.37s] axe  6 tempo droit      2684 / 4095
[  19.37s] axe  6 tempo droit      2672 / 4095
[  19.38s] axe  6 tempo droit      2661 / 4095
[  19.39s] axe  6 tempo droit      2650 / 4095
[  19.39s] axe  6 tempo droit      2639 / 4095
[  19.40s] axe  6 tempo droit      2627 / 4095
[  19.41s] axe  6 tempo droit      2615 / 4095
[  19.42s] axe  6 tempo droit      2603 / 4095
[  19.43s] axe  6 tempo droit      2592 / 4095
[  19.44s] axe  6 tempo droit      2580 / 4095
[  19.45s] axe  6 tempo droit      2568 / 4095
[  19.46s] axe  6 tempo droit      2557 / 4095
[  19.47s] axe  6 tempo droit      2545 / 4095
[  19.49s] axe  6 tempo droit      2533 / 4095
[  19.51s] axe  6 tempo droit      2521 / 4095
[  19.52s] axe  6 tempo droit      2510 / 4095
[  19.53s] axe  6 tempo droit      2498 / 4095
[  19.54s] axe  6 tempo droit      2487 / 4095
[  19.55s] axe  6 tempo droit      2475 / 4095
[  19.56s] axe  6 tempo droit      2463 / 4095
[  19.57s] axe  6 tempo droit      2451 / 4095
[  19.58s] axe  6 tempo droit      2439 / 4095
[  19.59s] axe  6 tempo droit      2426 / 4095
[  19.60s] axe  6 tempo droit      2415 / 4095
[  19.61s] axe  6 tempo droit      2403 / 4095
[  19.62s] axe  6 tempo droit      2390 / 4095
[  19.62s] axe  6 tempo droit      2378 / 4095
[  19.63s] axe  6 tempo droit      2366 / 4095
[  19.64s] axe  6 tempo droit      2353 / 4095
[  19.65s] axe  6 tempo droit      2341 / 4095
[  19.66s] axe  6 tempo droit      2329 / 4095
[  19.67s] axe  6 tempo droit      2316 / 4095
[  19.68s] axe  6 tempo droit      2304 / 4095
[  19.69s] axe  6 tempo droit      2293 / 4095
[  19.71s] axe  6 tempo droit      2282 / 4095
[  19.72s] axe  6 tempo droit      2269 / 4095
[  19.74s] axe  6 tempo droit      2258 / 4095
[  19.75s] axe  6 tempo droit      2246 / 4095
[  19.77s] axe  6 tempo droit      2234 / 4095
[  19.78s] axe  6 tempo droit      2223 / 4095
[  19.80s] axe  6 tempo droit      2212 / 4095
[  19.82s] axe  6 tempo droit      2201 / 4095
[  19.88s] axe  6 tempo droit      2190 / 4095
[  19.90s] axe  6 tempo droit      2179 / 4095
[  19.93s] axe  6 tempo droit      2168 / 4095
[  19.95s] axe  6 tempo droit      2157 / 4095
[  19.97s] axe  6 tempo droit      2146 / 4095
[  19.99s] axe  6 tempo droit      2135 / 4095
[  20.01s] axe  6 tempo droit      2124 / 4095
[  20.03s] axe  6 tempo droit      2113 / 4095
[  20.05s] axe  6 tempo droit      2102 / 4095
[  20.07s] axe  6 tempo droit      2091 / 4095
[  20.10s] axe  6 tempo droit      2080 / 4095
[  20.25s] axe  6 tempo droit      2069 / 4095
[  21.59s] … 966 blocs recus depuis 3 s, aucun changement (total 10550)
[  23.53s] axe  8 volume micro       16 / 4095
[  23.53s] axe  8 volume micro       36 / 4095
[  23.53s] axe  8 volume micro       48 / 4095
[  23.54s] axe  8 volume micro       62 / 4095
[  23.54s] axe  8 volume micro       81 / 4095
[  23.54s] axe  8 volume micro       93 / 4095
[  23.54s] axe  8 volume micro      105 / 4095
[  23.55s] axe  8 volume micro      117 / 4095
[  23.55s] axe  8 volume micro      128 / 4095
[  23.55s] axe  8 volume micro      145 / 4095
[  23.56s] axe  8 volume micro      166 / 4095
[  23.56s] axe  8 volume micro      186 / 4095
[  23.57s] axe  8 volume micro      201 / 4095
[  23.57s] axe  8 volume micro      218 / 4095
[  23.57s] axe  8 volume micro      233 / 4095
[  23.58s] axe  8 volume micro      251 / 4095
[  23.58s] axe  8 volume micro      265 / 4095
[  23.59s] axe  8 volume micro      282 / 4095
[  23.59s] axe  8 volume micro      296 / 4095
[  23.60s] axe  8 volume micro      313 / 4095
[  23.60s] axe  8 volume micro      329 / 4095
[  23.60s] axe  8 volume micro      345 / 4095
[  23.61s] axe  8 volume micro      359 / 4095
[  23.61s] axe  8 volume micro      376 / 4095
[  23.62s] axe  8 volume micro      392 / 4095
[  23.62s] axe  8 volume micro      410 / 4095
[  23.63s] axe  8 volume micro      425 / 4095
[  23.63s] axe  8 volume micro      442 / 4095
[  23.64s] axe  8 volume micro      460 / 4095
[  23.64s] axe  8 volume micro      480 / 4095
[  23.65s] axe  8 volume micro      500 / 4095
[  23.67s] axe  8 volume micro      512 / 4095
[  23.67s] axe  8 volume micro      523 / 4095
[  23.67s] axe  8 volume micro      535 / 4095
[  23.67s] axe  6 tempo droit      2058 / 4095
[  23.67s] axe  8 volume micro      663 / 4095
[  23.68s] axe  8 volume micro      676 / 4095
[  23.68s] axe  8 volume micro      687 / 4095
[  23.68s] axe  8 volume micro      698 / 4095
[  23.68s] axe  8 volume micro      709 / 4095
[  23.68s] axe  8 volume micro      720 / 4095
[  23.69s] axe  8 volume micro      740 / 4095
[  23.69s] axe  8 volume micro      751 / 4095
[  23.70s] axe  8 volume micro      771 / 4095
[  23.70s] axe  8 volume micro      787 / 4095
[  23.70s] axe  8 volume micro      802 / 4095
[  23.71s] axe  8 volume micro      817 / 4095
[  23.71s] axe  8 volume micro      831 / 4095
[  23.72s] axe  8 volume micro      843 / 4095
[  23.72s] axe  8 volume micro      854 / 4095
[  23.73s] axe  8 volume micro      867 / 4095
[  23.73s] axe  8 volume micro      878 / 4095
[  23.73s] axe  8 volume micro      892 / 4095
[  23.74s] axe  8 volume micro      903 / 4095
[  23.74s] axe  8 volume micro      917 / 4095
[  23.75s] axe  8 volume micro      928 / 4095
[  23.75s] axe  8 volume micro      942 / 4095
[  23.76s] axe  8 volume micro      954 / 4095
[  23.76s] axe  8 volume micro      966 / 4095
[  23.77s] axe  8 volume micro      981 / 4095
[  23.78s] axe  8 volume micro      997 / 4095
[  23.78s] axe  8 volume micro     1008 / 4095
[  23.79s] axe  8 volume micro     1022 / 4095
[  23.79s] axe  8 volume micro     1033 / 4095
[  23.80s] axe  8 volume micro     1044 / 4095
[  23.80s] axe  8 volume micro     1057 / 4095
[  23.80s] axe  8 volume micro     1069 / 4095
[  23.81s] axe  8 volume micro     1083 / 4095
[  23.81s] axe  8 volume micro     1099 / 4095
[  23.82s] axe  8 volume micro     1112 / 4095
[  23.82s] axe  8 volume micro     1127 / 4095
[  23.83s] axe  8 volume micro     1143 / 4095
[  23.83s] axe  8 volume micro     1161 / 4095
[  23.83s] axe  8 volume micro     1178 / 4095
[  23.84s] axe  8 volume micro     1193 / 4095
[  23.84s] axe  8 volume micro     1209 / 4095
[  23.85s] axe  8 volume micro     1225 / 4095
[  23.85s] axe  8 volume micro     1241 / 4095
[  23.86s] axe  8 volume micro     1256 / 4095
[  23.86s] axe  8 volume micro     1271 / 4095
[  23.87s] axe  8 volume micro     1287 / 4095
[  23.87s] axe  8 volume micro     1301 / 4095
[  23.87s] axe  8 volume micro     1315 / 4095
[  23.88s] axe  8 volume micro     1327 / 4095
[  23.88s] axe  8 volume micro     1339 / 4095
[  23.89s] axe  8 volume micro     1351 / 4095
[  23.89s] axe  8 volume micro     1364 / 4095
[  23.90s] axe  8 volume micro     1377 / 4095
[  23.90s] axe  8 volume micro     1390 / 4095
[  23.90s] axe  8 volume micro     1404 / 4095
[  23.91s] axe  8 volume micro     1420 / 4095
[  23.91s] axe  8 volume micro     1433 / 4095
[  23.92s] axe  8 volume micro     1446 / 4095
[  23.92s] axe  8 volume micro     1462 / 4095
[  23.93s] axe  8 volume micro     1477 / 4095
[  23.93s] axe  8 volume micro     1496 / 4095
[  23.93s] axe  8 volume micro     1507 / 4095
[  23.93s] axe  8 volume micro     1520 / 4095
[  23.94s] axe  8 volume micro     1532 / 4095
[  23.94s] axe  8 volume micro     1544 / 4095
[  23.94s] axe  8 volume micro     1555 / 4095
[  23.95s] axe  8 volume micro     1569 / 4095
[  23.95s] axe  8 volume micro     1580 / 4095
[  23.95s] axe  8 volume micro     1592 / 4095
[  23.95s] axe  8 volume micro     1612 / 4095
[  23.96s] axe  8 volume micro     1630 / 4095
[  23.96s] axe  8 volume micro     1647 / 4095
[  23.97s] axe  8 volume micro     1666 / 4095
[  23.97s] axe  8 volume micro     1683 / 4095
[  23.97s] axe  8 volume micro     1701 / 4095
[  23.98s] axe  8 volume micro     1716 / 4095
[  23.98s] axe  8 volume micro     1730 / 4095
[  23.99s] axe  8 volume micro     1743 / 4095
[  23.99s] axe  8 volume micro     1755 / 4095
[  24.00s] axe  8 volume micro     1766 / 4095
[  24.00s] axe  8 volume micro     1777 / 4095
[  24.00s] axe  8 volume micro     1789 / 4095
[  24.01s] axe  8 volume micro     1800 / 4095
[  24.01s] axe  8 volume micro     1817 / 4095
[  24.02s] axe  8 volume micro     1834 / 4095
[  24.03s] axe  8 volume micro     1849 / 4095
[  24.03s] axe  8 volume micro     1869 / 4095
[  24.03s] axe  8 volume micro     1888 / 4095
[  24.03s] axe  8 volume micro     1907 / 4095
[  24.04s] axe  8 volume micro     1927 / 4095
[  24.04s] axe  8 volume micro     1944 / 4095
[  24.05s] axe  8 volume micro     1959 / 4095
[  24.05s] axe  8 volume micro     1976 / 4095
[  24.06s] axe  8 volume micro     1990 / 4095
[  24.06s] axe  8 volume micro     2003 / 4095
[  24.07s] axe  8 volume micro     2014 / 4095
[  24.07s] axe  8 volume micro     2025 / 4095
[  24.07s] axe  8 volume micro     2036 / 4095
[  24.08s] axe  8 volume micro     2051 / 4095
[  24.08s] axe  8 volume micro     2062 / 4095
[  24.09s] axe  8 volume micro     2073 / 4095
[  24.10s] axe  8 volume micro     2087 / 4095
[  24.10s] axe  8 volume micro     2099 / 4095
[  24.10s] axe  8 volume micro     2115 / 4095
[  24.11s] axe  8 volume micro     2132 / 4095
[  24.11s] axe  8 volume micro     2146 / 4095
[  24.12s] axe  8 volume micro     2160 / 4095
[  24.12s] axe  8 volume micro     2172 / 4095
[  24.13s] axe  8 volume micro     2185 / 4095
[  24.13s] axe  8 volume micro     2198 / 4095
[  24.14s] axe  8 volume micro     2214 / 4095
[  24.14s] axe  8 volume micro     2227 / 4095
[  24.14s] axe  8 volume micro     2243 / 4095
[  24.15s] axe  8 volume micro     2261 / 4095
[  24.15s] axe  8 volume micro     2277 / 4095
[  24.16s] axe  8 volume micro     2292 / 4095
[  24.16s] axe  8 volume micro     2306 / 4095
[  24.17s] axe  8 volume micro     2320 / 4095
[  24.17s] axe  8 volume micro     2333 / 4095
[  24.18s] axe  8 volume micro     2345 / 4095
[  24.18s] axe  8 volume micro     2358 / 4095
[  24.18s] axe  8 volume micro     2373 / 4095
[  24.19s] axe  8 volume micro     2390 / 4095
[  24.19s] axe  8 volume micro     2411 / 4095
[  24.20s] axe  8 volume micro     2431 / 4095
[  24.20s] axe  8 volume micro     2453 / 4095
[  24.20s] axe  8 volume micro     2467 / 4095
[  24.20s] axe  8 volume micro     2481 / 4095
[  24.21s] axe  8 volume micro     2494 / 4095
[  24.21s] axe  8 volume micro     2507 / 4095
[  24.21s] axe  8 volume micro     2519 / 4095
[  24.21s] axe  8 volume micro     2531 / 4095
[  24.22s] axe  8 volume micro     2542 / 4095
[  24.22s] axe  8 volume micro     2553 / 4095
[  24.22s] axe  8 volume micro     2565 / 4095
[  24.22s] axe  8 volume micro     2584 / 4095
[  24.23s] axe  8 volume micro     2595 / 4095
[  24.23s] axe  8 volume micro     2606 / 4095
[  24.23s] axe  8 volume micro     2626 / 4095
[  24.24s] axe  8 volume micro     2648 / 4095
[  24.24s] axe  8 volume micro     2660 / 4095
[  24.24s] axe  8 volume micro     2671 / 4095
[  24.25s] axe  8 volume micro     2683 / 4095
[  24.25s] axe  8 volume micro     2695 / 4095
[  24.25s] axe  8 volume micro     2708 / 4095
[  24.25s] axe  8 volume micro     2722 / 4095
[  24.25s] axe  8 volume micro     2736 / 4095
[  24.26s] axe  8 volume micro     2749 / 4095
[  24.26s] axe  8 volume micro     2763 / 4095
[  24.26s] axe  8 volume micro     2776 / 4095
[  24.26s] axe  8 volume micro     2788 / 4095
[  24.26s] axe  8 volume micro     2800 / 4095
[  24.27s] axe  8 volume micro     2811 / 4095
[  24.27s] axe  8 volume micro     2823 / 4095
[  24.27s] axe  8 volume micro     2837 / 4095
[  24.27s] axe  8 volume micro     2849 / 4095
[  24.28s] axe  8 volume micro     2871 / 4095
[  24.28s] axe  8 volume micro     2882 / 4095
[  24.28s] axe  8 volume micro     2902 / 4095
[  24.29s] axe  8 volume micro     2914 / 4095
[  24.29s] axe  8 volume micro     2926 / 4095
[  24.29s] axe  8 volume micro     2939 / 4095
[  24.29s] axe  8 volume micro     2951 / 4095
[  24.29s] axe  8 volume micro     2962 / 4095
[  24.30s] axe  8 volume micro     2974 / 4095
[  24.30s] axe  8 volume micro     2985 / 4095
[  24.30s] axe  8 volume micro     2996 / 4095
[  24.30s] axe  8 volume micro     3014 / 4095
[  24.31s] axe  8 volume micro     3035 / 4095
[  24.31s] axe  8 volume micro     3046 / 4095
[  24.31s] axe  8 volume micro     3057 / 4095
[  24.32s] axe  8 volume micro     3076 / 4095
[  24.32s] axe  8 volume micro     3091 / 4095
[  24.32s] axe  8 volume micro     3105 / 4095
[  24.32s] axe  8 volume micro     3119 / 4095
[  24.33s] axe  8 volume micro     3134 / 4095
[  24.33s] axe  8 volume micro     3149 / 4095
[  24.33s] axe  8 volume micro     3163 / 4095
[  24.33s] axe  8 volume micro     3178 / 4095
[  24.33s] axe  8 volume micro     3192 / 4095
[  24.34s] axe  8 volume micro     3204 / 4095
[  24.34s] axe  8 volume micro     3215 / 4095
[  24.35s] axe  8 volume micro     3233 / 4095
[  24.35s] axe  8 volume micro     3250 / 4095
[  24.35s] axe  8 volume micro     3269 / 4095
[  24.36s] axe  8 volume micro     3289 / 4095
[  24.36s] axe  8 volume micro     3309 / 4095
[  24.37s] axe  8 volume micro     3326 / 4095
[  24.37s] axe  8 volume micro     3343 / 4095
[  24.37s] axe  8 volume micro     3357 / 4095
[  24.38s] axe  8 volume micro     3373 / 4095
[  24.38s] axe  8 volume micro     3392 / 4095
[  24.39s] axe  8 volume micro     3407 / 4095
[  24.39s] axe  8 volume micro     3420 / 4095
[  24.40s] axe  8 volume micro     3434 / 4095
[  24.40s] axe  8 volume micro     3445 / 4095
[  24.41s] axe  8 volume micro     3459 / 4095
[  24.41s] axe  8 volume micro     3470 / 4095
[  24.42s] axe  8 volume micro     3484 / 4095
[  24.43s] axe  8 volume micro     3498 / 4095
[  24.43s] axe  8 volume micro     3512 / 4095
[  24.44s] axe  8 volume micro     3523 / 4095
[  24.44s] axe  8 volume micro     3537 / 4095
[  24.45s] axe  8 volume micro     3552 / 4095
[  24.45s] axe  8 volume micro     3571 / 4095
[  24.45s] axe  8 volume micro     3590 / 4095
[  24.46s] axe  8 volume micro     3610 / 4095
[  24.46s] axe  8 volume micro     3629 / 4095
[  24.47s] axe  8 volume micro     3645 / 4095
[  24.48s] axe  8 volume micro     3664 / 4095
[  24.48s] axe  8 volume micro     3682 / 4095
[  24.48s] axe  8 volume micro     3710 / 4095
[  24.49s] axe  8 volume micro     3728 / 4095
[  24.49s] axe  8 volume micro     3740 / 4095
[  24.51s] axe  8 volume micro     3754 / 4095
[  24.51s] axe  8 volume micro     3765 / 4095
[  24.52s] axe  8 volume micro     3777 / 4095
[  24.53s] axe  8 volume micro     3794 / 4095
[  24.53s] axe  8 volume micro     3806 / 4095
[  24.54s] axe  8 volume micro     3819 / 4095
[  24.54s] axe  8 volume micro     3831 / 4095
[  24.54s] axe  8 volume micro     3846 / 4095
[  24.55s] axe  8 volume micro     3863 / 4095
[  24.55s] axe  8 volume micro     3882 / 4095
[  24.56s] axe  8 volume micro     3899 / 4095
[  24.56s] axe  8 volume micro     3917 / 4095
[  24.57s] axe  8 volume micro     3935 / 4095
[  24.57s] axe  8 volume micro     3952 / 4095
[  24.58s] axe  8 volume micro     3966 / 4095
[  24.58s] axe  8 volume micro     3985 / 4095
[  24.58s] axe  8 volume micro     4001 / 4095
[  24.59s] axe  8 volume micro     4017 / 4095
[  24.59s] axe  8 volume micro     4032 / 4095
[  24.59s] … 1602 blocs recus depuis 3 s, aucun changement (total 12152)
[  24.60s] axe  8 volume micro     4047 / 4095
[  24.60s] axe  8 volume micro     4062 / 4095
[  24.61s] axe  8 volume micro     4078 / 4095
[  24.61s] axe  8 volume micro     4092 / 4095
[  25.28s] axe  8 volume micro     4078 / 4095
[  25.28s] axe  8 volume micro     4066 / 4095
[  25.28s] axe  8 volume micro     4052 / 4095
[  25.28s] axe  8 volume micro     4037 / 4095
[  25.29s] axe  8 volume micro     4023 / 4095
[  25.29s] axe  8 volume micro     4009 / 4095
[  25.29s] axe  8 volume micro     3995 / 4095
[  25.29s] axe  8 volume micro     3980 / 4095
[  25.30s] axe  8 volume micro     3968 / 4095
[  25.30s] axe  8 volume micro     3956 / 4095
[  25.30s] axe  8 volume micro     3943 / 4095
[  25.30s] axe  8 volume micro     3929 / 4095
[  25.30s] axe  8 volume micro     3915 / 4095
[  25.31s] axe  8 volume micro     3900 / 4095
[  25.31s] axe  8 volume micro     3885 / 4095
[  25.31s] axe  8 volume micro     3870 / 4095
[  25.31s] axe  8 volume micro     3856 / 4095
[  25.31s] axe  8 volume micro     3842 / 4095
[  25.32s] axe  8 volume micro     3826 / 4095
[  25.32s] axe  8 volume micro     3810 / 4095
[  25.32s] axe  8 volume micro     3795 / 4095
[  25.32s] axe  8 volume micro     3781 / 4095
[  25.33s] axe  8 volume micro     3767 / 4095
[  25.33s] axe  8 volume micro     3754 / 4095
[  25.33s] axe  8 volume micro     3740 / 4095
[  25.33s] axe  8 volume micro     3725 / 4095
[  25.33s] axe  8 volume micro     3712 / 4095
[  25.34s] axe  8 volume micro     3698 / 4095
[  25.34s] axe  8 volume micro     3684 / 4095
[  25.34s] axe  8 volume micro     3670 / 4095
[  25.34s] axe  8 volume micro     3657 / 4095
[  25.35s] axe  8 volume micro     3644 / 4095
[  25.35s] axe  8 volume micro     3630 / 4095
[  25.35s] axe  8 volume micro     3615 / 4095
[  25.35s] axe  8 volume micro     3601 / 4095
[  25.35s] axe  8 volume micro     3586 / 4095
[  25.36s] axe  8 volume micro     3570 / 4095
[  25.36s] axe  8 volume micro     3554 / 4095
[  25.36s] axe  8 volume micro     3538 / 4095
[  25.36s] axe  8 volume micro     3523 / 4095
[  25.36s] axe  8 volume micro     3508 / 4095
[  25.37s] axe  8 volume micro     3493 / 4095
[  25.37s] axe  8 volume micro     3478 / 4095
[  25.37s] axe  8 volume micro     3464 / 4095
[  25.37s] axe  8 volume micro     3450 / 4095
[  25.38s] axe  8 volume micro     3436 / 4095
[  25.38s] axe  8 volume micro     3422 / 4095
[  25.38s] axe  8 volume micro     3407 / 4095
[  25.38s] axe  8 volume micro     3390 / 4095
[  25.39s] axe  8 volume micro     3362 / 4095
[  25.39s] axe  8 volume micro     3347 / 4095
[  25.39s] axe  8 volume micro     3331 / 4095
[  25.39s] axe  8 volume micro     3313 / 4095
[  25.40s] axe  8 volume micro     3296 / 4095
[  25.40s] axe  8 volume micro     3279 / 4095
[  25.40s] axe  8 volume micro     3262 / 4095
[  25.40s] axe  8 volume micro     3246 / 4095
[  25.40s] axe  8 volume micro     3231 / 4095
[  25.41s] axe  8 volume micro     3217 / 4095
[  25.41s] axe  8 volume micro     3203 / 4095
[  25.41s] axe  8 volume micro     3189 / 4095
[  25.41s] axe  8 volume micro     3175 / 4095
[  25.41s] axe  8 volume micro     3162 / 4095
[  25.42s] axe  8 volume micro     3150 / 4095
[  25.42s] axe  8 volume micro     3139 / 4095
[  25.42s] axe  8 volume micro     3127 / 4095
[  25.43s] axe  8 volume micro     3106 / 4095
[  25.43s] axe  8 volume micro     3095 / 4095
[  25.43s] axe  8 volume micro     3076 / 4095
[  25.44s] axe  8 volume micro     3056 / 4095
[  25.44s] axe  8 volume micro     3039 / 4095
[  25.45s] axe  8 volume micro     3023 / 4095
[  25.45s] axe  8 volume micro     3006 / 4095
[  25.45s] axe  8 volume micro     2989 / 4095
[  25.46s] axe  8 volume micro     2975 / 4095
[  25.46s] axe  8 volume micro     2960 / 4095
[  25.47s] axe  8 volume micro     2946 / 4095
[  25.47s] axe  8 volume micro     2930 / 4095
[  25.48s] axe  8 volume micro     2916 / 4095
[  25.48s] axe  8 volume micro     2904 / 4095
[  25.48s] axe  8 volume micro     2889 / 4095
[  25.49s] axe  8 volume micro     2878 / 4095
[  25.49s] axe  8 volume micro     2867 / 4095
[  25.50s] axe  8 volume micro     2852 / 4095
[  25.50s] axe  8 volume micro     2838 / 4095
[  25.51s] axe  8 volume micro     2826 / 4095
[  25.51s] axe  8 volume micro     2811 / 4095
[  25.51s] axe  8 volume micro     2797 / 4095
[  25.52s] axe  8 volume micro     2782 / 4095
[  25.52s] axe  8 volume micro     2765 / 4095
[  25.53s] axe  8 volume micro     2749 / 4095
[  25.53s] axe  8 volume micro     2731 / 4095
[  25.54s] axe  8 volume micro     2713 / 4095
[  25.54s] axe  8 volume micro     2697 / 4095
[  25.55s] axe  8 volume micro     2678 / 4095
[  25.55s] axe  8 volume micro     2658 / 4095
[  25.55s] axe  8 volume micro     2639 / 4095
[  25.56s] axe  8 volume micro     2618 / 4095
[  25.56s] axe  8 volume micro     2598 / 4095
[  25.57s] axe  8 volume micro     2580 / 4095
[  25.58s] axe  8 volume micro     2560 / 4095
[  25.58s] axe  8 volume micro     2549 / 4095
[  25.58s] axe  8 volume micro     2515 / 4095
[  25.58s] axe  8 volume micro     2504 / 4095
[  25.59s] axe  8 volume micro     2492 / 4095
[  25.59s] axe  8 volume micro     2480 / 4095
[  25.59s] axe  8 volume micro     2469 / 4095
[  25.59s] axe  8 volume micro     2457 / 4095
[  25.59s] axe  8 volume micro     2446 / 4095
[  25.60s] axe  8 volume micro     2434 / 4095
[  25.60s] axe  8 volume micro     2422 / 4095
[  25.60s] axe  8 volume micro     2408 / 4095
[  25.60s] axe  8 volume micro     2395 / 4095
[  25.60s] axe  8 volume micro     2381 / 4095
[  25.61s] axe  8 volume micro     2368 / 4095
[  25.61s] axe  8 volume micro     2354 / 4095
[  25.61s] axe  8 volume micro     2339 / 4095
[  25.62s] axe  8 volume micro     2324 / 4095
[  25.62s] axe  8 volume micro     2309 / 4095
[  25.62s] axe  8 volume micro     2292 / 4095
[  25.62s] axe  8 volume micro     2274 / 4095
[  25.62s] axe  8 volume micro     2258 / 4095
[  25.62s] axe  8 volume micro     2240 / 4095
[  25.63s] axe  8 volume micro     2222 / 4095
[  25.63s] axe  8 volume micro     2204 / 4095
[  25.63s] axe  8 volume micro     2186 / 4095
[  25.63s] axe  8 volume micro     2168 / 4095
[  25.64s] axe  8 volume micro     2149 / 4095
[  25.64s] axe  8 volume micro     2131 / 4095
[  25.64s] axe  8 volume micro     2115 / 4095
[  25.64s] axe  8 volume micro     2099 / 4095
[  25.64s] axe  8 volume micro     2083 / 4095
[  25.65s] axe  8 volume micro     2067 / 4095
[  25.65s] axe  8 volume micro     2051 / 4095
[  25.65s] axe  8 volume micro     2036 / 4095
[  25.65s] axe  8 volume micro     2021 / 4095
[  25.65s] axe  8 volume micro     2008 / 4095
[  25.66s] axe  8 volume micro     1993 / 4095
[  25.66s] axe  8 volume micro     1981 / 4095
[  25.66s] axe  8 volume micro     1968 / 4095
[  25.66s] axe  8 volume micro     1955 / 4095
[  25.67s] axe  8 volume micro     1942 / 4095
[  25.67s] axe  8 volume micro     1930 / 4095
[  25.67s] axe  8 volume micro     1917 / 4095
[  25.67s] axe  8 volume micro     1906 / 4095
[  25.67s] axe  8 volume micro     1892 / 4095
[  25.68s] axe  8 volume micro     1880 / 4095
[  25.68s] axe  8 volume micro     1869 / 4095
[  25.68s] axe  8 volume micro     1848 / 4095
[  25.69s] axe  8 volume micro     1836 / 4095
[  25.69s] axe  8 volume micro     1825 / 4095
[  25.69s] axe  8 volume micro     1813 / 4095
[  25.69s] axe  8 volume micro     1801 / 4095
[  25.69s] axe  8 volume micro     1788 / 4095
[  25.70s] axe  8 volume micro     1776 / 4095
[  25.70s] axe  8 volume micro     1764 / 4095
[  25.70s] axe  8 volume micro     1752 / 4095
[  25.70s] axe  8 volume micro     1741 / 4095
[  25.70s] axe  8 volume micro     1729 / 4095
[  25.71s] axe  8 volume micro     1716 / 4095
[  25.71s] axe  8 volume micro     1704 / 4095
[  25.71s] axe  8 volume micro     1691 / 4095
[  25.71s] axe  8 volume micro     1679 / 4095
[  25.72s] axe  8 volume micro     1666 / 4095
[  25.72s] axe  8 volume micro     1654 / 4095
[  25.72s] axe  8 volume micro     1643 / 4095
[  25.72s] axe  8 volume micro     1631 / 4095
[  25.73s] axe  8 volume micro     1609 / 4095
[  25.73s] axe  8 volume micro     1597 / 4095
[  25.73s] axe  8 volume micro     1585 / 4095
[  25.73s] axe  8 volume micro     1574 / 4095
[  25.74s] axe  8 volume micro     1553 / 4095
[  25.74s] axe  8 volume micro     1531 / 4095
[  25.75s] axe  8 volume micro     1512 / 4095
[  25.75s] axe  8 volume micro     1495 / 4095
[  25.76s] axe  8 volume micro     1474 / 4095
[  25.76s] axe  8 volume micro     1457 / 4095
[  25.77s] axe  8 volume micro     1438 / 4095
[  25.77s] axe  8 volume micro     1418 / 4095
[  25.77s] axe  8 volume micro     1398 / 4095
[  25.78s] axe  8 volume micro     1378 / 4095
[  25.78s] axe  8 volume micro     1359 / 4095
[  25.79s] axe  8 volume micro     1341 / 4095
[  25.79s] axe  8 volume micro     1321 / 4095
[  25.79s] axe  8 volume micro     1301 / 4095
[  25.80s] axe  8 volume micro     1281 / 4095
[  25.80s] axe  8 volume micro     1263 / 4095
[  25.81s] axe  8 volume micro     1243 / 4095
[  25.81s] axe  8 volume micro     1224 / 4095
[  25.82s] axe  8 volume micro     1206 / 4095
[  25.82s] axe  8 volume micro     1190 / 4095
[  25.83s] axe  8 volume micro     1173 / 4095
[  25.83s] axe  8 volume micro     1156 / 4095
[  25.83s] axe  8 volume micro     1141 / 4095
[  25.84s] axe  8 volume micro     1126 / 4095
[  25.84s] axe  8 volume micro     1111 / 4095
[  25.85s] axe  8 volume micro     1098 / 4095
[  25.85s] axe  8 volume micro     1087 / 4095
[  25.86s] axe  8 volume micro     1076 / 4095
[  25.86s] axe  8 volume micro     1065 / 4095
[  25.87s] axe  8 volume micro     1051 / 4095
[  25.87s] axe  8 volume micro     1036 / 4095
[  25.88s] axe  8 volume micro     1021 / 4095
[  25.89s] axe  8 volume micro     1008 / 4095
[  25.89s] axe  8 volume micro      997 / 4095
[  25.90s] axe  8 volume micro      984 / 4095
[  25.90s] axe  8 volume micro      971 / 4095
[  25.91s] axe  8 volume micro      960 / 4095
[  25.91s] axe  8 volume micro      949 / 4095
[  25.92s] axe  8 volume micro      935 / 4095
[  25.92s] axe  8 volume micro      922 / 4095
[  25.93s] axe  8 volume micro      910 / 4095
[  25.93s] axe  8 volume micro      895 / 4095
[  25.94s] axe  8 volume micro      879 / 4095
[  25.94s] axe  8 volume micro      862 / 4095
[  25.95s] axe  8 volume micro      845 / 4095
[  25.95s] axe  8 volume micro      828 / 4095
[  25.95s] axe  8 volume micro      813 / 4095
[  25.96s] axe  8 volume micro      800 / 4095
[  25.96s] axe  8 volume micro      787 / 4095
[  25.97s] axe  8 volume micro      773 / 4095
[  25.97s] axe  8 volume micro      761 / 4095
[  25.97s] axe  8 volume micro      749 / 4095
[  25.98s] axe  8 volume micro      737 / 4095
[  25.98s] axe  8 volume micro      725 / 4095
[  25.99s] axe  8 volume micro      712 / 4095
[  25.99s] axe  8 volume micro      700 / 4095
[  26.00s] axe  8 volume micro      686 / 4095
[  26.00s] axe  8 volume micro      672 / 4095
[  26.01s] axe  8 volume micro      659 / 4095
[  26.01s] axe  8 volume micro      647 / 4095
[  26.02s] axe  8 volume micro      630 / 4095
[  26.02s] axe  8 volume micro      619 / 4095
[  26.03s] axe  8 volume micro      604 / 4095
[  26.03s] axe  8 volume micro      593 / 4095
[  26.04s] axe  8 volume micro      582 / 4095
[  26.04s] axe  8 volume micro      571 / 4095
[  26.04s] axe  8 volume micro      559 / 4095
[  26.05s] axe  8 volume micro      546 / 4095
[  26.06s] axe  8 volume micro      530 / 4095
[  26.06s] axe  8 volume micro      518 / 4095
[  26.07s] axe  8 volume micro      504 / 4095
[  26.07s] axe  8 volume micro      491 / 4095
[  26.08s] axe  8 volume micro      475 / 4095
[  26.09s] axe  8 volume micro      461 / 4095
[  26.09s] axe  8 volume micro      446 / 4095
[  26.10s] axe  8 volume micro      433 / 4095
[  26.11s] axe  8 volume micro      418 / 4095
[  26.11s] axe  8 volume micro      407 / 4095
[  26.11s] axe  8 volume micro      395 / 4095
[  26.12s] axe  8 volume micro      383 / 4095
[  26.13s] axe  8 volume micro      370 / 4095
[  26.14s] axe  8 volume micro      358 / 4095
[  26.15s] axe  8 volume micro      346 / 4095
[  26.15s] axe  8 volume micro      332 / 4095
[  26.16s] axe  8 volume micro      317 / 4095
[  26.16s] axe  8 volume micro      305 / 4095
[  26.17s] axe  8 volume micro      293 / 4095
[  26.18s] axe  8 volume micro      282 / 4095
[  26.18s] axe  8 volume micro      268 / 4095
[  26.19s] axe  8 volume micro      256 / 4095
[  26.19s] axe  8 volume micro      244 / 4095
[  26.20s] axe  8 volume micro      232 / 4095
[  26.21s] axe  8 volume micro      217 / 4095
[  26.21s] axe  8 volume micro      205 / 4095
[  26.22s] axe  8 volume micro      191 / 4095
[  26.23s] axe  8 volume micro      177 / 4095
[  26.23s] axe  8 volume micro      166 / 4095
[  26.24s] axe  8 volume micro      154 / 4095
[  26.24s] axe  8 volume micro      143 / 4095
[  26.25s] axe  8 volume micro      132 / 4095
[  26.26s] axe  8 volume micro      118 / 4095
[  26.26s] axe  8 volume micro      102 / 4095
[  26.27s] axe  8 volume micro       87 / 4095
[  26.28s] axe  8 volume micro       74 / 4095
[  26.28s] axe  8 volume micro       59 / 4095
[  26.29s] axe  8 volume micro       48 / 4095
[  26.29s] axe  8 volume micro       35 / 4095
[  26.30s] axe  8 volume micro       22 / 4095
[  26.31s] axe  8 volume micro       10 / 4095
[  27.66s] … 1704 blocs recus depuis 3 s, aucun changement (total 13856)
[  28.60s] axe  9 cue mix            14 / 4095
[  28.60s] axe  9 cue mix            25 / 4095
[  28.60s] axe  9 cue mix            38 / 4095
[  28.60s] axe  9 cue mix            52 / 4095
[  28.60s] axe  9 cue mix            65 / 4095
[  28.61s] axe  9 cue mix            77 / 4095
[  28.61s] axe  9 cue mix            95 / 4095
[  28.61s] axe  9 cue mix           108 / 4095
[  28.61s] axe  9 cue mix           122 / 4095
[  28.62s] axe  9 cue mix           136 / 4095
[  28.62s] axe  9 cue mix           152 / 4095
[  28.62s] axe  9 cue mix           168 / 4095
[  28.62s] axe  9 cue mix           183 / 4095
[  28.62s] axe  9 cue mix           197 / 4095
[  28.63s] axe  9 cue mix           210 / 4095
[  28.63s] axe  9 cue mix           226 / 4095
[  28.63s] axe  9 cue mix           241 / 4095
[  28.63s] axe  9 cue mix           253 / 4095
[  28.63s] axe  9 cue mix           266 / 4095
[  28.64s] axe  9 cue mix           278 / 4095
[  28.64s] axe  9 cue mix           289 / 4095
[  28.64s] axe  9 cue mix           310 / 4095
[  28.65s] axe  9 cue mix           321 / 4095
[  28.65s] axe  9 cue mix           334 / 4095
[  28.65s] axe  9 cue mix           349 / 4095
[  28.65s] axe  9 cue mix           363 / 4095
[  28.65s] axe  9 cue mix           375 / 4095
[  28.66s] axe  9 cue mix           397 / 4095
[  28.66s] axe  9 cue mix           408 / 4095
[  28.66s] axe  9 cue mix           419 / 4095
[  28.67s] axe  9 cue mix           430 / 4095
[  28.67s] axe  9 cue mix           442 / 4095
[  28.67s] axe  9 cue mix           453 / 4095
[  28.67s] axe  9 cue mix           464 / 4095
[  28.68s] axe  9 cue mix           486 / 4095
[  28.68s] axe  9 cue mix           498 / 4095
[  28.68s] axe  9 cue mix           516 / 4095
[  28.69s] axe  9 cue mix           529 / 4095
[  28.70s] axe  9 cue mix           542 / 4095
[  28.70s] axe  9 cue mix           553 / 4095
[  28.71s] axe  9 cue mix           564 / 4095
[  28.71s] axe  9 cue mix           579 / 4095
[  28.72s] axe  9 cue mix           595 / 4095
[  28.72s] axe  9 cue mix           608 / 4095
[  28.73s] axe  9 cue mix           620 / 4095
[  28.73s] axe  9 cue mix           634 / 4095
[  28.73s] axe  9 cue mix           653 / 4095
[  28.74s] axe  9 cue mix           672 / 4095
[  28.74s] axe  9 cue mix           690 / 4095
[  28.75s] axe  9 cue mix           707 / 4095
[  28.75s] axe  9 cue mix           723 / 4095
[  28.76s] axe  9 cue mix           741 / 4095
[  28.76s] axe  9 cue mix           756 / 4095
[  28.77s] axe  9 cue mix           771 / 4095
[  28.77s] axe  9 cue mix           787 / 4095
[  28.77s] axe  9 cue mix           800 / 4095
[  28.78s] axe  9 cue mix           812 / 4095
[  28.78s] axe  9 cue mix           828 / 4095
[  28.79s] axe  9 cue mix           845 / 4095
[  28.79s] axe  9 cue mix           860 / 4095
[  28.80s] axe  9 cue mix           879 / 4095
[  28.80s] axe  9 cue mix           898 / 4095
[  28.80s] axe  9 cue mix           917 / 4095
[  28.81s] axe  9 cue mix           935 / 4095
[  28.81s] axe  9 cue mix           952 / 4095
[  28.82s] axe  9 cue mix           966 / 4095
[  28.82s] axe  9 cue mix           978 / 4095
[  28.83s] axe  9 cue mix           992 / 4095
[  28.83s] axe  9 cue mix          1008 / 4095
[  28.84s] axe  9 cue mix          1024 / 4095
[  28.84s] axe  9 cue mix          1038 / 4095
[  28.84s] axe  9 cue mix          1056 / 4095
[  28.85s] axe  9 cue mix          1072 / 4095
[  28.85s] axe  9 cue mix          1088 / 4095
[  28.86s] axe  9 cue mix          1104 / 4095
[  28.86s] axe  9 cue mix          1120 / 4095
[  28.87s] axe  9 cue mix          1137 / 4095
[  28.87s] axe  9 cue mix          1154 / 4095
[  28.87s] axe  9 cue mix          1169 / 4095
[  28.88s] axe  9 cue mix          1188 / 4095
[  28.88s] axe  9 cue mix          1205 / 4095
[  28.89s] axe  9 cue mix          1219 / 4095
[  28.89s] axe  9 cue mix          1235 / 4095
[  28.90s] axe  9 cue mix          1250 / 4095
[  28.90s] axe  9 cue mix          1264 / 4095
[  28.90s] axe  9 cue mix          1277 / 4095
[  28.91s] axe  9 cue mix          1291 / 4095
[  28.91s] axe  9 cue mix          1305 / 4095
[  28.92s] axe  9 cue mix          1316 / 4095
[  28.92s] axe  9 cue mix          1330 / 4095
[  28.93s] axe  9 cue mix          1342 / 4095
[  28.93s] axe  9 cue mix          1355 / 4095
[  28.93s] axe  9 cue mix          1368 / 4095
[  28.94s] axe  9 cue mix          1383 / 4095
[  28.94s] axe  9 cue mix          1398 / 4095
[  28.95s] axe  9 cue mix          1413 / 4095
[  28.95s] axe  9 cue mix          1427 / 4095
[  28.96s] axe  9 cue mix          1440 / 4095
[  28.96s] axe  9 cue mix          1451 / 4095
[  28.97s] axe  9 cue mix          1464 / 4095
[  28.97s] axe  9 cue mix          1475 / 4095
[  28.98s] axe  9 cue mix          1487 / 4095
[  28.98s] axe  9 cue mix          1499 / 4095
[  28.98s] axe  9 cue mix          1513 / 4095
[  28.99s] axe  9 cue mix          1529 / 4095
[  29.00s] axe  9 cue mix          1540 / 4095
[  29.00s] axe  9 cue mix          1551 / 4095
[  29.01s] axe  9 cue mix          1563 / 4095
[  29.02s] axe  9 cue mix          1577 / 4095
[  29.02s] axe  9 cue mix          1590 / 4095
[  29.02s] axe  9 cue mix          1603 / 4095
[  29.03s] axe  9 cue mix          1614 / 4095
[  29.04s] axe  9 cue mix          1627 / 4095
[  29.04s] axe  9 cue mix          1639 / 4095
[  29.05s] axe  9 cue mix          1652 / 4095
[  29.05s] axe  9 cue mix          1665 / 4095
[  29.06s] axe  9 cue mix          1676 / 4095
[  29.07s] axe  9 cue mix          1687 / 4095
[  29.09s] axe  9 cue mix          1698 / 4095
[  29.11s] axe  9 cue mix          1712 / 4095
[  29.11s] axe  9 cue mix          1723 / 4095
[  29.12s] axe  9 cue mix          1737 / 4095
[  29.12s] axe  9 cue mix          1754 / 4095
[  29.12s] axe  9 cue mix          1772 / 4095
[  29.13s] axe  9 cue mix          1793 / 4095
[  29.13s] axe  9 cue mix          1811 / 4095
[  29.14s] axe  9 cue mix          1825 / 4095
[  29.14s] axe  9 cue mix          1837 / 4095
[  29.15s] axe  9 cue mix          1849 / 4095
[  29.15s] axe  9 cue mix          1861 / 4095
[  29.16s] axe  9 cue mix          1872 / 4095
[  29.17s] axe  9 cue mix          1885 / 4095
[  29.18s] axe  9 cue mix          1897 / 4095
[  29.19s] axe  9 cue mix          1908 / 4095
[  29.19s] axe  9 cue mix          1920 / 4095
[  29.20s] axe  9 cue mix          1935 / 4095
[  29.20s] axe  9 cue mix          1955 / 4095
[  29.20s] axe  9 cue mix          1978 / 4095
[  29.21s] axe  9 cue mix          2005 / 4095
[  29.21s] axe  9 cue mix          2022 / 4095
[  29.21s] axe  9 cue mix          2033 / 4095
[  29.22s] axe  9 cue mix          2045 / 4095
[  29.24s] axe  9 cue mix          2056 / 4095
[  29.47s] axe  9 cue mix          2067 / 4095
[  29.50s] axe  9 cue mix          2078 / 4095
[  29.53s] axe  9 cue mix          2089 / 4095
[  29.55s] axe  9 cue mix          2100 / 4095
[  29.55s] axe  9 cue mix          2116 / 4095
[  29.56s] axe  9 cue mix          2131 / 4095
[  29.56s] axe  9 cue mix          2153 / 4095
[  29.56s] axe  9 cue mix          2166 / 4095
[  29.57s] axe  9 cue mix          2179 / 4095
[  29.57s] axe  9 cue mix          2190 / 4095
[  29.57s] axe  9 cue mix          2201 / 4095
[  29.57s] axe  9 cue mix          2219 / 4095
[  29.58s] axe  9 cue mix          2235 / 4095
[  29.58s] axe  9 cue mix          2248 / 4095
[  29.59s] axe  9 cue mix          2259 / 4095
[  29.59s] axe  9 cue mix          2270 / 4095
[  29.60s] axe  9 cue mix          2283 / 4095
[  29.61s] axe  9 cue mix          2297 / 4095
[  29.62s] axe  9 cue mix          2310 / 4095
[  29.62s] axe  9 cue mix          2323 / 4095
[  29.63s] axe  9 cue mix          2338 / 4095
[  29.63s] axe  9 cue mix          2349 / 4095
[  29.64s] axe  9 cue mix          2362 / 4095
[  29.64s] axe  9 cue mix          2374 / 4095
[  29.65s] axe  9 cue mix          2390 / 4095
[  29.65s] axe  9 cue mix          2402 / 4095
[  29.66s] axe  9 cue mix          2413 / 4095
[  29.66s] axe  9 cue mix          2427 / 4095
[  29.67s] axe  9 cue mix          2441 / 4095
[  29.68s] axe  9 cue mix          2452 / 4095
[  29.68s] axe  9 cue mix          2465 / 4095
[  29.68s] axe  9 cue mix          2478 / 4095
[  29.69s] axe  9 cue mix          2489 / 4095
[  29.70s] axe  9 cue mix          2503 / 4095
[  29.70s] axe  9 cue mix          2518 / 4095
[  29.71s] axe  9 cue mix          2533 / 4095
[  29.72s] axe  9 cue mix          2548 / 4095
[  29.72s] axe  9 cue mix          2561 / 4095
[  29.73s] axe  9 cue mix          2573 / 4095
[  29.74s] axe  9 cue mix          2588 / 4095
[  29.74s] axe  9 cue mix          2602 / 4095
[  29.75s] axe  9 cue mix          2615 / 4095
[  29.75s] axe  9 cue mix          2629 / 4095
[  29.76s] axe  9 cue mix          2643 / 4095
[  29.76s] axe  9 cue mix          2656 / 4095
[  29.77s] axe  9 cue mix          2671 / 4095
[  29.77s] axe  9 cue mix          2688 / 4095
[  29.78s] axe  9 cue mix          2700 / 4095
[  29.78s] axe  9 cue mix          2712 / 4095
[  29.79s] axe  9 cue mix          2723 / 4095
[  29.80s] axe  9 cue mix          2737 / 4095
[  29.80s] axe  9 cue mix          2750 / 4095
[  29.81s] axe  9 cue mix          2761 / 4095
[  29.81s] axe  9 cue mix          2773 / 4095
[  29.82s] axe  9 cue mix          2787 / 4095
[  29.83s] axe  9 cue mix          2802 / 4095
[  29.84s] axe  9 cue mix          2814 / 4095
[  29.84s] axe  9 cue mix          2827 / 4095
[  29.85s] axe  9 cue mix          2841 / 4095
[  29.86s] axe  9 cue mix          2852 / 4095
[  29.87s] axe  9 cue mix          2864 / 4095
[  29.88s] axe  9 cue mix          2875 / 4095
[  29.88s] axe  9 cue mix          2886 / 4095
[  29.89s] axe  9 cue mix          2897 / 4095
[  29.90s] axe  9 cue mix          2911 / 4095
[  29.90s] axe  9 cue mix          2923 / 4095
[  29.91s] axe  9 cue mix          2934 / 4095
[  29.92s] axe  9 cue mix          2947 / 4095
[  29.92s] axe  9 cue mix          2958 / 4095
[  29.93s] axe  9 cue mix          2973 / 4095
[  29.93s] axe  9 cue mix          2984 / 4095
[  29.94s] axe  9 cue mix          2996 / 4095
[  29.94s] axe  9 cue mix          3012 / 4095
[  29.95s] axe  9 cue mix          3027 / 4095
[  29.95s] axe  9 cue mix          3044 / 4095
[  29.95s] axe  9 cue mix          3055 / 4095
[  29.96s] axe  9 cue mix          3078 / 4095
[  29.96s] axe  9 cue mix          3091 / 4095
[  29.96s] axe  9 cue mix          3103 / 4095
[  29.96s] axe  9 cue mix          3114 / 4095
[  29.96s] axe  9 cue mix          3126 / 4095
[  29.97s] axe  9 cue mix          3145 / 4095
[  29.97s] axe  9 cue mix          3160 / 4095
[  29.98s] axe  9 cue mix          3176 / 4095
[  29.98s] axe  9 cue mix          3190 / 4095
[  29.99s] axe  9 cue mix          3207 / 4095
[  29.99s] axe  9 cue mix          3223 / 4095
[  30.00s] axe  9 cue mix          3234 / 4095
[  30.00s] axe  9 cue mix          3249 / 4095
[  30.01s] axe  9 cue mix          3262 / 4095
[  30.01s] axe  9 cue mix          3273 / 4095
[  30.01s] axe  9 cue mix          3285 / 4095
[  30.02s] axe  9 cue mix          3301 / 4095
[  30.02s] axe  9 cue mix          3318 / 4095
[  30.03s] axe  9 cue mix          3336 / 4095
[  30.03s] axe  9 cue mix          3354 / 4095
[  30.04s] axe  9 cue mix          3372 / 4095
[  30.04s] axe  9 cue mix          3383 / 4095
[  30.04s] axe  9 cue mix          3404 / 4095
[  30.04s] axe  9 cue mix          3415 / 4095
[  30.05s] axe  9 cue mix          3436 / 4095
[  30.05s] axe  9 cue mix          3455 / 4095
[  30.06s] axe  9 cue mix          3475 / 4095
[  30.06s] axe  9 cue mix          3489 / 4095
[  30.06s] axe  9 cue mix          3501 / 4095
[  30.06s] axe  9 cue mix          3512 / 4095
[  30.07s] axe  9 cue mix          3530 / 4095
[  30.07s] axe  9 cue mix          3550 / 4095
[  30.08s] axe  9 cue mix          3561 / 4095
[  30.08s] axe  9 cue mix          3582 / 4095
[  30.08s] axe  9 cue mix          3593 / 4095
[  30.09s] axe  9 cue mix          3612 / 4095
[  30.09s] axe  9 cue mix          3623 / 4095
[  30.09s] axe  9 cue mix          3643 / 4095
[  30.10s] axe  9 cue mix          3659 / 4095
[  30.10s] axe  9 cue mix          3679 / 4095
[  30.11s] axe  9 cue mix          3694 / 4095
[  30.11s] axe  9 cue mix          3708 / 4095
[  30.11s] axe  9 cue mix          3726 / 4095
[  30.12s] axe  9 cue mix          3744 / 4095
[  30.12s] axe  9 cue mix          3756 / 4095
[  30.12s] axe  9 cue mix          3767 / 4095
[  30.13s] axe  9 cue mix          3785 / 4095
[  30.13s] axe  9 cue mix          3804 / 4095
[  30.14s] axe  9 cue mix          3818 / 4095
[  30.14s] axe  9 cue mix          3836 / 4095
[  30.15s] axe  9 cue mix          3855 / 4095
[  30.15s] axe  9 cue mix          3875 / 4095
[  30.16s] axe  9 cue mix          3892 / 4095
[  30.16s] axe  9 cue mix          3910 / 4095
[  30.17s] axe  9 cue mix          3928 / 4095
[  30.17s] axe  9 cue mix          3948 / 4095
[  30.17s] axe  9 cue mix          3967 / 4095
[  30.18s] axe  9 cue mix          3987 / 4095
[  30.18s] axe  9 cue mix          4005 / 4095
[  30.19s] axe  9 cue mix          4022 / 4095
[  30.19s] axe  9 cue mix          4039 / 4095
[  30.20s] axe  9 cue mix          4055 / 4095
[  30.20s] axe  9 cue mix          4067 / 4095
[  30.20s] axe  9 cue mix          4089 / 4095
[  30.74s] … 1698 blocs recus depuis 3 s, aucun changement (total 15554)
[  31.02s] axe  9 cue mix          4075 / 4095
[  31.02s] axe  9 cue mix          4064 / 4095
[  31.02s] axe  9 cue mix          4042 / 4095
[  31.02s] axe  9 cue mix          4030 / 4095
[  31.03s] axe  9 cue mix          4018 / 4095
[  31.03s] axe  9 cue mix          4006 / 4095
[  31.03s] axe  9 cue mix          3995 / 4095
[  31.04s] axe  9 cue mix          3974 / 4095
[  31.04s] axe  9 cue mix          3962 / 4095
[  31.04s] axe  9 cue mix          3949 / 4095
[  31.04s] axe  9 cue mix          3929 / 4095
[  31.05s] axe  9 cue mix          3918 / 4095
[  31.05s] axe  9 cue mix          3907 / 4095
[  31.05s] axe  9 cue mix          3896 / 4095
[  31.05s] axe  9 cue mix          3876 / 4095
[  31.06s] axe  9 cue mix          3865 / 4095
[  31.06s] axe  9 cue mix          3854 / 4095
[  31.07s] axe  9 cue mix          3835 / 4095
[  31.07s] axe  9 cue mix          3822 / 4095
[  31.07s] axe  9 cue mix          3806 / 4095
[  31.08s] axe  9 cue mix          3789 / 4095
[  31.08s] axe  9 cue mix          3769 / 4095
[  31.09s] axe  9 cue mix          3751 / 4095
[  31.09s] axe  9 cue mix          3734 / 4095
[  31.09s] axe  9 cue mix          3717 / 4095
[  31.10s] axe  9 cue mix          3704 / 4095
[  31.10s] axe  9 cue mix          3690 / 4095
[  31.11s] axe  9 cue mix          3674 / 4095
[  31.11s] axe  9 cue mix          3661 / 4095
[  31.12s] axe  9 cue mix          3650 / 4095
[  31.12s] axe  9 cue mix          3637 / 4095
[  31.12s] axe  9 cue mix          3624 / 4095
[  31.13s] axe  9 cue mix          3611 / 4095
[  31.13s] axe  9 cue mix          3597 / 4095
[  31.14s] axe  9 cue mix          3581 / 4095
[  31.14s] axe  9 cue mix          3561 / 4095
[  31.15s] axe  9 cue mix          3544 / 4095
[  31.15s] axe  9 cue mix          3532 / 4095
[  31.16s] axe  9 cue mix          3520 / 4095
[  31.16s] axe  9 cue mix          3508 / 4095
[  31.16s] axe  9 cue mix          3494 / 4095
[  31.17s] axe  9 cue mix          3483 / 4095
[  31.17s] axe  9 cue mix          3469 / 4095
[  31.18s] axe  9 cue mix          3457 / 4095
[  31.19s] axe  9 cue mix          3444 / 4095
[  31.20s] axe  9 cue mix          3429 / 4095
[  31.20s] axe  9 cue mix          3417 / 4095
[  31.21s] axe  9 cue mix          3404 / 4095
[  31.21s] axe  9 cue mix          3392 / 4095
[  31.22s] axe  9 cue mix          3381 / 4095
[  31.23s] axe  9 cue mix          3368 / 4095
[  31.24s] axe  9 cue mix          3354 / 4095
[  31.24s] axe  9 cue mix          3343 / 4095
[  31.25s] axe  9 cue mix          3327 / 4095
[  31.25s] axe  9 cue mix          3313 / 4095
[  31.26s] axe  9 cue mix          3300 / 4095
[  31.26s] axe  9 cue mix          3289 / 4095
[  31.27s] axe  9 cue mix          3274 / 4095
[  31.27s] axe  9 cue mix          3262 / 4095
[  31.28s] axe  9 cue mix          3251 / 4095
[  31.28s] axe  9 cue mix          3235 / 4095
[  31.29s] axe  9 cue mix          3223 / 4095
[  31.29s] axe  9 cue mix          3209 / 4095
[  31.30s] axe  9 cue mix          3196 / 4095
[  31.31s] axe  9 cue mix          3185 / 4095
[  31.31s] axe  9 cue mix          3173 / 4095
[  31.32s] axe  9 cue mix          3161 / 4095
[  31.33s] axe  9 cue mix          3150 / 4095
[  31.34s] axe  9 cue mix          3136 / 4095
[  31.34s] axe  9 cue mix          3124 / 4095
[  31.35s] axe  9 cue mix          3112 / 4095
[  31.36s] axe  9 cue mix          3100 / 4095
[  31.36s] axe  9 cue mix          3089 / 4095
[  31.37s] axe  9 cue mix          3075 / 4095
[  31.38s] axe  9 cue mix          3064 / 4095
[  31.38s] axe  9 cue mix          3048 / 4095
[  31.39s] axe  9 cue mix          3034 / 4095
[  31.39s] axe  9 cue mix          3022 / 4095
[  31.40s] axe  9 cue mix          3008 / 4095
[  31.40s] axe  9 cue mix          2996 / 4095
[  31.41s] axe  9 cue mix          2982 / 4095
[  31.41s] axe  9 cue mix          2965 / 4095
[  31.41s] axe  9 cue mix          2951 / 4095
[  31.42s] axe  9 cue mix          2938 / 4095
[  31.42s] axe  9 cue mix          2922 / 4095
[  31.43s] axe  9 cue mix          2910 / 4095
[  31.43s] axe  9 cue mix          2899 / 4095
[  31.44s] axe  9 cue mix          2888 / 4095
[  31.45s] axe  9 cue mix          2876 / 4095
[  31.45s] axe  9 cue mix          2864 / 4095
[  31.46s] axe  9 cue mix          2851 / 4095
[  31.46s] axe  9 cue mix          2836 / 4095
[  31.47s] axe  9 cue mix          2823 / 4095
[  31.48s] axe  9 cue mix          2807 / 4095
[  31.48s] axe  9 cue mix          2796 / 4095
[  31.49s] axe  9 cue mix          2785 / 4095
[  31.49s] axe  9 cue mix          2771 / 4095
[  31.50s] axe  9 cue mix          2758 / 4095
[  31.51s] axe  9 cue mix          2744 / 4095
[  31.51s] axe  9 cue mix          2732 / 4095
[  31.52s] axe  9 cue mix          2720 / 4095
[  31.52s] axe  9 cue mix          2707 / 4095
[  31.53s] axe  9 cue mix          2694 / 4095
[  31.54s] axe  9 cue mix          2680 / 4095
[  31.54s] axe  9 cue mix          2666 / 4095
[  31.55s] axe  9 cue mix          2654 / 4095
[  31.55s] axe  9 cue mix          2642 / 4095
[  31.56s] axe  9 cue mix          2629 / 4095
[  31.56s] axe  9 cue mix          2618 / 4095
[  31.57s] axe  9 cue mix          2605 / 4095
[  31.57s] axe  9 cue mix          2592 / 4095
[  31.58s] axe  9 cue mix          2579 / 4095
[  31.59s] axe  9 cue mix          2568 / 4095
[  31.59s] axe  9 cue mix          2553 / 4095
[  31.60s] axe  9 cue mix          2541 / 4095
[  31.61s] axe  9 cue mix          2528 / 4095
[  31.61s] axe  9 cue mix          2516 / 4095
[  31.62s] axe  9 cue mix          2504 / 4095
[  31.62s] axe  9 cue mix          2493 / 4095
[  31.63s] axe  9 cue mix          2478 / 4095
[  31.63s] axe  9 cue mix          2463 / 4095
[  31.64s] axe  9 cue mix          2447 / 4095
[  31.65s] axe  9 cue mix          2429 / 4095
[  31.66s] axe  9 cue mix          2412 / 4095
[  31.66s] axe  9 cue mix          2374 / 4095
[  31.66s] axe  9 cue mix          2359 / 4095
[  31.67s] axe  9 cue mix          2344 / 4095
[  31.68s] axe  9 cue mix          2332 / 4095
[  31.69s] axe  9 cue mix          2318 / 4095
[  31.69s] axe  9 cue mix          2307 / 4095
[  31.70s] axe  9 cue mix          2292 / 4095
[  31.70s] axe  9 cue mix          2280 / 4095
[  31.71s] axe  9 cue mix          2265 / 4095
[  31.71s] axe  9 cue mix          2247 / 4095
[  31.72s] axe  9 cue mix          2229 / 4095
[  31.72s] axe  9 cue mix          2212 / 4095
[  31.73s] axe  9 cue mix          2193 / 4095
[  31.73s] axe  9 cue mix          2181 / 4095
[  31.73s] axe  9 cue mix          2167 / 4095
[  31.73s] axe  9 cue mix          2143 / 4095
[  31.73s] axe  9 cue mix          2112 / 4095
[  31.74s] axe  9 cue mix          2093 / 4095
[  31.74s] axe  9 cue mix          2080 / 4095
[  31.74s] axe  9 cue mix          2066 / 4095
[  31.76s] axe  9 cue mix          2055 / 4095
[  32.32s] axe  9 cue mix          2042 / 4095
[  32.32s] axe  9 cue mix          2030 / 4095
[  32.33s] axe  9 cue mix          2008 / 4095
[  32.33s] axe  9 cue mix          1989 / 4095
[  32.33s] axe  9 cue mix          1964 / 4095
[  32.33s] axe  9 cue mix          1931 / 4095
[  32.33s] axe  9 cue mix          1892 / 4095
[  32.34s] axe  9 cue mix          1848 / 4095
[  32.34s] axe  9 cue mix          1802 / 4095
[  32.34s] axe  9 cue mix          1755 / 4095
[  32.34s] axe  9 cue mix          1712 / 4095
[  32.35s] axe  9 cue mix          1673 / 4095
[  32.35s] axe  9 cue mix          1639 / 4095
[  32.35s] axe  9 cue mix          1608 / 4095
[  32.35s] axe  9 cue mix          1580 / 4095
[  32.35s] axe  9 cue mix          1554 / 4095
[  32.36s] axe  9 cue mix          1527 / 4095
[  32.36s] axe  9 cue mix          1504 / 4095
[  32.36s] axe  9 cue mix          1485 / 4095
[  32.36s] axe  9 cue mix          1467 / 4095
[  32.37s] axe  9 cue mix          1449 / 4095
[  32.37s] axe  9 cue mix          1434 / 4095
[  32.37s] axe  9 cue mix          1419 / 4095
[  32.37s] axe  9 cue mix          1405 / 4095
[  32.37s] axe  9 cue mix          1393 / 4095
[  32.38s] axe  9 cue mix          1380 / 4095
[  32.38s] axe  9 cue mix          1368 / 4095
[  32.38s] axe  9 cue mix          1354 / 4095
[  32.38s] axe  9 cue mix          1341 / 4095
[  32.38s] axe  9 cue mix          1327 / 4095
[  32.39s] axe  9 cue mix          1313 / 4095
[  32.39s] axe  9 cue mix          1298 / 4095
[  32.39s] axe  9 cue mix          1285 / 4095
[  32.39s] axe  9 cue mix          1271 / 4095
[  32.40s] axe  9 cue mix          1258 / 4095
[  32.40s] axe  9 cue mix          1246 / 4095
[  32.40s] axe  9 cue mix          1226 / 4095
[  32.41s] axe  9 cue mix          1205 / 4095
[  32.41s] axe  9 cue mix          1186 / 4095
[  32.42s] axe  9 cue mix          1171 / 4095
[  32.42s] axe  9 cue mix          1154 / 4095
[  32.42s] axe  9 cue mix          1133 / 4095
[  32.43s] axe  9 cue mix          1113 / 4095
[  32.43s] axe  9 cue mix          1096 / 4095
[  32.44s] axe  9 cue mix          1080 / 4095
[  32.44s] axe  9 cue mix          1061 / 4095
[  32.45s] axe  9 cue mix          1047 / 4095
[  32.45s] axe  9 cue mix          1033 / 4095
[  32.45s] axe  9 cue mix          1019 / 4095
[  32.46s] axe  9 cue mix          1005 / 4095
[  32.47s] axe  9 cue mix           994 / 4095
[  32.47s] axe  9 cue mix           983 / 4095
[  32.47s] axe  9 cue mix           972 / 4095
[  32.48s] axe  9 cue mix           959 / 4095
[  32.48s] axe  9 cue mix           944 / 4095
[  32.48s] axe  9 cue mix           929 / 4095
[  32.49s] axe  9 cue mix           916 / 4095
[  32.49s] axe  9 cue mix           901 / 4095
[  32.50s] axe  9 cue mix           886 / 4095
[  32.50s] axe  9 cue mix           871 / 4095
[  32.51s] axe  9 cue mix           858 / 4095
[  32.51s] axe  9 cue mix           844 / 4095
[  32.52s] axe  9 cue mix           826 / 4095
[  32.52s] axe  9 cue mix           813 / 4095
[  32.52s] axe  9 cue mix           799 / 4095
[  32.53s] axe  9 cue mix           780 / 4095
[  32.53s] axe  9 cue mix           763 / 4095
[  32.54s] axe  9 cue mix           744 / 4095
[  32.54s] axe  9 cue mix           725 / 4095
[  32.55s] axe  9 cue mix           708 / 4095
[  32.55s] axe  9 cue mix           687 / 4095
[  32.55s] axe  9 cue mix           674 / 4095
[  32.55s] axe  9 cue mix           662 / 4095
[  32.56s] axe  9 cue mix           650 / 4095
[  32.56s] axe  9 cue mix           630 / 4095
[  32.57s] axe  9 cue mix           608 / 4095
[  32.57s] axe  9 cue mix           589 / 4095
[  32.57s] axe  9 cue mix           574 / 4095
[  32.58s] axe  9 cue mix           558 / 4095
[  32.58s] axe  9 cue mix           541 / 4095
[  32.59s] axe  9 cue mix           524 / 4095
[  32.59s] axe  9 cue mix           504 / 4095
[  32.60s] axe  9 cue mix           485 / 4095
[  32.60s] axe  9 cue mix           468 / 4095
[  32.60s] axe  9 cue mix           449 / 4095
[  32.61s] axe  9 cue mix           430 / 4095
[  32.62s] axe  9 cue mix           419 / 4095
[  32.62s] axe  9 cue mix           407 / 4095
[  32.62s] axe  9 cue mix           374 / 4095
[  32.62s] axe  9 cue mix           362 / 4095
[  32.62s] axe  9 cue mix           349 / 4095
[  32.63s] axe  9 cue mix           338 / 4095
[  32.63s] axe  9 cue mix           327 / 4095
[  32.63s] axe  9 cue mix           308 / 4095
[  32.64s] axe  9 cue mix           290 / 4095
[  32.64s] axe  9 cue mix           274 / 4095
[  32.65s] axe  9 cue mix           258 / 4095
[  32.65s] axe  9 cue mix           237 / 4095
[  32.65s] axe  9 cue mix           218 / 4095
[  32.66s] axe  9 cue mix           203 / 4095
[  32.66s] axe  9 cue mix           188 / 4095
[  32.67s] axe  9 cue mix           167 / 4095
[  32.67s] axe  9 cue mix           149 / 4095
[  32.68s] axe  9 cue mix           132 / 4095
[  32.68s] axe  9 cue mix           120 / 4095
[  32.69s] axe  9 cue mix           105 / 4095
[  32.69s] axe  9 cue mix            91 / 4095
[  32.70s] axe  9 cue mix            80 / 4095
[  32.70s] axe  9 cue mix            68 / 4095
[  32.71s] axe  9 cue mix            56 / 4095
[  32.72s] axe  9 cue mix            42 / 4095
[  32.72s] axe  9 cue mix            31 / 4095
[  32.73s] axe  9 cue mix            19 / 4095
[  32.76s] axe  9 cue mix             8 / 4095
[  33.85s] … 1554 blocs recus depuis 3 s, aucun changement (total 17108)
[  35.65s] axe 11 proximite jog D  3096 / 4095
[  35.65s] axe 11 proximite jog D  3111 / 4095
[  35.65s] axe 11 proximite jog D  3143 / 4095
[  35.66s] axe 11 proximite jog D  3179 / 4095
[  35.66s] axe 11 proximite jog D  3238 / 4095
[  35.66s] axe 11 proximite jog D  3300 / 4095
[  35.66s] axe 11 proximite jog D  3375 / 4095
[  35.66s] axe 11 proximite jog D  3445 / 4095
[  35.66s] jog D  position    1 / 1023  (horodatage 0xb3fb)
[  35.67s] axe 11 proximite jog D  3504 / 4095
[  35.67s] axe 11 proximite jog D  3549 / 4095
[  35.67s] axe 11 proximite jog D  3582 / 4095
[  35.67s] axe 11 proximite jog D  3607 / 4095
[  35.67s] axe 11 proximite jog D  3624 / 4095
[  35.68s] axe 11 proximite jog D  3637 / 4095
[  35.68s] axe 11 proximite jog D  3652 / 4095
[  35.68s] jog D  position    2 / 1023  (horodatage 0xb9b4)
[  35.69s] axe 11 proximite jog D  3666 / 4095
[  35.70s] axe 11 proximite jog D  3678 / 4095
[  35.71s] axe 11 proximite jog D  3689 / 4095
[  35.72s] axe 11 proximite jog D  3700 / 4095
[  35.72s] axe 11 proximite jog D  3711 / 4095
[  35.73s] axe 11 proximite jog D  3723 / 4095
[  35.74s] axe 11 proximite jog D  3735 / 4095
[  35.75s] axe 11 proximite jog D  3749 / 4095
[  35.76s] axe 11 proximite jog D  3761 / 4095
[  35.76s] jog D  position    1 / 1023  (horodatage 0xd453)
[  35.77s] axe 11 proximite jog D  3773 / 4095
[  35.77s] axe 11 proximite jog D  3785 / 4095
[  35.78s] jog D  position    0 / 1023  (horodatage 0xdc81)
[  35.79s] axe 11 proximite jog D  3798 / 4095
[  35.79s] axe 11 proximite jog D  3810 / 4095
[  35.81s] axe 11 proximite jog D  3822 / 4095
[  35.81s] jog D  position 1023 / 1023  (horodatage 0xe69d)
[  35.81s] axe 11 proximite jog D  3834 / 4095
[  35.83s] axe 11 proximite jog D  3847 / 4095
[  35.83s] axe 11 proximite jog D  3859 / 4095
[  35.85s] axe 11 proximite jog D  3871 / 4095
[  35.87s] axe 11 proximite jog D  3882 / 4095
[  35.92s] jog D  position    0 / 1023  (horodatage 0x0cb9)
[  35.98s] axe 11 proximite jog D  3871 / 4095
[  36.00s] axe 11 proximite jog D  3860 / 4095
[  36.00s] jog D  position    1 / 1023  (horodatage 0x2771)
[  36.01s] axe 11 proximite jog D  3848 / 4095
[  36.02s] axe 11 proximite jog D  3835 / 4095
[  36.03s] axe 11 proximite jog D  3822 / 4095
[  36.04s] axe 11 proximite jog D  3809 / 4095
[  36.05s] axe 11 proximite jog D  3795 / 4095
[  36.05s] axe 11 proximite jog D  3783 / 4095
[  36.06s] axe 11 proximite jog D  3768 / 4095
[  36.06s] axe 11 proximite jog D  3757 / 4095
[  36.06s] axe 11 proximite jog D  3746 / 4095
[  36.08s] axe 11 proximite jog D  3730 / 4095
[  36.08s] axe 11 proximite jog D  3714 / 4095
[  36.08s] axe 11 proximite jog D  3703 / 4095
[  36.08s] axe 11 proximite jog D  3680 / 4095
[  36.08s] axe 11 proximite jog D  3649 / 4095
[  36.08s] axe 11 proximite jog D  3602 / 4095
[  36.09s] axe 11 proximite jog D  3538 / 4095
[  36.09s] axe 11 proximite jog D  3461 / 4095
[  36.09s] axe 11 proximite jog D  3373 / 4095
[  36.09s] axe 11 proximite jog D  3294 / 4095
[  36.10s] axe 11 proximite jog D  3239 / 4095
[  36.10s] axe 11 proximite jog D  3198 / 4095
[  36.10s] axe 11 proximite jog D  3169 / 4095
[  36.15s] axe 11 proximite jog D  3149 / 4095
[  36.16s] axe 11 proximite jog D  3135 / 4095
[  36.16s] axe 11 proximite jog D  3082 / 4095
[  36.16s] axe  5 tempo gauche     2054 / 4095
[  37.10s] … 392 blocs recus depuis 3 s, aucun changement (total 17500)
[  40.35s] … plus aucun bloc ne parvient (total 17500)
[  43.41s] … plus aucun bloc ne parvient (total 17500)

Arret. 17500 blocs recus au total.
