sonde-s4mk1 — surveillance (17cc:baff)
Ctrl-C pour arreter.

✅ S4 arme.
   (GET_DEVICE_INFO sans reponse — non bloquant)
   Bouge un controle : seuls les blocs qui changent s'affichent.

[   2.76s] bouton 20  enfonce
[   2.76s] bouton 23  enfonce
[   2.76s] bouton 86  enfonce
[   2.76s] bouton 87  enfonce
[   2.76s] jog G  position    2 / 1023  (horodatage 0x0003)
[   2.76s] jog D  position    1 / 1023  (horodatage 0x0004)
[   2.76s] encodeur 1  cran 15 / 15
[   2.76s] encodeur 3  cran 15 / 15
[   2.76s] encodeur 4  cran 15 / 15
[   2.76s] encodeur 5  cran 15 / 15
[   2.76s] encodeur 6  cran 15 / 15
[   2.76s] encodeur 7  cran 15 / 15
[   2.76s] encodeur 8  cran 15 / 15
[   2.76s] axe  0 volume canal D      2 / 4095
[   2.76s] axe  1 volume canal B      2 / 4095
[   2.76s] axe  2 volume canal A      3 / 4095
[   2.76s] axe  7 crossfader       2038 / 4095
[   2.76s] axe  6 tempo droit      2056 / 4095
[   2.76s] axe  5 tempo gauche     2411 / 4095
[   2.76s] axe  8 volume micro      394 / 4095
[   2.76s] axe 10 proximite jog G  3048 / 4095
[   2.76s] axe 11 proximite jog D  3094 / 4095
[   2.76s] axe 12 EQ D filtre      2089 / 4095
[   2.76s] axe 13 EQ D bas         2090 / 4095
[   2.76s] axe 14 EQ D medium      2084 / 4095
[   2.76s] axe 15 EQ D haut        2053 / 4095
[   2.76s] axe 17 FX2 1            2063 / 4095
[   2.76s] axe 18 FX2 2            1965 / 4095
[   2.76s] axe 19 FX2 3            2931 / 4095
[   2.76s] axe 20 EQ B filtre      2050 / 4095
[   2.76s] axe 21 EQ B bas         2086 / 4095
[   2.76s] axe 22 EQ B medium      2334 / 4095
[   2.76s] axe 23 EQ B haut        2080 / 4095
[   2.76s] axe 24 EQ A filtre      2060 / 4095
[   2.76s] axe 25 EQ A bas         2055 / 4095
[   2.76s] axe 26 EQ A medium      2106 / 4095
[   2.76s] axe 27 EQ A haut        2080 / 4095
[   2.76s] axe 28 EQ C filtre      2066 / 4095
[   2.76s] axe 29 EQ C bas         2081 / 4095
[   2.76s] axe 30 EQ C medium      2108 / 4095
[   2.76s] axe 31 EQ C haut        2079 / 4095
[   2.77s] axe 32 FX1 dry/wet       600 / 4095
[   2.77s] axe 33 FX1 1            1248 / 4095
[   2.77s] axe 34 FX1 2            3047 / 4095
[   2.77s] axe 35 FX1 3            1345 / 4095
[   3.03s] … 8 blocs recus depuis 3 s, aucun changement (total 8)
[   5.08s] axe 28 EQ C filtre      2055 / 4095
[   5.11s] axe 28 EQ C filtre      2044 / 4095
[   5.13s] axe 28 EQ C filtre      2033 / 4095
[   5.14s] axe 28 EQ C filtre      2022 / 4095
[   5.15s] axe 28 EQ C filtre      2008 / 4095
[   5.16s] axe 28 EQ C filtre      1994 / 4095
[   5.16s] axe 28 EQ C filtre      1983 / 4095
[   5.17s] axe 28 EQ C filtre      1970 / 4095
[   5.17s] axe 28 EQ C filtre      1958 / 4095
[   5.17s] axe 28 EQ C filtre      1946 / 4095
[   5.18s] axe 28 EQ C filtre      1934 / 4095
[   5.18s] axe 28 EQ C filtre      1919 / 4095
[   5.19s] axe 28 EQ C filtre      1900 / 4095
[   5.19s] axe 28 EQ C filtre      1880 / 4095
[   5.20s] axe 28 EQ C filtre      1860 / 4095
[   5.20s] axe 28 EQ C filtre      1842 / 4095
[   5.20s] axe 28 EQ C filtre      1821 / 4095
[   5.21s] axe 28 EQ C filtre      1810 / 4095
[   5.21s] axe 28 EQ C filtre      1799 / 4095
[   5.21s] axe 28 EQ C filtre      1787 / 4095
[   5.21s] axe 28 EQ C filtre      1773 / 4095
[   5.22s] axe 28 EQ C filtre      1759 / 4095
[   5.22s] axe 28 EQ C filtre      1746 / 4095
[   5.22s] axe 28 EQ C filtre      1732 / 4095
[   5.22s] axe 28 EQ C filtre      1718 / 4095
[   5.22s] axe 28 EQ C filtre      1704 / 4095
[   5.23s] axe 28 EQ C filtre      1691 / 4095
[   5.23s] axe 28 EQ C filtre      1677 / 4095
[   5.23s] axe 28 EQ C filtre      1659 / 4095
[   5.23s] axe 28 EQ C filtre      1643 / 4095
[   5.24s] axe 28 EQ C filtre      1628 / 4095
[   5.24s] axe 28 EQ C filtre      1609 / 4095
[   5.24s] axe 28 EQ C filtre      1592 / 4095
[   5.24s] axe 28 EQ C filtre      1574 / 4095
[   5.24s] axe 28 EQ C filtre      1554 / 4095
[   5.25s] axe 28 EQ C filtre      1536 / 4095
[   5.25s] axe 28 EQ C filtre      1517 / 4095
[   5.25s] axe 28 EQ C filtre      1498 / 4095
[   5.25s] axe 28 EQ C filtre      1479 / 4095
[   5.25s] axe 28 EQ C filtre      1460 / 4095
[   5.26s] axe 28 EQ C filtre      1442 / 4095
[   5.26s] axe 28 EQ C filtre      1426 / 4095
[   5.26s] axe 28 EQ C filtre      1409 / 4095
[   5.26s] axe 28 EQ C filtre      1391 / 4095
[   5.27s] axe 28 EQ C filtre      1374 / 4095
[   5.27s] axe 28 EQ C filtre      1358 / 4095
[   5.27s] axe 28 EQ C filtre      1340 / 4095
[   5.27s] axe 28 EQ C filtre      1324 / 4095
[   5.28s] axe 28 EQ C filtre      1309 / 4095
[   5.28s] axe 28 EQ C filtre      1294 / 4095
[   5.28s] axe 28 EQ C filtre      1280 / 4095
[   5.28s] axe 28 EQ C filtre      1266 / 4095
[   5.28s] axe 28 EQ C filtre      1252 / 4095
[   5.29s] axe 28 EQ C filtre      1236 / 4095
[   5.29s] axe 28 EQ C filtre      1221 / 4095
[   5.29s] axe 28 EQ C filtre      1208 / 4095
[   5.29s] axe 28 EQ C filtre      1195 / 4095
[   5.29s] axe 28 EQ C filtre      1183 / 4095
[   5.30s] axe 28 EQ C filtre      1171 / 4095
[   5.30s] axe 28 EQ C filtre      1159 / 4095
[   5.30s] axe 28 EQ C filtre      1146 / 4095
[   5.30s] axe 28 EQ C filtre      1134 / 4095
[   5.31s] axe 28 EQ C filtre      1113 / 4095
[   5.31s] axe 28 EQ C filtre      1101 / 4095
[   5.31s] axe 28 EQ C filtre      1090 / 4095
[   5.31s] axe 28 EQ C filtre      1079 / 4095
[   5.32s] axe 28 EQ C filtre      1060 / 4095
[   5.32s] axe 28 EQ C filtre      1049 / 4095
[   5.32s] axe 28 EQ C filtre      1038 / 4095
[   5.32s] axe 28 EQ C filtre      1027 / 4095
[   5.33s] axe 28 EQ C filtre      1016 / 4095
[   5.33s] axe 28 EQ C filtre       997 / 4095
[   5.33s] axe 28 EQ C filtre       986 / 4095
[   5.34s] axe 28 EQ C filtre       965 / 4095
[   5.34s] axe 28 EQ C filtre       949 / 4095
[   5.35s] axe 28 EQ C filtre       933 / 4095
[   5.35s] axe 28 EQ C filtre       914 / 4095
[   5.36s] axe 28 EQ C filtre       895 / 4095
[   5.36s] axe 28 EQ C filtre       875 / 4095
[   5.36s] axe 28 EQ C filtre       856 / 4095
[   5.37s] axe 28 EQ C filtre       838 / 4095
[   5.37s] axe 28 EQ C filtre       822 / 4095
[   5.38s] axe 28 EQ C filtre       807 / 4095
[   5.38s] axe 28 EQ C filtre       789 / 4095
[   5.39s] axe 28 EQ C filtre       774 / 4095
[   5.39s] axe 28 EQ C filtre       761 / 4095
[   5.39s] axe 28 EQ C filtre       746 / 4095
[   5.40s] axe 28 EQ C filtre       732 / 4095
[   5.40s] axe 28 EQ C filtre       717 / 4095
[   5.41s] axe 28 EQ C filtre       704 / 4095
[   5.41s] axe 28 EQ C filtre       692 / 4095
[   5.42s] axe 28 EQ C filtre       676 / 4095
[   5.42s] axe 28 EQ C filtre       663 / 4095
[   5.42s] axe 28 EQ C filtre       651 / 4095
[   5.43s] axe 28 EQ C filtre       640 / 4095
[   5.43s] axe 28 EQ C filtre       625 / 4095
[   5.44s] axe 28 EQ C filtre       611 / 4095
[   5.44s] axe 28 EQ C filtre       599 / 4095
[   5.45s] axe 28 EQ C filtre       587 / 4095
[   5.45s] axe 28 EQ C filtre       570 / 4095
[   5.46s] axe 28 EQ C filtre       555 / 4095
[   5.47s] axe 28 EQ C filtre       541 / 4095
[   5.47s] axe 28 EQ C filtre       526 / 4095
[   5.47s] axe 28 EQ C filtre       498 / 4095
[   5.48s] axe 28 EQ C filtre       487 / 4095
[   5.48s] axe 28 EQ C filtre       476 / 4095
[   5.49s] axe 28 EQ C filtre       464 / 4095
[   5.49s] axe 28 EQ C filtre       449 / 4095
[   5.49s] axe 28 EQ C filtre       432 / 4095
[   5.50s] axe 28 EQ C filtre       420 / 4095
[   5.50s] axe 28 EQ C filtre       408 / 4095
[   5.51s] axe 28 EQ C filtre       393 / 4095
[   5.51s] axe 28 EQ C filtre       377 / 4095
[   5.52s] axe 28 EQ C filtre       358 / 4095
[   5.52s] axe 28 EQ C filtre       342 / 4095
[   5.52s] axe 28 EQ C filtre       328 / 4095
[   5.53s] axe 28 EQ C filtre       310 / 4095
[   5.54s] axe 28 EQ C filtre       295 / 4095
[   5.54s] axe 28 EQ C filtre       275 / 4095
[   5.54s] axe 28 EQ C filtre       264 / 4095
[   5.54s] axe 28 EQ C filtre       248 / 4095
[   5.55s] axe 28 EQ C filtre       227 / 4095
[   5.55s] axe 28 EQ C filtre       214 / 4095
[   5.56s] axe 28 EQ C filtre       194 / 4095
[   5.56s] axe 28 EQ C filtre       183 / 4095
[   5.56s] axe 28 EQ C filtre       172 / 4095
[   5.57s] axe 28 EQ C filtre       151 / 4095
[   5.57s] axe 28 EQ C filtre       140 / 4095
[   5.57s] axe 28 EQ C filtre       129 / 4095
[   5.57s] axe 28 EQ C filtre       104 / 4095
[   5.58s] axe 28 EQ C filtre        91 / 4095
[   5.58s] axe 28 EQ C filtre        73 / 4095
[   5.59s] axe 28 EQ C filtre        55 / 4095
[   5.59s] axe 28 EQ C filtre        35 / 4095
[   5.59s] axe 28 EQ C filtre        19 / 4095
[   5.60s] axe 28 EQ C filtre         8 / 4095
[   6.14s] … 816 blocs recus depuis 3 s, aucun changement (total 824)
[   6.19s] axe 28 EQ C filtre        26 / 4095
[   6.20s] axe 28 EQ C filtre        41 / 4095
[   6.20s] axe 28 EQ C filtre        57 / 4095
[   6.20s] axe 28 EQ C filtre        71 / 4095
[   6.21s] axe 28 EQ C filtre        87 / 4095
[   6.21s] axe 28 EQ C filtre       104 / 4095
[   6.22s] axe 28 EQ C filtre       123 / 4095
[   6.22s] axe 28 EQ C filtre       142 / 4095
[   6.23s] axe 28 EQ C filtre       160 / 4095
[   6.23s] axe 28 EQ C filtre       179 / 4095
[   6.24s] axe 28 EQ C filtre       197 / 4095
[   6.24s] axe 28 EQ C filtre       217 / 4095
[   6.24s] axe 28 EQ C filtre       229 / 4095
[   6.25s] axe 28 EQ C filtre       247 / 4095
[   6.25s] axe 28 EQ C filtre       269 / 4095
[   6.25s] axe 28 EQ C filtre       281 / 4095
[   6.25s] axe 28 EQ C filtre       292 / 4095
[   6.26s] axe 28 EQ C filtre       303 / 4095
[   6.26s] axe 28 EQ C filtre       315 / 4095
[   6.26s] axe 28 EQ C filtre       326 / 4095
[   6.26s] axe 28 EQ C filtre       337 / 4095
[   6.27s] axe 28 EQ C filtre       350 / 4095
[   6.27s] axe 28 EQ C filtre       363 / 4095
[   6.27s] axe 28 EQ C filtre       376 / 4095
[   6.27s] axe 28 EQ C filtre       389 / 4095
[   6.27s] axe 28 EQ C filtre       401 / 4095
[   6.28s] axe 28 EQ C filtre       423 / 4095
[   6.28s] axe 28 EQ C filtre       437 / 4095
[   6.28s] axe 28 EQ C filtre       452 / 4095
[   6.29s] axe 28 EQ C filtre       465 / 4095
[   6.29s] axe 28 EQ C filtre       478 / 4095
[   6.29s] axe 28 EQ C filtre       489 / 4095
[   6.29s] axe 28 EQ C filtre       504 / 4095
[   6.29s] axe 28 EQ C filtre       520 / 4095
[   6.30s] axe 28 EQ C filtre       533 / 4095
[   6.30s] axe 28 EQ C filtre       547 / 4095
[   6.30s] axe 28 EQ C filtre       563 / 4095
[   6.30s] axe 28 EQ C filtre       578 / 4095
[   6.30s] axe 28 EQ C filtre       590 / 4095
[   6.31s] axe 28 EQ C filtre       606 / 4095
[   6.31s] axe 28 EQ C filtre       621 / 4095
[   6.31s] axe 28 EQ C filtre       634 / 4095
[   6.31s] axe 28 EQ C filtre       648 / 4095
[   6.32s] axe 28 EQ C filtre       663 / 4095
[   6.32s] axe 28 EQ C filtre       678 / 4095
[   6.32s] axe 28 EQ C filtre       692 / 4095
[   6.32s] axe 28 EQ C filtre       707 / 4095
[   6.33s] axe 28 EQ C filtre       723 / 4095
[   6.33s] axe 28 EQ C filtre       737 / 4095
[   6.33s] axe 28 EQ C filtre       751 / 4095
[   6.33s] axe 28 EQ C filtre       764 / 4095
[   6.33s] axe 28 EQ C filtre       779 / 4095
[   6.34s] axe 28 EQ C filtre       793 / 4095
[   6.34s] axe 28 EQ C filtre       805 / 4095
[   6.34s] axe 28 EQ C filtre       818 / 4095
[   6.34s] axe 28 EQ C filtre       831 / 4095
[   6.34s] axe 28 EQ C filtre       844 / 4095
[   6.35s] axe 28 EQ C filtre       857 / 4095
[   6.35s] axe 28 EQ C filtre       870 / 4095
[   6.35s] axe 28 EQ C filtre       882 / 4095
[   6.35s] axe 28 EQ C filtre       894 / 4095
[   6.35s] axe 28 EQ C filtre       905 / 4095
[   6.36s] axe 28 EQ C filtre       916 / 4095
[   6.36s] axe 28 EQ C filtre       934 / 4095
[   6.37s] axe 28 EQ C filtre       950 / 4095
[   6.37s] axe 28 EQ C filtre       969 / 4095
[   6.38s] axe 28 EQ C filtre       986 / 4095
[   6.38s] axe 28 EQ C filtre      1003 / 4095
[   6.38s] axe 28 EQ C filtre      1019 / 4095
[   6.39s] axe 28 EQ C filtre      1030 / 4095
[   6.39s] axe 28 EQ C filtre      1047 / 4095
[   6.39s] axe 28 EQ C filtre      1061 / 4095
[   6.40s] axe 28 EQ C filtre      1078 / 4095
[   6.40s] axe 28 EQ C filtre      1093 / 4095
[   6.41s] axe 28 EQ C filtre      1106 / 4095
[   6.41s] axe 28 EQ C filtre      1119 / 4095
[   6.42s] axe 28 EQ C filtre      1133 / 4095
[   6.42s] axe 28 EQ C filtre      1146 / 4095
[   6.42s] axe 28 EQ C filtre      1157 / 4095
[   6.43s] axe 28 EQ C filtre      1169 / 4095
[   6.43s] axe 28 EQ C filtre      1180 / 4095
[   6.44s] axe 28 EQ C filtre      1194 / 4095
[   6.44s] axe 28 EQ C filtre      1205 / 4095
[   6.45s] axe 28 EQ C filtre      1217 / 4095
[   6.45s] axe 28 EQ C filtre      1228 / 4095
[   6.46s] axe 28 EQ C filtre      1239 / 4095
[   6.47s] axe 28 EQ C filtre      1252 / 4095
[   6.47s] axe 28 EQ C filtre      1264 / 4095
[   6.48s] axe 28 EQ C filtre      1278 / 4095
[   6.49s] axe 28 EQ C filtre      1289 / 4095
[   6.49s] axe 28 EQ C filtre      1301 / 4095
[   6.50s] axe 28 EQ C filtre      1314 / 4095
[   6.51s] axe 28 EQ C filtre      1326 / 4095
[   6.52s] axe 28 EQ C filtre      1339 / 4095
[   6.53s] axe 28 EQ C filtre      1351 / 4095
[   6.54s] axe 28 EQ C filtre      1362 / 4095
[   6.54s] axe 28 EQ C filtre      1373 / 4095
[   6.55s] axe 28 EQ C filtre      1384 / 4095
[   6.56s] axe 28 EQ C filtre      1397 / 4095
[   6.57s] axe 28 EQ C filtre      1409 / 4095
[   6.58s] axe 28 EQ C filtre      1423 / 4095
[   6.58s] axe 28 EQ C filtre      1437 / 4095
[   6.59s] axe 28 EQ C filtre      1448 / 4095
[   6.60s] axe 28 EQ C filtre      1464 / 4095
[   6.60s] axe 28 EQ C filtre      1479 / 4095
[   6.61s] axe 28 EQ C filtre      1494 / 4095
[   6.62s] axe 28 EQ C filtre      1509 / 4095
[   6.62s] axe 28 EQ C filtre      1521 / 4095
[   6.63s] axe 28 EQ C filtre      1538 / 4095
[   6.63s] axe 28 EQ C filtre      1551 / 4095
[   6.64s] axe 28 EQ C filtre      1562 / 4095
[   6.64s] axe 28 EQ C filtre      1575 / 4095
[   6.65s] axe 28 EQ C filtre      1589 / 4095
[   6.65s] axe 28 EQ C filtre      1604 / 4095
[   6.66s] axe 28 EQ C filtre      1615 / 4095
[   6.66s] axe 28 EQ C filtre      1632 / 4095
[   6.67s] axe 28 EQ C filtre      1650 / 4095
[   6.67s] axe 28 EQ C filtre      1664 / 4095
[   6.67s] axe 28 EQ C filtre      1679 / 4095
[   6.68s] axe 28 EQ C filtre      1699 / 4095
[   6.68s] axe 28 EQ C filtre      1714 / 4095
[   6.69s] axe 28 EQ C filtre      1728 / 4095
[   6.69s] axe 28 EQ C filtre      1748 / 4095
[   6.70s] axe 28 EQ C filtre      1767 / 4095
[   6.70s] axe 28 EQ C filtre      1785 / 4095
[   6.71s] axe 28 EQ C filtre      1801 / 4095
[   6.71s] axe 28 EQ C filtre      1818 / 4095
[   6.71s] axe 28 EQ C filtre      1836 / 4095
[   6.72s] axe 28 EQ C filtre      1856 / 4095
[   6.72s] axe 28 EQ C filtre      1867 / 4095
[   6.72s] axe 28 EQ C filtre      1878 / 4095
[   6.73s] axe 28 EQ C filtre      1889 / 4095
[   6.73s] axe 28 EQ C filtre      1912 / 4095
[   6.73s] axe 28 EQ C filtre      1925 / 4095
[   6.73s] axe 28 EQ C filtre      1937 / 4095
[   6.74s] axe 28 EQ C filtre      1951 / 4095
[   6.74s] axe 28 EQ C filtre      1964 / 4095
[   6.74s] axe 28 EQ C filtre      1978 / 4095
[   6.74s] axe 28 EQ C filtre      1993 / 4095
[   6.74s] axe 28 EQ C filtre      2009 / 4095
[   6.75s] axe 28 EQ C filtre      2028 / 4095
[   6.75s] axe 28 EQ C filtre      2046 / 4095
[   6.75s] axe 28 EQ C filtre      2059 / 4095
[   6.76s] axe 28 EQ C filtre      2076 / 4095
[   6.76s] axe 28 EQ C filtre      2090 / 4095
[   6.77s] axe 28 EQ C filtre      2103 / 4095
[   6.77s] axe 28 EQ C filtre      2118 / 4095
[   6.78s] axe 28 EQ C filtre      2130 / 4095
[   6.78s] axe 28 EQ C filtre      2147 / 4095
[   6.79s] axe 28 EQ C filtre      2165 / 4095
[   6.79s] axe 28 EQ C filtre      2181 / 4095
[   6.80s] axe 28 EQ C filtre      2201 / 4095
[   6.80s] axe 28 EQ C filtre      2219 / 4095
[   6.81s] axe 28 EQ C filtre      2238 / 4095
[   6.81s] axe 28 EQ C filtre      2258 / 4095
[   6.81s] axe 28 EQ C filtre      2276 / 4095
[   6.82s] axe 28 EQ C filtre      2291 / 4095
[   6.82s] axe 28 EQ C filtre      2310 / 4095
[   6.83s] axe 28 EQ C filtre      2330 / 4095
[   6.83s] axe 28 EQ C filtre      2347 / 4095
[   6.84s] axe 28 EQ C filtre      2364 / 4095
[   6.84s] axe 28 EQ C filtre      2381 / 4095
[   6.84s] axe 28 EQ C filtre      2400 / 4095
[   6.85s] axe 28 EQ C filtre      2420 / 4095
[   6.85s] axe 28 EQ C filtre      2431 / 4095
[   6.86s] axe 28 EQ C filtre      2450 / 4095
[   6.86s] axe 28 EQ C filtre      2469 / 4095
[   6.86s] axe 28 EQ C filtre      2487 / 4095
[   6.87s] axe 28 EQ C filtre      2508 / 4095
[   6.87s] axe 28 EQ C filtre      2521 / 4095
[   6.88s] axe 28 EQ C filtre      2541 / 4095
[   6.88s] axe 28 EQ C filtre      2553 / 4095
[   6.88s] axe 28 EQ C filtre      2567 / 4095
[   6.88s] axe 28 EQ C filtre      2581 / 4095
[   6.88s] axe 28 EQ C filtre      2595 / 4095
[   6.89s] axe 28 EQ C filtre      2608 / 4095
[   6.89s] axe 28 EQ C filtre      2619 / 4095
[   6.89s] axe 28 EQ C filtre      2631 / 4095
[   6.89s] axe 28 EQ C filtre      2644 / 4095
[   6.90s] axe 28 EQ C filtre      2664 / 4095
[   6.90s] axe 28 EQ C filtre      2675 / 4095
[   6.90s] axe 28 EQ C filtre      2689 / 4095
[   6.90s] axe 28 EQ C filtre      2700 / 4095
[   6.91s] axe 28 EQ C filtre      2712 / 4095
[   6.91s] axe 28 EQ C filtre      2724 / 4095
[   6.91s] axe 28 EQ C filtre      2737 / 4095
[   6.91s] axe 28 EQ C filtre      2749 / 4095
[   6.91s] axe 28 EQ C filtre      2760 / 4095
[   6.92s] axe 28 EQ C filtre      2771 / 4095
[   6.92s] axe 28 EQ C filtre      2790 / 4095
[   6.92s] axe 28 EQ C filtre      2810 / 4095
[   6.93s] axe 28 EQ C filtre      2832 / 4095
[   6.93s] axe 28 EQ C filtre      2844 / 4095
[   6.94s] axe 28 EQ C filtre      2864 / 4095
[   6.94s] axe 28 EQ C filtre      2875 / 4095
[   6.94s] axe 28 EQ C filtre      2895 / 4095
[   6.95s] axe 28 EQ C filtre      2914 / 4095
[   6.95s] axe 28 EQ C filtre      2933 / 4095
[   6.96s] axe 28 EQ C filtre      2951 / 4095
[   6.96s] axe 28 EQ C filtre      2968 / 4095
[   6.96s] axe 28 EQ C filtre      2985 / 4095
[   6.97s] axe 28 EQ C filtre      3002 / 4095
[   6.97s] axe 28 EQ C filtre      3017 / 4095
[   6.98s] axe 28 EQ C filtre      3030 / 4095
[   6.98s] axe 28 EQ C filtre      3045 / 4095
[   6.99s] axe 28 EQ C filtre      3060 / 4095
[   6.99s] axe 28 EQ C filtre      3074 / 4095
[   6.99s] axe 28 EQ C filtre      3087 / 4095
[   7.00s] axe 28 EQ C filtre      3098 / 4095
[   7.00s] axe 28 EQ C filtre      3110 / 4095
[   7.01s] axe 28 EQ C filtre      3122 / 4095
[   7.01s] axe 28 EQ C filtre      3135 / 4095
[   7.02s] axe 28 EQ C filtre      3149 / 4095
[   7.02s] axe 28 EQ C filtre      3161 / 4095
[   7.03s] axe 28 EQ C filtre      3177 / 4095
[   7.03s] axe 28 EQ C filtre      3192 / 4095
[   7.04s] axe 28 EQ C filtre      3204 / 4095
[   7.04s] axe 28 EQ C filtre      3215 / 4095
[   7.04s] axe 28 EQ C filtre      3228 / 4095
[   7.05s] axe 28 EQ C filtre      3243 / 4095
[   7.05s] axe 28 EQ C filtre      3256 / 4095
[   7.06s] axe 28 EQ C filtre      3267 / 4095
[   7.06s] axe 28 EQ C filtre      3280 / 4095
[   7.07s] axe 28 EQ C filtre      3293 / 4095
[   7.07s] axe 28 EQ C filtre      3304 / 4095
[   7.08s] axe 28 EQ C filtre      3315 / 4095
[   7.08s] axe 28 EQ C filtre      3326 / 4095
[   7.08s] axe 28 EQ C filtre      3339 / 4095
[   7.09s] axe 28 EQ C filtre      3353 / 4095
[   7.09s] axe 28 EQ C filtre      3366 / 4095
[   7.10s] axe 28 EQ C filtre      3380 / 4095
[   7.10s] axe 28 EQ C filtre      3393 / 4095
[   7.11s] axe 28 EQ C filtre      3405 / 4095
[   7.11s] axe 28 EQ C filtre      3419 / 4095
[   7.11s] axe 28 EQ C filtre      3434 / 4095
[   7.12s] axe 28 EQ C filtre      3449 / 4095
[   7.12s] axe 28 EQ C filtre      3461 / 4095
[   7.13s] axe 28 EQ C filtre      3477 / 4095
[   7.13s] axe 28 EQ C filtre      3493 / 4095
[   7.14s] axe 28 EQ C filtre      3506 / 4095
[   7.14s] axe 28 EQ C filtre      3519 / 4095
[   7.15s] axe 28 EQ C filtre      3537 / 4095
[   7.15s] axe 28 EQ C filtre      3553 / 4095
[   7.15s] axe 28 EQ C filtre      3569 / 4095
[   7.16s] axe 28 EQ C filtre      3588 / 4095
[   7.16s] axe 28 EQ C filtre      3603 / 4095
[   7.17s] axe 28 EQ C filtre      3615 / 4095
[   7.17s] axe 28 EQ C filtre      3634 / 4095
[   7.17s] axe 28 EQ C filtre      3645 / 4095
[   7.18s] axe 28 EQ C filtre      3661 / 4095
[   7.18s] axe 28 EQ C filtre      3679 / 4095
[   7.19s] axe 28 EQ C filtre      3698 / 4095
[   7.19s] axe 28 EQ C filtre      3716 / 4095
[   7.20s] axe 28 EQ C filtre      3733 / 4095
[   7.20s] axe 28 EQ C filtre      3745 / 4095
[   7.20s] axe 28 EQ C filtre      3757 / 4095
[   7.20s] axe 28 EQ C filtre      3776 / 4095
[   7.21s] axe 28 EQ C filtre      3795 / 4095
[   7.21s] axe 28 EQ C filtre      3813 / 4095
[   7.21s] axe 28 EQ C filtre      3824 / 4095
[   7.22s] axe 28 EQ C filtre      3835 / 4095
[   7.22s] axe 28 EQ C filtre      3852 / 4095
[   7.23s] axe 28 EQ C filtre      3870 / 4095
[   7.23s] axe 28 EQ C filtre      3881 / 4095
[   7.23s] axe 28 EQ C filtre      3899 / 4095
[   7.24s] axe 28 EQ C filtre      3918 / 4095
[   7.24s] axe 28 EQ C filtre      3929 / 4095
[   7.24s] axe 28 EQ C filtre      3947 / 4095
[   7.25s] axe 28 EQ C filtre      3967 / 4095
[   7.25s] axe 28 EQ C filtre      3985 / 4095
[   7.26s] axe 28 EQ C filtre      4003 / 4095
[   7.26s] axe 28 EQ C filtre      4022 / 4095
[   7.26s] axe 28 EQ C filtre      4040 / 4095
[   7.27s] axe 28 EQ C filtre      4058 / 4095
[   7.27s] axe 28 EQ C filtre      4074 / 4095
[   7.28s] axe 28 EQ C filtre      4086 / 4095
[   7.72s] axe 28 EQ C filtre      4075 / 4095
[   7.72s] axe 28 EQ C filtre      4062 / 4095
[   7.72s] axe 28 EQ C filtre      4047 / 4095
[   7.72s] axe 28 EQ C filtre      4034 / 4095
[   7.73s] axe 28 EQ C filtre      4019 / 4095
[   7.73s] axe 28 EQ C filtre      4003 / 4095
[   7.73s] axe 28 EQ C filtre      3988 / 4095
[   7.73s] axe 28 EQ C filtre      3973 / 4095
[   7.73s] axe 28 EQ C filtre      3957 / 4095
[   7.74s] axe 28 EQ C filtre      3940 / 4095
[   7.74s] axe 28 EQ C filtre      3925 / 4095
[   7.74s] axe 28 EQ C filtre      3910 / 4095
[   7.74s] axe 28 EQ C filtre      3896 / 4095
[   7.75s] axe 28 EQ C filtre      3879 / 4095
[   7.75s] axe 28 EQ C filtre      3865 / 4095
[   7.75s] axe 28 EQ C filtre      3851 / 4095
[   7.75s] axe 28 EQ C filtre      3835 / 4095
[   7.75s] axe 28 EQ C filtre      3818 / 4095
[   7.76s] axe 28 EQ C filtre      3804 / 4095
[   7.76s] axe 28 EQ C filtre      3791 / 4095
[   7.76s] axe 28 EQ C filtre      3778 / 4095
[   7.76s] axe 28 EQ C filtre      3761 / 4095
[   7.77s] axe 28 EQ C filtre      3747 / 4095
[   7.77s] axe 28 EQ C filtre      3732 / 4095
[   7.77s] axe 28 EQ C filtre      3719 / 4095
[   7.77s] axe 28 EQ C filtre      3705 / 4095
[   7.77s] axe 28 EQ C filtre      3690 / 4095
[   7.78s] axe 28 EQ C filtre      3677 / 4095
[   7.78s] axe 28 EQ C filtre      3665 / 4095
[   7.78s] axe 28 EQ C filtre      3651 / 4095
[   7.78s] axe 28 EQ C filtre      3636 / 4095
[   7.78s] axe 28 EQ C filtre      3624 / 4095
[   7.79s] axe 28 EQ C filtre      3613 / 4095
[   7.79s] axe 28 EQ C filtre      3591 / 4095
[   7.79s] axe 28 EQ C filtre      3577 / 4095
[   7.80s] axe 28 EQ C filtre      3556 / 4095
[   7.80s] axe 28 EQ C filtre      3543 / 4095
[   7.80s] axe 28 EQ C filtre      3532 / 4095
[   7.81s] axe 28 EQ C filtre      3514 / 4095
[   7.81s] axe 28 EQ C filtre      3497 / 4095
[   7.82s] axe 28 EQ C filtre      3477 / 4095
[   7.82s] axe 28 EQ C filtre      3462 / 4095
[   7.82s] axe 28 EQ C filtre      3444 / 4095
[   7.83s] axe 28 EQ C filtre      3427 / 4095
[   7.83s] axe 28 EQ C filtre      3412 / 4095
[   7.84s] axe 28 EQ C filtre      3398 / 4095
[   7.84s] axe 28 EQ C filtre      3381 / 4095
[   7.85s] axe 28 EQ C filtre      3365 / 4095
[   7.85s] axe 28 EQ C filtre      3348 / 4095
[   7.85s] axe 28 EQ C filtre      3333 / 4095
[   7.86s] axe 28 EQ C filtre      3319 / 4095
[   7.86s] axe 28 EQ C filtre      3306 / 4095
[   7.87s] axe 28 EQ C filtre      3290 / 4095
[   7.87s] axe 28 EQ C filtre      3274 / 4095
[   7.88s] axe 28 EQ C filtre      3259 / 4095
[   7.88s] axe 28 EQ C filtre      3241 / 4095
[   7.88s] axe 28 EQ C filtre      3225 / 4095
[   7.89s] axe 28 EQ C filtre      3211 / 4095
[   7.89s] axe 28 EQ C filtre      3194 / 4095
[   7.90s] axe 28 EQ C filtre      3178 / 4095
[   7.90s] axe 28 EQ C filtre      3163 / 4095
[   7.91s] axe 28 EQ C filtre      3147 / 4095
[   7.91s] axe 28 EQ C filtre      3130 / 4095
[   7.92s] axe 28 EQ C filtre      3113 / 4095
[   7.92s] axe 28 EQ C filtre      3098 / 4095
[   7.92s] axe 28 EQ C filtre      3083 / 4095
[   7.93s] axe 28 EQ C filtre      3065 / 4095
[   7.93s] axe 28 EQ C filtre      3047 / 4095
[   7.94s] axe 28 EQ C filtre      3032 / 4095
[   7.94s] axe 28 EQ C filtre      3017 / 4095
[   7.95s] axe 28 EQ C filtre      3002 / 4095
[   7.95s] axe 28 EQ C filtre      2987 / 4095
[   7.95s] axe 28 EQ C filtre      2973 / 4095
[   7.96s] axe 28 EQ C filtre      2956 / 4095
[   7.97s] axe 28 EQ C filtre      2942 / 4095
[   7.97s] axe 28 EQ C filtre      2931 / 4095
[   7.97s] axe 28 EQ C filtre      2920 / 4095
[   7.98s] axe 28 EQ C filtre      2909 / 4095
[   7.99s] axe 28 EQ C filtre      2895 / 4095
[   7.99s] axe 28 EQ C filtre      2884 / 4095
[   8.00s] axe 28 EQ C filtre      2869 / 4095
[   8.00s] axe 28 EQ C filtre      2853 / 4095
[   8.01s] axe 28 EQ C filtre      2838 / 4095
[   8.02s] axe 28 EQ C filtre      2827 / 4095
[   8.02s] axe 28 EQ C filtre      2816 / 4095
[   8.02s] axe 28 EQ C filtre      2805 / 4095
[   8.03s] axe 28 EQ C filtre      2791 / 4095
[   8.03s] axe 28 EQ C filtre      2779 / 4095
[   8.04s] axe 28 EQ C filtre      2768 / 4095
[   8.04s] axe 28 EQ C filtre      2757 / 4095
[   8.05s] axe 28 EQ C filtre      2743 / 4095
[   8.05s] axe 28 EQ C filtre      2731 / 4095
[   8.06s] axe 28 EQ C filtre      2716 / 4095
[   8.06s] axe 28 EQ C filtre      2701 / 4095
[   8.07s] axe 28 EQ C filtre      2689 / 4095
[   8.07s] axe 28 EQ C filtre      2674 / 4095
[   8.08s] axe 28 EQ C filtre      2663 / 4095
[   8.08s] axe 28 EQ C filtre      2652 / 4095
[   8.09s] axe 28 EQ C filtre      2641 / 4095
[   8.09s] axe 28 EQ C filtre      2628 / 4095
[   8.10s] axe 28 EQ C filtre      2614 / 4095
[   8.11s] axe 28 EQ C filtre      2601 / 4095
[   8.12s] axe 28 EQ C filtre      2588 / 4095
[   8.12s] axe 28 EQ C filtre      2573 / 4095
[   8.13s] axe 28 EQ C filtre      2559 / 4095
[   8.14s] axe 28 EQ C filtre      2548 / 4095
[   8.15s] axe 28 EQ C filtre      2534 / 4095
[   8.15s] axe 28 EQ C filtre      2523 / 4095
[   8.16s] axe 28 EQ C filtre      2510 / 4095
[   8.17s] axe 28 EQ C filtre      2496 / 4095
[   8.17s] axe 28 EQ C filtre      2485 / 4095
[   8.18s] axe 28 EQ C filtre      2474 / 4095
[   8.19s] axe 28 EQ C filtre      2462 / 4095
[   8.19s] axe 28 EQ C filtre      2448 / 4095
[   8.20s] axe 28 EQ C filtre      2435 / 4095
[   8.21s] axe 28 EQ C filtre      2419 / 4095
[   8.22s] axe 28 EQ C filtre      2404 / 4095
[   8.22s] axe 28 EQ C filtre      2391 / 4095
[   8.22s] axe 28 EQ C filtre      2379 / 4095
[   8.23s] axe 28 EQ C filtre      2366 / 4095
[   8.24s] axe 28 EQ C filtre      2353 / 4095
[   8.24s] axe 28 EQ C filtre      2340 / 4095
[   8.25s] axe 28 EQ C filtre      2326 / 4095
[   8.26s] axe 28 EQ C filtre      2314 / 4095
[   8.26s] axe 28 EQ C filtre      2302 / 4095
[   8.27s] axe 28 EQ C filtre      2290 / 4095
[   8.28s] axe 28 EQ C filtre      2276 / 4095
[   8.28s] axe 28 EQ C filtre      2261 / 4095
[   8.29s] axe 28 EQ C filtre      2246 / 4095
[   8.30s] axe 28 EQ C filtre      2233 / 4095
[   8.30s] axe 28 EQ C filtre      2218 / 4095
[   8.31s] axe 28 EQ C filtre      2207 / 4095
[   8.31s] axe 28 EQ C filtre      2194 / 4095
[   8.32s] axe 28 EQ C filtre      2181 / 4095
[   8.33s] axe 28 EQ C filtre      2170 / 4095
[   8.33s] axe 28 EQ C filtre      2159 / 4095
[   8.34s] axe 28 EQ C filtre      2148 / 4095
[   8.35s] axe 28 EQ C filtre      2137 / 4095
[   8.36s] axe 28 EQ C filtre      2122 / 4095
[   8.36s] axe 28 EQ C filtre      2108 / 4095
[   8.36s] axe 28 EQ C filtre      2097 / 4095
[   8.37s] axe 28 EQ C filtre      2086 / 4095
[   8.41s] axe 28 EQ C filtre      2075 / 4095
[   9.22s] … 2514 blocs recus depuis 3 s, aucun changement (total 3338)
[   9.23s] axe 24 EQ A filtre      2049 / 4095
[   9.25s] axe 24 EQ A filtre      2038 / 4095
[   9.26s] axe 24 EQ A filtre      2026 / 4095
[   9.27s] axe 24 EQ A filtre      2013 / 4095
[   9.28s] axe 24 EQ A filtre      2001 / 4095
[   9.28s] axe 24 EQ A filtre      1990 / 4095
[   9.29s] axe 24 EQ A filtre      1977 / 4095
[   9.29s] axe 24 EQ A filtre      1961 / 4095
[   9.30s] axe 24 EQ A filtre      1944 / 4095
[   9.30s] axe 24 EQ A filtre      1933 / 4095
[   9.31s] axe 24 EQ A filtre      1920 / 4095
[   9.31s] axe 24 EQ A filtre      1909 / 4095
[   9.31s] axe 24 EQ A filtre      1898 / 4095
[   9.31s] axe 24 EQ A filtre      1876 / 4095
[   9.31s] axe 24 EQ A filtre      1861 / 4095
[   9.31s] axe 24 EQ A filtre      1845 / 4095
[   9.32s] axe 24 EQ A filtre      1828 / 4095
[   9.32s] axe 24 EQ A filtre      1811 / 4095
[   9.32s] axe 24 EQ A filtre      1791 / 4095
[   9.32s] axe 24 EQ A filtre      1771 / 4095
[   9.33s] axe 24 EQ A filtre      1754 / 4095
[   9.33s] axe 24 EQ A filtre      1737 / 4095
[   9.33s] axe 24 EQ A filtre      1721 / 4095
[   9.33s] axe 24 EQ A filtre      1703 / 4095
[   9.33s] axe 24 EQ A filtre      1685 / 4095
[   9.34s] axe 24 EQ A filtre      1667 / 4095
[   9.34s] axe 24 EQ A filtre      1649 / 4095
[   9.34s] axe 24 EQ A filtre      1631 / 4095
[   9.34s] axe 24 EQ A filtre      1613 / 4095
[   9.35s] axe 24 EQ A filtre      1597 / 4095
[   9.35s] axe 24 EQ A filtre      1581 / 4095
[   9.35s] axe 24 EQ A filtre      1567 / 4095
[   9.35s] axe 24 EQ A filtre      1551 / 4095
[   9.35s] axe 24 EQ A filtre      1536 / 4095
[   9.36s] axe 24 EQ A filtre      1519 / 4095
[   9.36s] axe 24 EQ A filtre      1501 / 4095
[   9.36s] axe 24 EQ A filtre      1485 / 4095
[   9.36s] axe 24 EQ A filtre      1470 / 4095
[   9.37s] axe 24 EQ A filtre      1456 / 4095
[   9.37s] axe 24 EQ A filtre      1442 / 4095
[   9.37s] axe 24 EQ A filtre      1429 / 4095
[   9.37s] axe 24 EQ A filtre      1414 / 4095
[   9.37s] axe 24 EQ A filtre      1398 / 4095
[   9.38s] axe 24 EQ A filtre      1383 / 4095
[   9.38s] axe 24 EQ A filtre      1368 / 4095
[   9.38s] axe 24 EQ A filtre      1354 / 4095
[   9.38s] axe 24 EQ A filtre      1341 / 4095
[   9.38s] axe 24 EQ A filtre      1326 / 4095
[   9.39s] axe 24 EQ A filtre      1313 / 4095
[   9.39s] axe 24 EQ A filtre      1299 / 4095
[   9.39s] axe 24 EQ A filtre      1285 / 4095
[   9.39s] axe 24 EQ A filtre      1272 / 4095
[   9.40s] axe 24 EQ A filtre      1260 / 4095
[   9.40s] axe 24 EQ A filtre      1247 / 4095
[   9.40s] axe 24 EQ A filtre      1233 / 4095
[   9.40s] axe 24 EQ A filtre      1220 / 4095
[   9.40s] axe 24 EQ A filtre      1206 / 4095
[   9.41s] axe 24 EQ A filtre      1191 / 4095
[   9.41s] axe 24 EQ A filtre      1176 / 4095
[   9.41s] axe 24 EQ A filtre      1163 / 4095
[   9.42s] axe 24 EQ A filtre      1150 / 4095
[   9.42s] axe 24 EQ A filtre      1137 / 4095
[   9.42s] axe 24 EQ A filtre      1124 / 4095
[   9.42s] axe 24 EQ A filtre      1093 / 4095
[   9.43s] axe 24 EQ A filtre      1081 / 4095
[   9.43s] axe 24 EQ A filtre      1067 / 4095
[   9.43s] axe 24 EQ A filtre      1053 / 4095
[   9.43s] axe 24 EQ A filtre      1039 / 4095
[   9.43s] axe 24 EQ A filtre      1026 / 4095
[   9.44s] axe 24 EQ A filtre      1011 / 4095
[   9.44s] axe 24 EQ A filtre       996 / 4095
[   9.44s] axe 24 EQ A filtre       984 / 4095
[   9.44s] axe 24 EQ A filtre       972 / 4095
[   9.45s] axe 24 EQ A filtre       953 / 4095
[   9.45s] axe 24 EQ A filtre       941 / 4095
[   9.45s] axe 24 EQ A filtre       928 / 4095
[   9.45s] axe 24 EQ A filtre       916 / 4095
[   9.45s] axe 24 EQ A filtre       905 / 4095
[   9.46s] axe 24 EQ A filtre       891 / 4095
[   9.46s] axe 24 EQ A filtre       876 / 4095
[   9.46s] axe 24 EQ A filtre       863 / 4095
[   9.46s] axe 24 EQ A filtre       851 / 4095
[   9.47s] axe 24 EQ A filtre       838 / 4095
[   9.47s] axe 24 EQ A filtre       824 / 4095
[   9.47s] axe 24 EQ A filtre       810 / 4095
[   9.47s] axe 24 EQ A filtre       798 / 4095
[   9.47s] axe 24 EQ A filtre       787 / 4095
[   9.48s] axe 24 EQ A filtre       774 / 4095
[   9.48s] axe 24 EQ A filtre       760 / 4095
[   9.48s] axe 24 EQ A filtre       747 / 4095
[   9.48s] axe 24 EQ A filtre       734 / 4095
[   9.48s] axe 24 EQ A filtre       722 / 4095
[   9.49s] axe 24 EQ A filtre       709 / 4095
[   9.49s] axe 24 EQ A filtre       696 / 4095
[   9.49s] axe 24 EQ A filtre       682 / 4095
[   9.49s] axe 24 EQ A filtre       671 / 4095
[   9.50s] axe 24 EQ A filtre       659 / 4095
[   9.50s] axe 24 EQ A filtre       647 / 4095
[   9.50s] axe 24 EQ A filtre       634 / 4095
[   9.50s] axe 24 EQ A filtre       620 / 4095
[   9.50s] axe 24 EQ A filtre       606 / 4095
[   9.51s] axe 24 EQ A filtre       592 / 4095
[   9.51s] axe 24 EQ A filtre       580 / 4095
[   9.51s] axe 24 EQ A filtre       567 / 4095
[   9.51s] axe 24 EQ A filtre       555 / 4095
[   9.52s] axe 24 EQ A filtre       542 / 4095
[   9.52s] axe 24 EQ A filtre       528 / 4095
[   9.52s] axe 24 EQ A filtre       514 / 4095
[   9.52s] axe 24 EQ A filtre       501 / 4095
[   9.52s] axe 24 EQ A filtre       488 / 4095
[   9.53s] axe 24 EQ A filtre       475 / 4095
[   9.53s] axe 24 EQ A filtre       462 / 4095
[   9.53s] axe 24 EQ A filtre       450 / 4095
[   9.53s] axe 24 EQ A filtre       437 / 4095
[   9.53s] axe 24 EQ A filtre       424 / 4095
[   9.54s] axe 24 EQ A filtre       411 / 4095
[   9.54s] axe 24 EQ A filtre       400 / 4095
[   9.54s] axe 24 EQ A filtre       387 / 4095
[   9.54s] axe 24 EQ A filtre       376 / 4095
[   9.55s] axe 24 EQ A filtre       363 / 4095
[   9.55s] axe 24 EQ A filtre       348 / 4095
[   9.55s] axe 24 EQ A filtre       334 / 4095
[   9.55s] axe 24 EQ A filtre       322 / 4095
[   9.55s] axe 24 EQ A filtre       307 / 4095
[   9.56s] axe 24 EQ A filtre       291 / 4095
[   9.56s] axe 24 EQ A filtre       279 / 4095
[   9.56s] axe 24 EQ A filtre       261 / 4095
[   9.57s] axe 24 EQ A filtre       250 / 4095
[   9.57s] axe 24 EQ A filtre       234 / 4095
[   9.57s] axe 24 EQ A filtre       219 / 4095
[   9.57s] axe 24 EQ A filtre       207 / 4095
[   9.58s] axe 24 EQ A filtre       182 / 4095
[   9.58s] axe 24 EQ A filtre       167 / 4095
[   9.58s] axe 24 EQ A filtre       154 / 4095
[   9.59s] axe 24 EQ A filtre       132 / 4095
[   9.59s] axe 24 EQ A filtre       119 / 4095
[   9.59s] axe 24 EQ A filtre       105 / 4095
[   9.59s] axe 24 EQ A filtre        92 / 4095
[   9.59s] axe 24 EQ A filtre        80 / 4095
[   9.60s] axe 24 EQ A filtre        69 / 4095
[   9.60s] axe 24 EQ A filtre        58 / 4095
[   9.60s] axe 24 EQ A filtre        44 / 4095
[   9.60s] axe 24 EQ A filtre        31 / 4095
[   9.61s] axe 24 EQ A filtre        15 / 4095
[   9.62s] axe 24 EQ A filtre         3 / 4095
[  10.08s] axe 24 EQ A filtre        20 / 4095
[  10.08s] axe 24 EQ A filtre        36 / 4095
[  10.08s] axe 24 EQ A filtre        53 / 4095
[  10.08s] axe 24 EQ A filtre        68 / 4095
[  10.08s] axe 24 EQ A filtre        85 / 4095
[  10.09s] axe 24 EQ A filtre       105 / 4095
[  10.09s] axe 24 EQ A filtre       123 / 4095
[  10.09s] axe 24 EQ A filtre       139 / 4095
[  10.09s] axe 24 EQ A filtre       159 / 4095
[  10.09s] axe 24 EQ A filtre       179 / 4095
[  10.10s] axe 24 EQ A filtre       196 / 4095
[  10.10s] axe 24 EQ A filtre       218 / 4095
[  10.10s] axe 24 EQ A filtre       238 / 4095
[  10.10s] axe 24 EQ A filtre       253 / 4095
[  10.11s] axe 24 EQ A filtre       269 / 4095
[  10.11s] axe 24 EQ A filtre       290 / 4095
[  10.11s] axe 24 EQ A filtre       309 / 4095
[  10.11s] axe 24 EQ A filtre       331 / 4095
[  10.11s] axe 24 EQ A filtre       351 / 4095
[  10.12s] axe 24 EQ A filtre       370 / 4095
[  10.12s] axe 24 EQ A filtre       387 / 4095
[  10.12s] axe 24 EQ A filtre       406 / 4095
[  10.12s] axe 24 EQ A filtre       424 / 4095
[  10.13s] axe 24 EQ A filtre       443 / 4095
[  10.13s] axe 24 EQ A filtre       461 / 4095
[  10.13s] axe 24 EQ A filtre       479 / 4095
[  10.13s] axe 24 EQ A filtre       499 / 4095
[  10.13s] axe 24 EQ A filtre       519 / 4095
[  10.14s] axe 24 EQ A filtre       538 / 4095
[  10.14s] axe 24 EQ A filtre       555 / 4095
[  10.14s] axe 24 EQ A filtre       573 / 4095
[  10.14s] axe 24 EQ A filtre       593 / 4095
[  10.14s] axe 24 EQ A filtre       613 / 4095
[  10.15s] axe 24 EQ A filtre       630 / 4095
[  10.15s] axe 24 EQ A filtre       646 / 4095
[  10.15s] axe 24 EQ A filtre       664 / 4095
[  10.15s] axe 24 EQ A filtre       681 / 4095
[  10.16s] axe 24 EQ A filtre       700 / 4095
[  10.16s] axe 24 EQ A filtre       717 / 4095
[  10.16s] axe 24 EQ A filtre       735 / 4095
[  10.16s] axe 24 EQ A filtre       754 / 4095
[  10.16s] axe 24 EQ A filtre       770 / 4095
[  10.17s] axe 24 EQ A filtre       789 / 4095
[  10.17s] axe 24 EQ A filtre       809 / 4095
[  10.17s] axe 24 EQ A filtre       827 / 4095
[  10.17s] axe 24 EQ A filtre       846 / 4095
[  10.18s] axe 24 EQ A filtre       866 / 4095
[  10.18s] axe 24 EQ A filtre       883 / 4095
[  10.18s] axe 24 EQ A filtre       900 / 4095
[  10.18s] axe 24 EQ A filtre       918 / 4095
[  10.18s] axe 24 EQ A filtre       935 / 4095
[  10.19s] axe 24 EQ A filtre       950 / 4095
[  10.19s] axe 24 EQ A filtre       966 / 4095
[  10.19s] axe 24 EQ A filtre       985 / 4095
[  10.19s] axe 24 EQ A filtre      1001 / 4095
[  10.19s] axe 24 EQ A filtre      1018 / 4095
[  10.20s] axe 24 EQ A filtre      1037 / 4095
[  10.20s] axe 24 EQ A filtre      1054 / 4095
[  10.20s] axe 24 EQ A filtre      1070 / 4095
[  10.20s] axe 24 EQ A filtre      1084 / 4095
[  10.21s] axe 24 EQ A filtre      1097 / 4095
[  10.21s] axe 24 EQ A filtre      1112 / 4095
[  10.21s] axe 24 EQ A filtre      1127 / 4095
[  10.21s] axe 24 EQ A filtre      1141 / 4095
[  10.21s] axe 24 EQ A filtre      1157 / 4095
[  10.22s] axe 24 EQ A filtre      1174 / 4095
[  10.22s] axe 24 EQ A filtre      1191 / 4095
[  10.22s] axe 24 EQ A filtre      1206 / 4095
[  10.22s] axe 24 EQ A filtre      1220 / 4095
[  10.23s] axe 24 EQ A filtre      1233 / 4095
[  10.23s] axe 24 EQ A filtre      1247 / 4095
[  10.23s] axe 24 EQ A filtre      1261 / 4095
[  10.23s] axe 24 EQ A filtre      1273 / 4095
[  10.23s] axe 24 EQ A filtre      1286 / 4095
[  10.24s] axe 24 EQ A filtre      1299 / 4095
[  10.24s] axe 24 EQ A filtre      1312 / 4095
[  10.24s] axe 24 EQ A filtre      1323 / 4095
[  10.24s] axe 24 EQ A filtre      1334 / 4095
[  10.24s] axe 24 EQ A filtre      1346 / 4095
[  10.25s] axe 24 EQ A filtre      1358 / 4095
[  10.25s] axe 24 EQ A filtre      1370 / 4095
[  10.25s] axe 24 EQ A filtre      1383 / 4095
[  10.25s] axe 24 EQ A filtre      1394 / 4095
[  10.26s] axe 24 EQ A filtre      1405 / 4095
[  10.26s] axe 24 EQ A filtre      1416 / 4095
[  10.26s] axe 24 EQ A filtre      1434 / 4095
[  10.27s] axe 24 EQ A filtre      1452 / 4095
[  10.27s] axe 24 EQ A filtre      1471 / 4095
[  10.27s] axe 24 EQ A filtre      1483 / 4095
[  10.28s] axe 24 EQ A filtre      1494 / 4095
[  10.28s] axe 24 EQ A filtre      1505 / 4095
[  10.28s] axe 24 EQ A filtre      1524 / 4095
[  10.29s] axe 24 EQ A filtre      1542 / 4095
[  10.29s] axe 24 EQ A filtre      1556 / 4095
[  10.29s] axe 24 EQ A filtre      1572 / 4095
[  10.30s] axe 24 EQ A filtre      1583 / 4095
[  10.30s] axe 24 EQ A filtre      1601 / 4095
[  10.31s] axe 24 EQ A filtre      1616 / 4095
[  10.31s] axe 24 EQ A filtre      1632 / 4095
[  10.31s] axe 24 EQ A filtre      1650 / 4095
[  10.32s] axe 24 EQ A filtre      1668 / 4095
[  10.32s] axe 24 EQ A filtre      1683 / 4095
[  10.33s] axe 24 EQ A filtre      1698 / 4095
[  10.33s] axe 24 EQ A filtre      1713 / 4095
[  10.34s] axe 24 EQ A filtre      1725 / 4095
[  10.34s] axe 24 EQ A filtre      1736 / 4095
[  10.35s] axe 24 EQ A filtre      1748 / 4095
[  10.35s] axe 24 EQ A filtre      1760 / 4095
[  10.35s] axe 24 EQ A filtre      1775 / 4095
[  10.36s] axe 24 EQ A filtre      1789 / 4095
[  10.37s] axe 24 EQ A filtre      1803 / 4095
[  10.37s] axe 24 EQ A filtre      1815 / 4095
[  10.38s] axe 24 EQ A filtre      1827 / 4095
[  10.38s] axe 24 EQ A filtre      1838 / 4095
[  10.38s] axe 24 EQ A filtre      1849 / 4095
[  10.38s] axe 24 EQ A filtre      1860 / 4095
[  10.39s] axe 24 EQ A filtre      1874 / 4095
[  10.40s] axe 24 EQ A filtre      1889 / 4095
[  10.41s] axe 24 EQ A filtre      1903 / 4095
[  10.41s] axe 24 EQ A filtre      1917 / 4095
[  10.41s] axe 24 EQ A filtre      1933 / 4095
[  10.42s] axe 24 EQ A filtre      1946 / 4095
[  10.42s] axe 24 EQ A filtre      1960 / 4095
[  10.43s] axe 24 EQ A filtre      1978 / 4095
[  10.43s] axe 24 EQ A filtre      1997 / 4095
[  10.43s] axe 24 EQ A filtre      2010 / 4095
[  10.44s] axe 24 EQ A filtre      2025 / 4095
[  10.44s] axe 24 EQ A filtre      2036 / 4095
[  10.44s] axe 24 EQ A filtre      2052 / 4095
[  10.45s] axe 24 EQ A filtre      2066 / 4095
[  10.45s] axe 24 EQ A filtre      2077 / 4095
[  10.46s] axe 24 EQ A filtre      2089 / 4095
[  10.47s] axe 24 EQ A filtre      2100 / 4095
[  10.47s] axe 24 EQ A filtre      2111 / 4095
[  10.48s] axe 24 EQ A filtre      2122 / 4095
[  10.48s] axe 24 EQ A filtre      2133 / 4095
[  10.49s] axe 24 EQ A filtre      2148 / 4095
[  10.49s] axe 24 EQ A filtre      2161 / 4095
[  10.50s] axe 24 EQ A filtre      2175 / 4095
[  10.51s] axe 24 EQ A filtre      2189 / 4095
[  10.51s] axe 24 EQ A filtre      2200 / 4095
[  10.52s] axe 24 EQ A filtre      2214 / 4095
[  10.52s] axe 24 EQ A filtre      2226 / 4095
[  10.53s] axe 24 EQ A filtre      2239 / 4095
[  10.53s] axe 24 EQ A filtre      2252 / 4095
[  10.53s] axe 24 EQ A filtre      2267 / 4095
[  10.54s] axe 24 EQ A filtre      2282 / 4095
[  10.54s] axe 24 EQ A filtre      2295 / 4095
[  10.55s] axe 24 EQ A filtre      2308 / 4095
[  10.55s] axe 24 EQ A filtre      2320 / 4095
[  10.56s] axe 24 EQ A filtre      2334 / 4095
[  10.56s] axe 24 EQ A filtre      2347 / 4095
[  10.57s] axe 24 EQ A filtre      2361 / 4095
[  10.57s] axe 24 EQ A filtre      2374 / 4095
[  10.58s] axe 24 EQ A filtre      2389 / 4095
[  10.59s] axe 24 EQ A filtre      2404 / 4095
[  10.59s] axe 24 EQ A filtre      2419 / 4095
[  10.60s] axe 24 EQ A filtre      2434 / 4095
[  10.60s] axe 24 EQ A filtre      2447 / 4095
[  10.61s] axe 24 EQ A filtre      2461 / 4095
[  10.61s] axe 24 EQ A filtre      2475 / 4095
[  10.62s] axe 24 EQ A filtre      2489 / 4095
[  10.62s] axe 24 EQ A filtre      2505 / 4095
[  10.63s] axe 24 EQ A filtre      2523 / 4095
[  10.63s] axe 24 EQ A filtre      2542 / 4095
[  10.64s] axe 24 EQ A filtre      2560 / 4095
[  10.64s] axe 24 EQ A filtre      2571 / 4095
[  10.64s] axe 24 EQ A filtre      2582 / 4095
[  10.64s] axe 24 EQ A filtre      2593 / 4095
[  10.65s] axe 24 EQ A filtre      2613 / 4095
[  10.65s] axe 24 EQ A filtre      2630 / 4095
[  10.65s] axe 24 EQ A filtre      2645 / 4095
[  10.66s] axe 24 EQ A filtre      2661 / 4095
[  10.66s] axe 24 EQ A filtre      2678 / 4095
[  10.67s] axe 24 EQ A filtre      2693 / 4095
[  10.67s] axe 24 EQ A filtre      2710 / 4095
[  10.67s] axe 24 EQ A filtre      2721 / 4095
[  10.68s] axe 24 EQ A filtre      2733 / 4095
[  10.68s] axe 24 EQ A filtre      2745 / 4095
[  10.68s] axe 24 EQ A filtre      2756 / 4095
[  10.68s] axe 24 EQ A filtre      2776 / 4095
[  10.69s] axe 24 EQ A filtre      2793 / 4095
[  10.69s] axe 24 EQ A filtre      2808 / 4095
[  10.70s] axe 24 EQ A filtre      2826 / 4095
[  10.70s] axe 24 EQ A filtre      2841 / 4095
[  10.71s] axe 24 EQ A filtre      2857 / 4095
[  10.71s] axe 24 EQ A filtre      2876 / 4095
[  10.72s] axe 24 EQ A filtre      2892 / 4095
[  10.72s] axe 24 EQ A filtre      2906 / 4095
[  10.72s] axe 24 EQ A filtre      2919 / 4095
[  10.73s] axe 24 EQ A filtre      2935 / 4095
[  10.73s] axe 24 EQ A filtre      2952 / 4095
[  10.74s] axe 24 EQ A filtre      2970 / 4095
[  10.74s] axe 24 EQ A filtre      2988 / 4095
[  10.75s] axe 24 EQ A filtre      3004 / 4095
[  10.75s] axe 24 EQ A filtre      3018 / 4095
[  10.75s] axe 24 EQ A filtre      3033 / 4095
[  10.76s] axe 24 EQ A filtre      3051 / 4095
[  10.76s] axe 24 EQ A filtre      3068 / 4095
[  10.77s] axe 24 EQ A filtre      3088 / 4095
[  10.77s] axe 24 EQ A filtre      3099 / 4095
[  10.77s] axe 24 EQ A filtre      3118 / 4095
[  10.78s] axe 24 EQ A filtre      3137 / 4095
[  10.78s] axe 24 EQ A filtre      3155 / 4095
[  10.79s] axe 24 EQ A filtre      3173 / 4095
[  10.79s] axe 24 EQ A filtre      3193 / 4095
[  10.79s] axe 24 EQ A filtre      3204 / 4095
[  10.80s] axe 24 EQ A filtre      3216 / 4095
[  10.80s] axe 24 EQ A filtre      3228 / 4095
[  10.80s] axe 24 EQ A filtre      3248 / 4095
[  10.81s] axe 24 EQ A filtre      3265 / 4095
[  10.81s] axe 24 EQ A filtre      3284 / 4095
[  10.82s] axe 24 EQ A filtre      3301 / 4095
[  10.82s] axe 24 EQ A filtre      3321 / 4095
[  10.82s] axe 24 EQ A filtre      3333 / 4095
[  10.83s] axe 24 EQ A filtre      3353 / 4095
[  10.83s] axe 24 EQ A filtre      3371 / 4095
[  10.84s] axe 24 EQ A filtre      3392 / 4095
[  10.84s] axe 24 EQ A filtre      3413 / 4095
[  10.84s] axe 24 EQ A filtre      3433 / 4095
[  10.85s] axe 24 EQ A filtre      3445 / 4095
[  10.85s] axe 24 EQ A filtre      3457 / 4095
[  10.85s] axe 24 EQ A filtre      3477 / 4095
[  10.85s] axe 24 EQ A filtre      3489 / 4095
[  10.86s] axe 24 EQ A filtre      3501 / 4095
[  10.86s] axe 24 EQ A filtre      3513 / 4095
[  10.86s] axe 24 EQ A filtre      3524 / 4095
[  10.87s] axe 24 EQ A filtre      3545 / 4095
[  10.87s] axe 24 EQ A filtre      3564 / 4095
[  10.87s] axe 24 EQ A filtre      3585 / 4095
[  10.88s] axe 24 EQ A filtre      3606 / 4095
[  10.89s] axe 24 EQ A filtre      3626 / 4095
[  10.89s] axe 24 EQ A filtre      3637 / 4095
[  10.89s] axe 24 EQ A filtre      3676 / 4095
[  10.90s] axe 24 EQ A filtre      3695 / 4095
[  10.90s] axe 24 EQ A filtre      3713 / 4095
[  10.91s] axe 24 EQ A filtre      3731 / 4095
[  10.92s] axe 24 EQ A filtre      3751 / 4095
[  10.92s] axe 24 EQ A filtre      3770 / 4095
[  10.92s] axe 24 EQ A filtre      3792 / 4095
[  10.93s] axe 24 EQ A filtre      3810 / 4095
[  10.93s] axe 24 EQ A filtre      3830 / 4095
[  10.93s] axe 24 EQ A filtre      3848 / 4095
[  10.94s] axe 24 EQ A filtre      3865 / 4095
[  10.94s] axe 24 EQ A filtre      3880 / 4095
[  10.95s] axe 24 EQ A filtre      3896 / 4095
[  10.95s] axe 24 EQ A filtre      3913 / 4095
[  10.96s] axe 24 EQ A filtre      3933 / 4095
[  10.96s] axe 24 EQ A filtre      3944 / 4095
[  10.96s] axe 24 EQ A filtre      3955 / 4095
[  10.96s] axe 24 EQ A filtre      3975 / 4095
[  10.97s] axe 24 EQ A filtre      3993 / 4095
[  10.97s] axe 24 EQ A filtre      4007 / 4095
[  10.98s] axe 24 EQ A filtre      4029 / 4095
[  10.98s] axe 24 EQ A filtre      4040 / 4095
[  10.98s] axe 24 EQ A filtre      4051 / 4095
[  10.98s] axe 24 EQ A filtre      4062 / 4095
[  10.99s] axe 24 EQ A filtre      4075 / 4095
[  10.99s] axe 24 EQ A filtre      4087 / 4095
[  11.42s] axe 24 EQ A filtre      4073 / 4095
[  11.42s] axe 24 EQ A filtre      4057 / 4095
[  11.42s] axe 24 EQ A filtre      4045 / 4095
[  11.43s] axe 24 EQ A filtre      4034 / 4095
[  11.43s] axe 24 EQ A filtre      4004 / 4095
[  11.43s] axe 24 EQ A filtre      3993 / 4095
[  11.43s] axe 24 EQ A filtre      3980 / 4095
[  11.43s] axe 24 EQ A filtre      3968 / 4095
[  11.44s] axe 24 EQ A filtre      3955 / 4095
[  11.44s] axe 24 EQ A filtre      3940 / 4095
[  11.44s] axe 24 EQ A filtre      3927 / 4095
[  11.44s] axe 24 EQ A filtre      3914 / 4095
[  11.45s] axe 24 EQ A filtre      3902 / 4095
[  11.45s] axe 24 EQ A filtre      3889 / 4095
[  11.45s] axe 24 EQ A filtre      3875 / 4095
[  11.45s] axe 24 EQ A filtre      3860 / 4095
[  11.45s] axe 24 EQ A filtre      3848 / 4095
[  11.46s] axe 24 EQ A filtre      3834 / 4095
[  11.46s] axe 24 EQ A filtre      3821 / 4095
[  11.46s] axe 24 EQ A filtre      3806 / 4095
[  11.46s] axe 24 EQ A filtre      3794 / 4095
[  11.46s] axe 24 EQ A filtre      3781 / 4095
[  11.47s] axe 24 EQ A filtre      3767 / 4095
[  11.47s] axe 24 EQ A filtre      3752 / 4095
[  11.47s] axe 24 EQ A filtre      3739 / 4095
[  11.47s] axe 24 EQ A filtre      3725 / 4095
[  11.48s] axe 24 EQ A filtre      3712 / 4095
[  11.48s] axe 24 EQ A filtre      3700 / 4095
[  11.48s] axe 24 EQ A filtre      3686 / 4095
[  11.48s] axe 24 EQ A filtre      3673 / 4095
[  11.48s] axe 24 EQ A filtre      3662 / 4095
[  11.49s] axe 24 EQ A filtre      3648 / 4095
[  11.49s] axe 24 EQ A filtre      3636 / 4095
[  11.49s] axe 24 EQ A filtre      3623 / 4095
[  11.49s] axe 24 EQ A filtre      3610 / 4095
[  11.50s] axe 24 EQ A filtre      3597 / 4095
[  11.50s] axe 24 EQ A filtre      3585 / 4095
[  11.50s] axe 24 EQ A filtre      3573 / 4095
[  11.50s] axe 24 EQ A filtre      3561 / 4095
[  11.50s] axe 24 EQ A filtre      3548 / 4095
[  11.51s] axe 24 EQ A filtre      3525 / 4095
[  11.51s] axe 24 EQ A filtre      3511 / 4095
[  11.51s] axe 24 EQ A filtre      3498 / 4095
[  11.51s] axe 24 EQ A filtre      3487 / 4095
[  11.52s] axe 24 EQ A filtre      3475 / 4095
[  11.52s] axe 24 EQ A filtre      3463 / 4095
[  11.52s] axe 24 EQ A filtre      3451 / 4095
[  11.53s] axe 24 EQ A filtre      3431 / 4095
[  11.53s] axe 24 EQ A filtre      3419 / 4095
[  11.53s] axe 24 EQ A filtre      3408 / 4095
[  11.53s] axe 24 EQ A filtre      3396 / 4095
[  11.54s] axe 24 EQ A filtre      3378 / 4095
[  11.54s] axe 24 EQ A filtre      3360 / 4095
[  11.55s] axe 24 EQ A filtre      3339 / 4095
[  11.55s] axe 24 EQ A filtre      3328 / 4095
[  11.55s] axe 24 EQ A filtre      3317 / 4095
[  11.56s] axe 24 EQ A filtre      3299 / 4095
[  11.56s] axe 24 EQ A filtre      3280 / 4095
[  11.56s] axe 24 EQ A filtre      3263 / 4095
[  11.57s] axe 24 EQ A filtre      3245 / 4095
[  11.57s] axe 24 EQ A filtre      3234 / 4095
[  11.57s] axe 24 EQ A filtre      3221 / 4095
[  11.57s] axe 24 EQ A filtre      3210 / 4095
[  11.58s] axe 24 EQ A filtre      3199 / 4095
[  11.58s] axe 24 EQ A filtre      3179 / 4095
[  11.58s] axe 24 EQ A filtre      3168 / 4095
[  11.59s] axe 24 EQ A filtre      3147 / 4095
[  11.59s] axe 24 EQ A filtre      3128 / 4095
[  11.59s] axe 24 EQ A filtre      3116 / 4095
[  11.60s] axe 24 EQ A filtre      3105 / 4095
[  11.60s] axe 24 EQ A filtre      3085 / 4095
[  11.60s] axe 24 EQ A filtre      3064 / 4095
[  11.61s] axe 24 EQ A filtre      3044 / 4095
[  11.61s] axe 24 EQ A filtre      3027 / 4095
[  11.62s] axe 24 EQ A filtre      3012 / 4095
[  11.62s] axe 24 EQ A filtre      2995 / 4095
[  11.63s] axe 24 EQ A filtre      2979 / 4095
[  11.63s] axe 24 EQ A filtre      2964 / 4095
[  11.63s] axe 24 EQ A filtre      2947 / 4095
[  11.64s] axe 24 EQ A filtre      2933 / 4095
[  11.64s] axe 24 EQ A filtre      2920 / 4095
[  11.65s] axe 24 EQ A filtre      2907 / 4095
[  11.65s] axe 24 EQ A filtre      2894 / 4095
[  11.66s] axe 24 EQ A filtre      2879 / 4095
[  11.66s] axe 24 EQ A filtre      2864 / 4095
[  11.66s] axe 24 EQ A filtre      2851 / 4095
[  11.67s] axe 24 EQ A filtre      2838 / 4095
[  11.67s] axe 24 EQ A filtre      2823 / 4095
[  11.68s] axe 24 EQ A filtre      2811 / 4095
[  11.68s] axe 24 EQ A filtre      2799 / 4095
[  11.69s] axe 24 EQ A filtre      2787 / 4095
[  11.69s] axe 24 EQ A filtre      2773 / 4095
[  11.70s] axe 24 EQ A filtre      2756 / 4095
[  11.70s] axe 24 EQ A filtre      2737 / 4095
[  11.70s] axe 24 EQ A filtre      2720 / 4095
[  11.71s] axe 24 EQ A filtre      2707 / 4095
[  11.71s] axe 24 EQ A filtre      2695 / 4095
[  11.72s] axe 24 EQ A filtre      2682 / 4095
[  11.72s] axe 24 EQ A filtre      2669 / 4095
[  11.73s] axe 24 EQ A filtre      2657 / 4095
[  11.73s] axe 24 EQ A filtre      2643 / 4095
[  11.74s] axe 24 EQ A filtre      2627 / 4095
[  11.74s] axe 24 EQ A filtre      2616 / 4095
[  11.75s] axe 24 EQ A filtre      2603 / 4095
[  11.75s] axe 24 EQ A filtre      2591 / 4095
[  11.76s] axe 24 EQ A filtre      2578 / 4095
[  11.76s] axe 24 EQ A filtre      2566 / 4095
[  11.77s] axe 24 EQ A filtre      2553 / 4095
[  11.77s] axe 24 EQ A filtre      2541 / 4095
[  11.77s] axe 24 EQ A filtre      2529 / 4095
[  11.78s] axe 24 EQ A filtre      2517 / 4095
[  11.78s] axe 24 EQ A filtre      2502 / 4095
[  11.79s] axe 24 EQ A filtre      2489 / 4095
[  11.80s] axe 24 EQ A filtre      2475 / 4095
[  11.80s] axe 24 EQ A filtre      2463 / 4095
[  11.81s] axe 24 EQ A filtre      2450 / 4095
[  11.81s] axe 24 EQ A filtre      2439 / 4095
[  11.82s] axe 24 EQ A filtre      2425 / 4095
[  11.82s] axe 24 EQ A filtre      2411 / 4095
[  11.83s] axe 24 EQ A filtre      2396 / 4095
[  11.84s] axe 24 EQ A filtre      2382 / 4095
[  11.84s] axe 24 EQ A filtre      2369 / 4095
[  11.85s] axe 24 EQ A filtre      2356 / 4095
[  11.86s] axe 24 EQ A filtre      2342 / 4095
[  11.87s] axe 24 EQ A filtre      2326 / 4095
[  11.87s] axe 24 EQ A filtre      2311 / 4095
[  11.88s] axe 24 EQ A filtre      2298 / 4095
[  11.89s] axe 24 EQ A filtre      2285 / 4095
[  11.89s] axe 24 EQ A filtre      2270 / 4095
[  11.90s] axe 24 EQ A filtre      2255 / 4095
[  11.91s] axe 24 EQ A filtre      2240 / 4095
[  11.91s] axe 24 EQ A filtre      2228 / 4095
[  11.92s] axe 24 EQ A filtre      2214 / 4095
[  11.93s] axe 24 EQ A filtre      2202 / 4095
[  11.94s] axe 24 EQ A filtre      2188 / 4095
[  11.94s] axe 24 EQ A filtre      2177 / 4095
[  11.96s] axe 24 EQ A filtre      2165 / 4095
[  11.98s] axe 24 EQ A filtre      2154 / 4095
[  11.99s] axe 24 EQ A filtre      2143 / 4095
[  12.00s] axe 24 EQ A filtre      2131 / 4095
[  12.01s] axe 24 EQ A filtre      2118 / 4095
[  12.02s] axe 24 EQ A filtre      2107 / 4095
[  12.02s] axe 24 EQ A filtre      2093 / 4095
[  12.02s] axe 24 EQ A filtre      2075 / 4095
[  12.03s] axe 24 EQ A filtre      2064 / 4095
[  12.30s] … 3294 blocs recus depuis 3 s, aucun changement (total 6632)
[  12.80s] axe 20 EQ B filtre      2038 / 4095
[  12.82s] axe 20 EQ B filtre      2027 / 4095
[  12.83s] axe 20 EQ B filtre      2013 / 4095
[  12.84s] axe 20 EQ B filtre      2001 / 4095
[  12.84s] axe 20 EQ B filtre      1985 / 4095
[  12.85s] axe 20 EQ B filtre      1970 / 4095
[  12.85s] axe 20 EQ B filtre      1953 / 4095
[  12.86s] axe 20 EQ B filtre      1938 / 4095
[  12.86s] axe 20 EQ B filtre      1918 / 4095
[  12.86s] axe 20 EQ B filtre      1907 / 4095
[  12.86s] axe 20 EQ B filtre      1896 / 4095
[  12.87s] axe 20 EQ B filtre      1885 / 4095
[  12.87s] axe 20 EQ B filtre      1872 / 4095
[  12.87s] axe 20 EQ B filtre      1857 / 4095
[  12.87s] axe 20 EQ B filtre      1842 / 4095
[  12.88s] axe 20 EQ B filtre      1826 / 4095
[  12.88s] axe 20 EQ B filtre      1807 / 4095
[  12.88s] axe 20 EQ B filtre      1786 / 4095
[  12.88s] axe 20 EQ B filtre      1763 / 4095
[  12.88s] axe 20 EQ B filtre      1742 / 4095
[  12.89s] axe 20 EQ B filtre      1720 / 4095
[  12.89s] axe 20 EQ B filtre      1697 / 4095
[  12.89s] axe 20 EQ B filtre      1676 / 4095
[  12.89s] axe 20 EQ B filtre      1654 / 4095
[  12.89s] axe 20 EQ B filtre      1635 / 4095
[  12.90s] axe 20 EQ B filtre      1615 / 4095
[  12.90s] axe 20 EQ B filtre      1591 / 4095
[  12.90s] axe 20 EQ B filtre      1568 / 4095
[  12.90s] axe 20 EQ B filtre      1546 / 4095
[  12.91s] axe 20 EQ B filtre      1523 / 4095
[  12.91s] axe 20 EQ B filtre      1503 / 4095
[  12.91s] axe 20 EQ B filtre      1484 / 4095
[  12.91s] axe 20 EQ B filtre      1462 / 4095
[  12.91s] axe 20 EQ B filtre      1441 / 4095
[  12.92s] axe 20 EQ B filtre      1425 / 4095
[  12.92s] axe 20 EQ B filtre      1408 / 4095
[  12.92s] axe 20 EQ B filtre      1392 / 4095
[  12.92s] axe 20 EQ B filtre      1376 / 4095
[  12.93s] axe 20 EQ B filtre      1359 / 4095
[  12.93s] axe 20 EQ B filtre      1343 / 4095
[  12.93s] axe 20 EQ B filtre      1329 / 4095
[  12.93s] axe 20 EQ B filtre      1318 / 4095
[  12.93s] axe 20 EQ B filtre      1303 / 4095
[  12.94s] axe 20 EQ B filtre      1288 / 4095
[  12.94s] axe 20 EQ B filtre      1274 / 4095
[  12.94s] axe 20 EQ B filtre      1262 / 4095
[  12.95s] axe 20 EQ B filtre      1236 / 4095
[  12.95s] axe 20 EQ B filtre      1224 / 4095
[  12.95s] axe 20 EQ B filtre      1212 / 4095
[  12.95s] axe 20 EQ B filtre      1200 / 4095
[  12.95s] axe 20 EQ B filtre      1188 / 4095
[  12.96s] axe 20 EQ B filtre      1170 / 4095
[  12.96s] axe 20 EQ B filtre      1158 / 4095
[  12.96s] axe 20 EQ B filtre      1147 / 4095
[  12.97s] axe 20 EQ B filtre      1136 / 4095
[  12.97s] axe 20 EQ B filtre      1125 / 4095
[  12.97s] axe 20 EQ B filtre      1104 / 4095
[  12.97s] axe 20 EQ B filtre      1092 / 4095
[  12.98s] axe 20 EQ B filtre      1080 / 4095
[  12.98s] axe 20 EQ B filtre      1068 / 4095
[  12.98s] axe 20 EQ B filtre      1048 / 4095
[  12.98s] axe 20 EQ B filtre      1037 / 4095
[  12.99s] axe 20 EQ B filtre      1024 / 4095
[  12.99s] axe 20 EQ B filtre      1011 / 4095
[  12.99s] axe 20 EQ B filtre       999 / 4095
[  12.99s] axe 20 EQ B filtre       986 / 4095
[  13.00s] axe 20 EQ B filtre       973 / 4095
[  13.00s] axe 20 EQ B filtre       961 / 4095
[  13.00s] axe 20 EQ B filtre       948 / 4095
[  13.00s] axe 20 EQ B filtre       934 / 4095
[  13.00s] axe 20 EQ B filtre       920 / 4095
[  13.01s] axe 20 EQ B filtre       906 / 4095
[  13.01s] axe 20 EQ B filtre       893 / 4095
[  13.01s] axe 20 EQ B filtre       882 / 4095
[  13.01s] axe 20 EQ B filtre       871 / 4095
[  13.02s] axe 20 EQ B filtre       858 / 4095
[  13.02s] axe 20 EQ B filtre       845 / 4095
[  13.02s] axe 20 EQ B filtre       831 / 4095
[  13.02s] axe 20 EQ B filtre       819 / 4095
[  13.03s] axe 20 EQ B filtre       800 / 4095
[  13.03s] axe 20 EQ B filtre       782 / 4095
[  13.03s] axe 20 EQ B filtre       771 / 4095
[  13.04s] axe 20 EQ B filtre       759 / 4095
[  13.04s] axe 20 EQ B filtre       747 / 4095
[  13.04s] axe 20 EQ B filtre       729 / 4095
[  13.05s] axe 20 EQ B filtre       708 / 4095
[  13.05s] axe 20 EQ B filtre       697 / 4095
[  13.05s] axe 20 EQ B filtre       686 / 4095
[  13.05s] axe 20 EQ B filtre       673 / 4095
[  13.05s] axe 20 EQ B filtre       662 / 4095
[  13.06s] axe 20 EQ B filtre       643 / 4095
[  13.06s] axe 20 EQ B filtre       631 / 4095
[  13.06s] axe 20 EQ B filtre       620 / 4095
[  13.07s] axe 20 EQ B filtre       609 / 4095
[  13.07s] axe 20 EQ B filtre       598 / 4095
[  13.07s] axe 20 EQ B filtre       586 / 4095
[  13.07s] axe 20 EQ B filtre       565 / 4095
[  13.08s] axe 20 EQ B filtre       545 / 4095
[  13.08s] axe 20 EQ B filtre       534 / 4095
[  13.08s] axe 20 EQ B filtre       514 / 4095
[  13.09s] axe 20 EQ B filtre       502 / 4095
[  13.09s] axe 20 EQ B filtre       490 / 4095
[  13.09s] axe 20 EQ B filtre       479 / 4095
[  13.09s] axe 20 EQ B filtre       466 / 4095
[  13.10s] axe 20 EQ B filtre       455 / 4095
[  13.10s] axe 20 EQ B filtre       442 / 4095
[  13.11s] axe 20 EQ B filtre       429 / 4095
[  13.11s] axe 20 EQ B filtre       417 / 4095
[  13.11s] axe 20 EQ B filtre       390 / 4095
[  13.11s] axe 20 EQ B filtre       365 / 4095
[  13.11s] axe 20 EQ B filtre       351 / 4095
[  13.12s] axe 20 EQ B filtre       338 / 4095
[  13.12s] axe 20 EQ B filtre       326 / 4095
[  13.12s] axe 20 EQ B filtre       315 / 4095
[  13.12s] axe 20 EQ B filtre       302 / 4095
[  13.12s] axe 20 EQ B filtre       288 / 4095
[  13.13s] axe 20 EQ B filtre       277 / 4095
[  13.13s] axe 20 EQ B filtre       254 / 4095
[  13.13s] axe 20 EQ B filtre       240 / 4095
[  13.14s] axe 20 EQ B filtre       228 / 4095
[  13.14s] axe 20 EQ B filtre       208 / 4095
[  13.14s] axe 20 EQ B filtre       196 / 4095
[  13.14s] axe 20 EQ B filtre       184 / 4095
[  13.15s] axe 20 EQ B filtre       166 / 4095
[  13.15s] axe 20 EQ B filtre       154 / 4095
[  13.15s] axe 20 EQ B filtre       142 / 4095
[  13.15s] axe 20 EQ B filtre       131 / 4095
[  13.16s] axe 20 EQ B filtre       120 / 4095
[  13.16s] axe 20 EQ B filtre       101 / 4095
[  13.17s] axe 20 EQ B filtre        83 / 4095
[  13.17s] axe 20 EQ B filtre        71 / 4095
[  13.17s] axe 20 EQ B filtre        59 / 4095
[  13.17s] axe 20 EQ B filtre        46 / 4095
[  13.18s] axe 20 EQ B filtre        27 / 4095
[  13.18s] axe 20 EQ B filtre        15 / 4095
[  13.20s] axe 20 EQ B filtre         4 / 4095
[  13.66s] axe 20 EQ B filtre        17 / 4095
[  13.66s] axe 20 EQ B filtre        37 / 4095
[  13.66s] axe 20 EQ B filtre        52 / 4095
[  13.67s] axe 20 EQ B filtre        67 / 4095
[  13.67s] axe 20 EQ B filtre        80 / 4095
[  13.67s] axe 20 EQ B filtre        93 / 4095
[  13.67s] axe 20 EQ B filtre       105 / 4095
[  13.67s] axe 20 EQ B filtre       118 / 4095
[  13.68s] axe 20 EQ B filtre       132 / 4095
[  13.68s] axe 20 EQ B filtre       149 / 4095
[  13.68s] axe 20 EQ B filtre       161 / 4095
[  13.68s] axe 20 EQ B filtre       173 / 4095
[  13.69s] axe 20 EQ B filtre       188 / 4095
[  13.69s] axe 20 EQ B filtre       201 / 4095
[  13.69s] axe 20 EQ B filtre       212 / 4095
[  13.69s] axe 20 EQ B filtre       225 / 4095
[  13.69s] axe 20 EQ B filtre       238 / 4095
[  13.70s] axe 20 EQ B filtre       252 / 4095
[  13.70s] axe 20 EQ B filtre       263 / 4095
[  13.70s] axe 20 EQ B filtre       275 / 4095
[  13.70s] axe 20 EQ B filtre       288 / 4095
[  13.71s] axe 20 EQ B filtre       300 / 4095
[  13.71s] axe 20 EQ B filtre       321 / 4095
[  13.71s] axe 20 EQ B filtre       333 / 4095
[  13.71s] axe 20 EQ B filtre       346 / 4095
[  13.72s] axe 20 EQ B filtre       357 / 4095
[  13.72s] axe 20 EQ B filtre       368 / 4095
[  13.72s] axe 20 EQ B filtre       380 / 4095
[  13.72s] axe 20 EQ B filtre       392 / 4095
[  13.72s] axe 20 EQ B filtre       403 / 4095
[  13.73s] axe 20 EQ B filtre       414 / 4095
[  13.73s] axe 20 EQ B filtre       427 / 4095
[  13.73s] axe 20 EQ B filtre       439 / 4095
[  13.73s] axe 20 EQ B filtre       450 / 4095
[  13.74s] axe 20 EQ B filtre       470 / 4095
[  13.74s] axe 20 EQ B filtre       482 / 4095
[  13.74s] axe 20 EQ B filtre       493 / 4095
[  13.75s] axe 20 EQ B filtre       514 / 4095
[  13.75s] axe 20 EQ B filtre       535 / 4095
[  13.76s] axe 20 EQ B filtre       553 / 4095
[  13.76s] axe 20 EQ B filtre       574 / 4095
[  13.76s] axe 20 EQ B filtre       594 / 4095
[  13.77s] axe 20 EQ B filtre       615 / 4095
[  13.77s] axe 20 EQ B filtre       626 / 4095
[  13.77s] axe 20 EQ B filtre       643 / 4095
[  13.78s] axe 20 EQ B filtre       663 / 4095
[  13.78s] axe 20 EQ B filtre       685 / 4095
[  13.79s] axe 20 EQ B filtre       696 / 4095
[  13.79s] axe 20 EQ B filtre       715 / 4095
[  13.79s] axe 20 EQ B filtre       731 / 4095
[  13.80s] axe 20 EQ B filtre       752 / 4095
[  13.80s] axe 20 EQ B filtre       771 / 4095
[  13.81s] axe 20 EQ B filtre       786 / 4095
[  13.81s] axe 20 EQ B filtre       801 / 4095
[  13.82s] axe 20 EQ B filtre       817 / 4095
[  13.82s] axe 20 EQ B filtre       832 / 4095
[  13.82s] axe 20 EQ B filtre       850 / 4095
[  13.83s] axe 20 EQ B filtre       867 / 4095
[  13.83s] axe 20 EQ B filtre       880 / 4095
[  13.84s] axe 20 EQ B filtre       895 / 4095
[  13.84s] axe 20 EQ B filtre       912 / 4095
[  13.85s] axe 20 EQ B filtre       928 / 4095
[  13.85s] axe 20 EQ B filtre       939 / 4095
[  13.86s] axe 20 EQ B filtre       952 / 4095
[  13.86s] axe 20 EQ B filtre       967 / 4095
[  13.86s] axe 20 EQ B filtre       983 / 4095
[  13.87s] axe 20 EQ B filtre       996 / 4095
[  13.87s] axe 20 EQ B filtre      1010 / 4095
[  13.88s] axe 20 EQ B filtre      1027 / 4095
[  13.88s] axe 20 EQ B filtre      1039 / 4095
[  13.89s] axe 20 EQ B filtre      1051 / 4095
[  13.89s] axe 20 EQ B filtre      1064 / 4095
[  13.89s] axe 20 EQ B filtre      1081 / 4095
[  13.90s] axe 20 EQ B filtre      1095 / 4095
[  13.90s] axe 20 EQ B filtre      1109 / 4095
[  13.91s] axe 20 EQ B filtre      1122 / 4095
[  13.91s] axe 20 EQ B filtre      1137 / 4095
[  13.92s] axe 20 EQ B filtre      1151 / 4095
[  13.92s] axe 20 EQ B filtre      1163 / 4095
[  13.92s] axe 20 EQ B filtre      1177 / 4095
[  13.93s] axe 20 EQ B filtre      1192 / 4095
[  13.93s] axe 20 EQ B filtre      1208 / 4095
[  13.94s] axe 20 EQ B filtre      1226 / 4095
[  13.94s] axe 20 EQ B filtre      1241 / 4095
[  13.95s] axe 20 EQ B filtre      1255 / 4095
[  13.95s] axe 20 EQ B filtre      1270 / 4095
[  13.96s] axe 20 EQ B filtre      1286 / 4095
[  13.96s] axe 20 EQ B filtre      1300 / 4095
[  13.96s] axe 20 EQ B filtre      1312 / 4095
[  13.97s] axe 20 EQ B filtre      1327 / 4095
[  13.97s] axe 20 EQ B filtre      1343 / 4095
[  13.98s] axe 20 EQ B filtre      1357 / 4095
[  13.98s] axe 20 EQ B filtre      1370 / 4095
[  13.99s] axe 20 EQ B filtre      1382 / 4095
[  13.99s] axe 20 EQ B filtre      1393 / 4095
[  14.00s] axe 20 EQ B filtre      1407 / 4095
[  14.00s] axe 20 EQ B filtre      1419 / 4095
[  14.01s] axe 20 EQ B filtre      1436 / 4095
[  14.01s] axe 20 EQ B filtre      1451 / 4095
[  14.01s] axe 20 EQ B filtre      1463 / 4095
[  14.02s] axe 20 EQ B filtre      1474 / 4095
[  14.02s] axe 20 EQ B filtre      1489 / 4095
[  14.03s] axe 20 EQ B filtre      1500 / 4095
[  14.03s] axe 20 EQ B filtre      1512 / 4095
[  14.04s] axe 20 EQ B filtre      1526 / 4095
[  14.04s] axe 20 EQ B filtre      1541 / 4095
[  14.05s] axe 20 EQ B filtre      1557 / 4095
[  14.05s] axe 20 EQ B filtre      1576 / 4095
[  14.06s] axe 20 EQ B filtre      1591 / 4095
[  14.06s] axe 20 EQ B filtre      1604 / 4095
[  14.06s] axe 20 EQ B filtre      1616 / 4095
[  14.07s] axe 20 EQ B filtre      1631 / 4095
[  14.07s] axe 20 EQ B filtre      1644 / 4095
[  14.09s] axe 20 EQ B filtre      1656 / 4095
[  14.09s] axe 20 EQ B filtre      1667 / 4095
[  14.09s] axe 20 EQ B filtre      1697 / 4095
[  14.11s] axe 20 EQ B filtre      1710 / 4095
[  14.11s] axe 20 EQ B filtre      1723 / 4095
[  14.11s] axe 20 EQ B filtre      1735 / 4095
[  14.12s] axe 20 EQ B filtre      1747 / 4095
[  14.12s] axe 20 EQ B filtre      1758 / 4095
[  14.12s] axe 20 EQ B filtre      1769 / 4095
[  14.13s] axe 20 EQ B filtre      1781 / 4095
[  14.13s] axe 20 EQ B filtre      1795 / 4095
[  14.14s] axe 20 EQ B filtre      1807 / 4095
[  14.14s] axe 20 EQ B filtre      1818 / 4095
[  14.15s] axe 20 EQ B filtre      1830 / 4095
[  14.15s] axe 20 EQ B filtre      1843 / 4095
[  14.15s] axe 20 EQ B filtre      1857 / 4095
[  14.16s] axe 20 EQ B filtre      1872 / 4095
[  14.16s] axe 20 EQ B filtre      1887 / 4095
[  14.17s] axe 20 EQ B filtre      1902 / 4095
[  14.17s] axe 20 EQ B filtre      1918 / 4095
[  14.18s] axe 20 EQ B filtre      1932 / 4095
[  14.18s] axe 20 EQ B filtre      1947 / 4095
[  14.18s] axe 20 EQ B filtre      1961 / 4095
[  14.19s] axe 20 EQ B filtre      1979 / 4095
[  14.19s] axe 20 EQ B filtre      2000 / 4095
[  14.20s] axe 20 EQ B filtre      2013 / 4095
[  14.20s] axe 20 EQ B filtre      2030 / 4095
[  14.21s] axe 20 EQ B filtre      2041 / 4095
[  14.25s] axe 20 EQ B filtre      2052 / 4095
[  14.27s] axe 20 EQ B filtre      2064 / 4095
[  14.28s] axe 20 EQ B filtre      2076 / 4095
[  14.30s] axe 20 EQ B filtre      2088 / 4095
[  14.31s] axe 20 EQ B filtre      2102 / 4095
[  14.31s] axe 20 EQ B filtre      2117 / 4095
[  14.32s] axe 20 EQ B filtre      2128 / 4095
[  14.32s] axe 20 EQ B filtre      2140 / 4095
[  14.33s] axe 20 EQ B filtre      2154 / 4095
[  14.33s] axe 20 EQ B filtre      2165 / 4095
[  14.33s] axe 20 EQ B filtre      2176 / 4095
[  14.34s] axe 20 EQ B filtre      2191 / 4095
[  14.34s] axe 20 EQ B filtre      2211 / 4095
[  14.35s] axe 20 EQ B filtre      2222 / 4095
[  14.35s] axe 20 EQ B filtre      2233 / 4095
[  14.35s] axe 20 EQ B filtre      2244 / 4095
[  14.35s] axe 20 EQ B filtre      2262 / 4095
[  14.36s] axe 20 EQ B filtre      2280 / 4095
[  14.36s] axe 20 EQ B filtre      2298 / 4095
[  14.37s] axe 20 EQ B filtre      2315 / 4095
[  14.37s] axe 20 EQ B filtre      2333 / 4095
[  14.38s] axe 20 EQ B filtre      2352 / 4095
[  14.38s] axe 20 EQ B filtre      2372 / 4095
[  14.38s] axe 20 EQ B filtre      2383 / 4095
[  14.39s] axe 20 EQ B filtre      2394 / 4095
[  14.39s] axe 20 EQ B filtre      2408 / 4095
[  14.39s] axe 20 EQ B filtre      2423 / 4095
[  14.39s] axe 20 EQ B filtre      2438 / 4095
[  14.39s] axe 20 EQ B filtre      2457 / 4095
[  14.40s] axe 20 EQ B filtre      2473 / 4095
[  14.40s] axe 20 EQ B filtre      2488 / 4095
[  14.40s] axe 20 EQ B filtre      2503 / 4095
[  14.40s] axe 20 EQ B filtre      2519 / 4095
[  14.41s] axe 20 EQ B filtre      2535 / 4095
[  14.41s] axe 20 EQ B filtre      2548 / 4095
[  14.41s] axe 20 EQ B filtre      2561 / 4095
[  14.41s] axe 20 EQ B filtre      2575 / 4095
[  14.41s] axe 20 EQ B filtre      2591 / 4095
[  14.42s] axe 20 EQ B filtre      2606 / 4095
[  14.42s] axe 20 EQ B filtre      2619 / 4095
[  14.42s] axe 20 EQ B filtre      2631 / 4095
[  14.42s] axe 20 EQ B filtre      2643 / 4095
[  14.42s] axe 20 EQ B filtre      2654 / 4095
[  14.43s] axe 20 EQ B filtre      2665 / 4095
[  14.43s] axe 20 EQ B filtre      2676 / 4095
[  14.43s] axe 20 EQ B filtre      2687 / 4095
[  14.43s] axe 20 EQ B filtre      2698 / 4095
[  14.43s] axe 20 EQ B filtre      2709 / 4095
[  14.44s] axe 20 EQ B filtre      2729 / 4095
[  14.44s] axe 20 EQ B filtre      2750 / 4095
[  14.45s] axe 20 EQ B filtre      2761 / 4095
[  14.45s] axe 20 EQ B filtre      2772 / 4095
[  14.45s] axe 20 EQ B filtre      2783 / 4095
[  14.45s] axe 20 EQ B filtre      2802 / 4095
[  14.46s] axe 20 EQ B filtre      2821 / 4095
[  14.46s] axe 20 EQ B filtre      2840 / 4095
[  14.47s] axe 20 EQ B filtre      2859 / 4095
[  14.47s] axe 20 EQ B filtre      2881 / 4095
[  14.47s] axe 20 EQ B filtre      2893 / 4095
[  14.48s] axe 20 EQ B filtre      2904 / 4095
[  14.48s] axe 20 EQ B filtre      2915 / 4095
[  14.48s] axe 20 EQ B filtre      2926 / 4095
[  14.48s] axe 20 EQ B filtre      2938 / 4095
[  14.48s] axe 20 EQ B filtre      2949 / 4095
[  14.49s] axe 20 EQ B filtre      2968 / 4095
[  14.49s] axe 20 EQ B filtre      2990 / 4095
[  14.50s] axe 20 EQ B filtre      3002 / 4095
[  14.50s] axe 20 EQ B filtre      3016 / 4095
[  14.50s] axe 20 EQ B filtre      3029 / 4095
[  14.50s] axe 20 EQ B filtre      3040 / 4095
[  14.50s] axe 20 EQ B filtre      3052 / 4095
[  14.51s] axe 20 EQ B filtre      3064 / 4095
[  14.51s] axe 20 EQ B filtre      3077 / 4095
[  14.51s] axe 20 EQ B filtre      3089 / 4095
[  14.51s] axe 20 EQ B filtre      3100 / 4095
[  14.52s] axe 20 EQ B filtre      3111 / 4095
[  14.52s] axe 20 EQ B filtre      3122 / 4095
[  14.52s] axe 20 EQ B filtre      3133 / 4095
[  14.52s] axe 20 EQ B filtre      3145 / 4095
[  14.53s] axe 20 EQ B filtre      3170 / 4095
[  14.53s] axe 20 EQ B filtre      3181 / 4095
[  14.53s] axe 20 EQ B filtre      3193 / 4095
[  14.53s] axe 20 EQ B filtre      3205 / 4095
[  14.54s] axe 20 EQ B filtre      3217 / 4095
[  14.54s] axe 20 EQ B filtre      3228 / 4095
[  14.54s] axe 20 EQ B filtre      3239 / 4095
[  14.54s] axe 20 EQ B filtre      3251 / 4095
[  14.54s] axe 20 EQ B filtre      3263 / 4095
[  14.55s] axe 20 EQ B filtre      3274 / 4095
[  14.55s] axe 20 EQ B filtre      3286 / 4095
[  14.55s] axe 20 EQ B filtre      3299 / 4095
[  14.56s] axe 20 EQ B filtre      3312 / 4095
[  14.56s] axe 20 EQ B filtre      3323 / 4095
[  14.56s] axe 20 EQ B filtre      3344 / 4095
[  14.56s] axe 20 EQ B filtre      3365 / 4095
[  14.57s] axe 20 EQ B filtre      3386 / 4095
[  14.57s] axe 20 EQ B filtre      3397 / 4095
[  14.57s] axe 20 EQ B filtre      3409 / 4095
[  14.57s] axe 20 EQ B filtre      3420 / 4095
[  14.58s] axe 20 EQ B filtre      3439 / 4095
[  14.58s] axe 20 EQ B filtre      3458 / 4095
[  14.59s] axe 20 EQ B filtre      3476 / 4095
[  14.59s] axe 20 EQ B filtre      3495 / 4095
[  14.60s] axe 20 EQ B filtre      3515 / 4095
[  14.60s] axe 20 EQ B filtre      3532 / 4095
[  14.61s] axe 20 EQ B filtre      3552 / 4095
[  14.61s] axe 20 EQ B filtre      3563 / 4095
[  14.61s] axe 20 EQ B filtre      3574 / 4095
[  14.61s] axe 20 EQ B filtre      3586 / 4095
[  14.62s] axe 20 EQ B filtre      3605 / 4095
[  14.62s] axe 20 EQ B filtre      3625 / 4095
[  14.63s] axe 20 EQ B filtre      3644 / 4095
[  14.63s] axe 20 EQ B filtre      3663 / 4095
[  14.63s] axe 20 EQ B filtre      3679 / 4095
[  14.64s] axe 20 EQ B filtre      3697 / 4095
[  14.64s] axe 20 EQ B filtre      3708 / 4095
[  14.64s] axe 20 EQ B filtre      3721 / 4095
[  14.64s] axe 20 EQ B filtre      3732 / 4095
[  14.65s] axe 20 EQ B filtre      3747 / 4095
[  14.65s] axe 20 EQ B filtre      3764 / 4095
[  14.66s] axe 20 EQ B filtre      3782 / 4095
[  14.66s] axe 20 EQ B filtre      3801 / 4095
[  14.67s] axe 20 EQ B filtre      3816 / 4095
[  14.67s] axe 20 EQ B filtre      3835 / 4095
[  14.68s] axe 20 EQ B filtre      3854 / 4095
[  14.68s] axe 20 EQ B filtre      3866 / 4095
[  14.68s] axe 20 EQ B filtre      3886 / 4095
[  14.68s] axe 20 EQ B filtre      3898 / 4095
[  14.69s] axe 20 EQ B filtre      3909 / 4095
[  14.69s] axe 20 EQ B filtre      3927 / 4095
[  14.70s] axe 20 EQ B filtre      3943 / 4095
[  14.70s] axe 20 EQ B filtre      3962 / 4095
[  14.70s] axe 20 EQ B filtre      3983 / 4095
[  14.71s] axe 20 EQ B filtre      3995 / 4095
[  14.71s] axe 20 EQ B filtre      4006 / 4095
[  14.71s] axe 20 EQ B filtre      4017 / 4095
[  14.71s] axe 20 EQ B filtre      4031 / 4095
[  14.71s] axe 20 EQ B filtre      4043 / 4095
[  14.72s] axe 20 EQ B filtre      4062 / 4095
[  14.72s] axe 20 EQ B filtre      4081 / 4095
[  14.73s] axe 20 EQ B filtre      4095 / 4095
[  15.25s] axe 20 EQ B filtre      4072 / 4095
[  15.25s] axe 20 EQ B filtre      4055 / 4095
[  15.25s] axe 20 EQ B filtre      4035 / 4095
[  15.25s] axe 20 EQ B filtre      4014 / 4095
[  15.26s] axe 20 EQ B filtre      3995 / 4095
[  15.26s] axe 20 EQ B filtre      3977 / 4095
[  15.26s] axe 20 EQ B filtre      3961 / 4095
[  15.26s] axe 20 EQ B filtre      3945 / 4095
[  15.26s] axe 20 EQ B filtre      3930 / 4095
[  15.27s] axe 20 EQ B filtre      3915 / 4095
[  15.27s] axe 20 EQ B filtre      3900 / 4095
[  15.27s] axe 20 EQ B filtre      3880 / 4095
[  15.27s] axe 20 EQ B filtre      3861 / 4095
[  15.28s] axe 20 EQ B filtre      3843 / 4095
[  15.28s] axe 20 EQ B filtre      3829 / 4095
[  15.28s] axe 20 EQ B filtre      3815 / 4095
[  15.28s] axe 20 EQ B filtre      3799 / 4095
[  15.28s] axe 20 EQ B filtre      3784 / 4095
[  15.29s] axe 20 EQ B filtre      3769 / 4095
[  15.29s] axe 20 EQ B filtre      3757 / 4095
[  15.29s] axe 20 EQ B filtre      3745 / 4095
[  15.29s] axe 20 EQ B filtre      3729 / 4095
[  15.30s] axe 20 EQ B filtre      3711 / 4095
[  15.30s] axe 20 EQ B filtre      3696 / 4095
[  15.30s] axe 20 EQ B filtre      3683 / 4095
[  15.30s] axe 20 EQ B filtre      3668 / 4095
[  15.30s] axe 20 EQ B filtre      3654 / 4095
[  15.30s] … 2670 blocs recus depuis 3 s, aucun changement (total 9302)
[  15.31s] axe 20 EQ B filtre      3640 / 4095
[  15.31s] axe 20 EQ B filtre      3626 / 4095
[  15.31s] axe 20 EQ B filtre      3613 / 4095
[  15.31s] axe 20 EQ B filtre      3600 / 4095
[  15.32s] axe 20 EQ B filtre      3584 / 4095
[  15.32s] axe 20 EQ B filtre      3567 / 4095
[  15.32s] axe 20 EQ B filtre      3554 / 4095
[  15.32s] axe 20 EQ B filtre      3543 / 4095
[  15.32s] axe 20 EQ B filtre      3532 / 4095
[  15.33s] axe 20 EQ B filtre      3521 / 4095
[  15.33s] axe 20 EQ B filtre      3509 / 4095
[  15.33s] axe 20 EQ B filtre      3497 / 4095
[  15.33s] axe 20 EQ B filtre      3477 / 4095
[  15.34s] axe 20 EQ B filtre      3458 / 4095
[  15.34s] axe 20 EQ B filtre      3441 / 4095
[  15.35s] axe 20 EQ B filtre      3423 / 4095
[  15.35s] axe 20 EQ B filtre      3404 / 4095
[  15.36s] axe 20 EQ B filtre      3387 / 4095
[  15.36s] axe 20 EQ B filtre      3373 / 4095
[  15.37s] axe 20 EQ B filtre      3358 / 4095
[  15.37s] axe 20 EQ B filtre      3346 / 4095
[  15.37s] axe 20 EQ B filtre      3335 / 4095
[  15.38s] axe 20 EQ B filtre      3321 / 4095
[  15.38s] axe 20 EQ B filtre      3304 / 4095
[  15.39s] axe 20 EQ B filtre      3287 / 4095
[  15.39s] axe 20 EQ B filtre      3272 / 4095
[  15.40s] axe 20 EQ B filtre      3255 / 4095
[  15.40s] axe 20 EQ B filtre      3240 / 4095
[  15.40s] axe 20 EQ B filtre      3223 / 4095
[  15.41s] axe 20 EQ B filtre      3207 / 4095
[  15.41s] axe 20 EQ B filtre      3190 / 4095
[  15.42s] axe 20 EQ B filtre      3170 / 4095
[  15.43s] axe 20 EQ B filtre      3152 / 4095
[  15.43s] axe 20 EQ B filtre      3136 / 4095
[  15.43s] axe 20 EQ B filtre      3108 / 4095
[  15.44s] axe 20 EQ B filtre      3094 / 4095
[  15.44s] axe 20 EQ B filtre      3077 / 4095
[  15.45s] axe 20 EQ B filtre      3061 / 4095
[  15.45s] axe 20 EQ B filtre      3046 / 4095
[  15.46s] axe 20 EQ B filtre      3030 / 4095
[  15.46s] axe 20 EQ B filtre      3013 / 4095
[  15.46s] axe 20 EQ B filtre      2997 / 4095
[  15.47s] axe 20 EQ B filtre      2982 / 4095
[  15.47s] axe 20 EQ B filtre      2971 / 4095
[  15.48s] axe 20 EQ B filtre      2960 / 4095
[  15.48s] axe 20 EQ B filtre      2945 / 4095
[  15.49s] axe 20 EQ B filtre      2930 / 4095
[  15.49s] axe 20 EQ B filtre      2917 / 4095
[  15.49s] axe 20 EQ B filtre      2900 / 4095
[  15.50s] axe 20 EQ B filtre      2883 / 4095
[  15.50s] axe 20 EQ B filtre      2867 / 4095
[  15.51s] axe 20 EQ B filtre      2853 / 4095
[  15.51s] axe 20 EQ B filtre      2837 / 4095
[  15.52s] axe 20 EQ B filtre      2821 / 4095
[  15.52s] axe 20 EQ B filtre      2808 / 4095
[  15.53s] axe 20 EQ B filtre      2794 / 4095
[  15.53s] axe 20 EQ B filtre      2780 / 4095
[  15.53s] axe 20 EQ B filtre      2766 / 4095
[  15.54s] axe 20 EQ B filtre      2752 / 4095
[  15.54s] axe 20 EQ B filtre      2741 / 4095
[  15.55s] axe 20 EQ B filtre      2730 / 4095
[  15.55s] axe 20 EQ B filtre      2719 / 4095
[  15.56s] axe 20 EQ B filtre      2708 / 4095
[  15.56s] axe 20 EQ B filtre      2696 / 4095
[  15.56s] axe 20 EQ B filtre      2685 / 4095
[  15.57s] axe 20 EQ B filtre      2671 / 4095
[  15.58s] axe 20 EQ B filtre      2655 / 4095
[  15.58s] axe 20 EQ B filtre      2643 / 4095
[  15.59s] axe 20 EQ B filtre      2631 / 4095
[  15.59s] axe 20 EQ B filtre      2616 / 4095
[  15.59s] axe 20 EQ B filtre      2598 / 4095
[  15.60s] axe 20 EQ B filtre      2583 / 4095
[  15.60s] axe 20 EQ B filtre      2570 / 4095
[  15.61s] axe 20 EQ B filtre      2554 / 4095
[  15.61s] axe 20 EQ B filtre      2535 / 4095
[  15.62s] axe 20 EQ B filtre      2517 / 4095
[  15.62s] axe 20 EQ B filtre      2497 / 4095
[  15.63s] axe 20 EQ B filtre      2476 / 4095
[  15.63s] axe 20 EQ B filtre      2455 / 4095
[  15.63s] axe 20 EQ B filtre      2443 / 4095
[  15.63s] axe 20 EQ B filtre      2432 / 4095
[  15.64s] axe 20 EQ B filtre      2421 / 4095
[  15.64s] axe 20 EQ B filtre      2403 / 4095
[  15.64s] axe 20 EQ B filtre      2386 / 4095
[  15.65s] axe 20 EQ B filtre      2367 / 4095
[  15.66s] axe 20 EQ B filtre      2347 / 4095
[  15.66s] axe 20 EQ B filtre      2325 / 4095
[  15.66s] axe 20 EQ B filtre      2307 / 4095
[  15.67s] axe 20 EQ B filtre      2292 / 4095
[  15.68s] axe 20 EQ B filtre      2280 / 4095
[  15.70s] axe 20 EQ B filtre      2269 / 4095
[  15.70s] axe 20 EQ B filtre      2235 / 4095
[  15.70s] axe 20 EQ B filtre      2196 / 4095
[  15.70s] axe 34 FX1 2            3036 / 4095
[  15.71s] axe 20 EQ B filtre      2185 / 4095
[  15.71s] axe 20 EQ B filtre      2173 / 4095
[  15.71s] axe 20 EQ B filtre      2159 / 4095
[  15.72s] axe 20 EQ B filtre      2144 / 4095
[  15.72s] axe 20 EQ B filtre      2130 / 4095
[  15.73s] axe 20 EQ B filtre      2115 / 4095
[  15.73s] axe 20 EQ B filtre      2096 / 4095
[  15.73s] axe 20 EQ B filtre      2085 / 4095
[  15.74s] axe 20 EQ B filtre      2073 / 4095
[  15.75s] axe 20 EQ B filtre      2062 / 4095
[  16.57s] axe 12 EQ D filtre      2078 / 4095
[  16.59s] axe 12 EQ D filtre      2067 / 4095
[  16.60s] axe 12 EQ D filtre      2056 / 4095
[  16.61s] axe 12 EQ D filtre      2041 / 4095
[  16.61s] axe 12 EQ D filtre      2028 / 4095
[  16.62s] axe 12 EQ D filtre      2014 / 4095
[  16.62s] axe 12 EQ D filtre      2003 / 4095
[  16.62s] axe 12 EQ D filtre      1992 / 4095
[  16.63s] axe 12 EQ D filtre      1972 / 4095
[  16.63s] axe 12 EQ D filtre      1961 / 4095
[  16.63s] axe 12 EQ D filtre      1950 / 4095
[  16.63s] axe 12 EQ D filtre      1939 / 4095
[  16.63s] axe 12 EQ D filtre      1928 / 4095
[  16.64s] axe 12 EQ D filtre      1917 / 4095
[  16.64s] axe 12 EQ D filtre      1905 / 4095
[  16.64s] axe 12 EQ D filtre      1893 / 4095
[  16.64s] axe 12 EQ D filtre      1879 / 4095
[  16.65s] axe 12 EQ D filtre      1865 / 4095
[  16.65s] axe 12 EQ D filtre      1852 / 4095
[  16.65s] axe 12 EQ D filtre      1837 / 4095
[  16.65s] axe 12 EQ D filtre      1824 / 4095
[  16.65s] axe 12 EQ D filtre      1812 / 4095
[  16.66s] axe 12 EQ D filtre      1799 / 4095
[  16.66s] axe 12 EQ D filtre      1786 / 4095
[  16.66s] axe 12 EQ D filtre      1773 / 4095
[  16.66s] axe 12 EQ D filtre      1760 / 4095
[  16.67s] axe 12 EQ D filtre      1747 / 4095
[  16.67s] axe 12 EQ D filtre      1735 / 4095
[  16.67s] axe 12 EQ D filtre      1722 / 4095
[  16.67s] axe 12 EQ D filtre      1709 / 4095
[  16.67s] axe 12 EQ D filtre      1695 / 4095
[  16.68s] axe 12 EQ D filtre      1683 / 4095
[  16.68s] axe 12 EQ D filtre      1671 / 4095
[  16.68s] axe 12 EQ D filtre      1660 / 4095
[  16.68s] axe 12 EQ D filtre      1648 / 4095
[  16.68s] axe 12 EQ D filtre      1637 / 4095
[  16.69s] axe 12 EQ D filtre      1626 / 4095
[  16.69s] axe 12 EQ D filtre      1613 / 4095
[  16.69s] axe 12 EQ D filtre      1601 / 4095
[  16.69s] axe 12 EQ D filtre      1589 / 4095
[  16.70s] axe 12 EQ D filtre      1577 / 4095
[  16.70s] axe 12 EQ D filtre      1555 / 4095
[  16.70s] axe 12 EQ D filtre      1543 / 4095
[  16.71s] axe 12 EQ D filtre      1531 / 4095
[  16.71s] axe 12 EQ D filtre      1520 / 4095
[  16.71s] axe 12 EQ D filtre      1508 / 4095
[  16.72s] axe 12 EQ D filtre      1496 / 4095
[  16.72s] axe 12 EQ D filtre      1485 / 4095
[  16.72s] axe 12 EQ D filtre      1461 / 4095
[  16.72s] axe 12 EQ D filtre      1448 / 4095
[  16.72s] axe 12 EQ D filtre      1436 / 4095
[  16.73s] axe 12 EQ D filtre      1423 / 4095
[  16.73s] axe 12 EQ D filtre      1411 / 4095
[  16.73s] axe 12 EQ D filtre      1399 / 4095
[  16.73s] axe 12 EQ D filtre      1386 / 4095
[  16.73s] axe 12 EQ D filtre      1373 / 4095
[  16.74s] axe 12 EQ D filtre      1360 / 4095
[  16.74s] axe 12 EQ D filtre      1349 / 4095
[  16.74s] axe 12 EQ D filtre      1338 / 4095
[  16.74s] axe 12 EQ D filtre      1327 / 4095
[  16.75s] axe 12 EQ D filtre      1314 / 4095
[  16.75s] axe 12 EQ D filtre      1303 / 4095
[  16.75s] axe 12 EQ D filtre      1283 / 4095
[  16.75s] axe 12 EQ D filtre      1271 / 4095
[  16.76s] axe 12 EQ D filtre      1259 / 4095
[  16.76s] axe 12 EQ D filtre      1248 / 4095
[  16.76s] axe 12 EQ D filtre      1237 / 4095
[  16.76s] axe 12 EQ D filtre      1225 / 4095
[  16.76s] axe 12 EQ D filtre      1214 / 4095
[  16.77s] axe 12 EQ D filtre      1203 / 4095
[  16.77s] axe 12 EQ D filtre      1192 / 4095
[  16.77s] axe 12 EQ D filtre      1181 / 4095
[  16.77s] axe 12 EQ D filtre      1169 / 4095
[  16.77s] axe 12 EQ D filtre      1157 / 4095
[  16.78s] axe 12 EQ D filtre      1146 / 4095
[  16.78s] axe 12 EQ D filtre      1134 / 4095
[  16.78s] axe 12 EQ D filtre      1123 / 4095
[  16.79s] axe 12 EQ D filtre      1101 / 4095
[  16.79s] axe 12 EQ D filtre      1081 / 4095
[  16.79s] axe 12 EQ D filtre      1068 / 4095
[  16.79s] axe 12 EQ D filtre      1056 / 4095
[  16.80s] axe 12 EQ D filtre      1044 / 4095
[  16.80s] axe 12 EQ D filtre      1033 / 4095
[  16.80s] axe 12 EQ D filtre      1021 / 4095
[  16.80s] axe 12 EQ D filtre      1009 / 4095
[  16.81s] axe 12 EQ D filtre       997 / 4095
[  16.81s] axe 12 EQ D filtre       978 / 4095
[  16.82s] axe 12 EQ D filtre       958 / 4095
[  16.82s] axe 12 EQ D filtre       946 / 4095
[  16.82s] axe 12 EQ D filtre       934 / 4095
[  16.82s] axe 12 EQ D filtre       923 / 4095
[  16.82s] axe 12 EQ D filtre       911 / 4095
[  16.83s] axe 12 EQ D filtre       898 / 4095
[  16.83s] axe 12 EQ D filtre       887 / 4095
[  16.83s] axe 12 EQ D filtre       876 / 4095
[  16.83s] axe 12 EQ D filtre       855 / 4095
[  16.84s] axe 12 EQ D filtre       844 / 4095
[  16.84s] axe 12 EQ D filtre       832 / 4095
[  16.84s] axe 12 EQ D filtre       811 / 4095
[  16.84s] axe 12 EQ D filtre       798 / 4095
[  16.85s] axe 12 EQ D filtre       786 / 4095
[  16.85s] axe 12 EQ D filtre       775 / 4095
[  16.85s] axe 12 EQ D filtre       764 / 4095
[  16.85s] axe 12 EQ D filtre       753 / 4095
[  16.86s] axe 12 EQ D filtre       742 / 4095
[  16.86s] axe 12 EQ D filtre       730 / 4095
[  16.86s] axe 12 EQ D filtre       717 / 4095
[  16.86s] axe 12 EQ D filtre       705 / 4095
[  16.86s] axe 12 EQ D filtre       693 / 4095
[  16.87s] axe 12 EQ D filtre       671 / 4095
[  16.87s] axe 12 EQ D filtre       658 / 4095
[  16.88s] axe 12 EQ D filtre       638 / 4095
[  16.88s] axe 12 EQ D filtre       627 / 4095
[  16.88s] axe 12 EQ D filtre       614 / 4095
[  16.88s] axe 12 EQ D filtre       603 / 4095
[  16.89s] axe 12 EQ D filtre       581 / 4095
[  16.89s] axe 12 EQ D filtre       570 / 4095
[  16.89s] axe 12 EQ D filtre       559 / 4095
[  16.89s] axe 12 EQ D filtre       548 / 4095
[  16.89s] axe 12 EQ D filtre       536 / 4095
[  16.90s] axe 12 EQ D filtre       525 / 4095
[  16.90s] axe 12 EQ D filtre       502 / 4095
[  16.90s] axe 12 EQ D filtre       490 / 4095
[  16.91s] axe 12 EQ D filtre       479 / 4095
[  16.91s] axe 12 EQ D filtre       468 / 4095
[  16.91s] axe 12 EQ D filtre       456 / 4095
[  16.91s] axe 12 EQ D filtre       445 / 4095
[  16.92s] axe 12 EQ D filtre       421 / 4095
[  16.92s] axe 12 EQ D filtre       409 / 4095
[  16.92s] axe 12 EQ D filtre       397 / 4095
[  16.92s] axe 12 EQ D filtre       386 / 4095
[  16.93s] axe 12 EQ D filtre       366 / 4095
[  16.93s] axe 12 EQ D filtre       355 / 4095
[  16.93s] axe 12 EQ D filtre       335 / 4095
[  16.94s] axe 12 EQ D filtre       322 / 4095
[  16.94s] axe 12 EQ D filtre       310 / 4095
[  16.94s] axe 12 EQ D filtre       298 / 4095
[  16.94s] axe 12 EQ D filtre       286 / 4095
[  16.94s] axe 12 EQ D filtre       272 / 4095
[  16.95s] axe 12 EQ D filtre       260 / 4095
[  16.95s] axe 12 EQ D filtre       249 / 4095
[  16.95s] axe 12 EQ D filtre       237 / 4095
[  16.95s] axe 12 EQ D filtre       225 / 4095
[  16.96s] axe 12 EQ D filtre       211 / 4095
[  16.96s] axe 12 EQ D filtre       200 / 4095
[  16.96s] axe 12 EQ D filtre       189 / 4095
[  16.97s] axe 12 EQ D filtre       175 / 4095
[  16.97s] axe 12 EQ D filtre       163 / 4095
[  16.97s] axe 12 EQ D filtre       149 / 4095
[  16.97s] axe 12 EQ D filtre       127 / 4095
[  16.97s] axe 12 EQ D filtre       112 / 4095
[  16.97s] axe 12 EQ D filtre       101 / 4095
[  16.98s] axe 12 EQ D filtre        89 / 4095
[  16.98s] axe 12 EQ D filtre        75 / 4095
[  16.98s] axe 12 EQ D filtre        62 / 4095
[  16.98s] axe 12 EQ D filtre        51 / 4095
[  16.98s] axe 12 EQ D filtre        36 / 4095
[  16.99s] axe 12 EQ D filtre        23 / 4095
[  16.99s] axe 12 EQ D filtre        10 / 4095
[  17.41s] axe 12 EQ D filtre        32 / 4095
[  17.42s] axe 12 EQ D filtre        45 / 4095
[  17.42s] axe 12 EQ D filtre        60 / 4095
[  17.42s] axe 12 EQ D filtre        77 / 4095
[  17.42s] axe 12 EQ D filtre        90 / 4095
[  17.42s] axe 12 EQ D filtre       106 / 4095
[  17.43s] axe 12 EQ D filtre       124 / 4095
[  17.43s] axe 12 EQ D filtre       141 / 4095
[  17.43s] axe 12 EQ D filtre       158 / 4095
[  17.43s] axe 12 EQ D filtre       174 / 4095
[  17.43s] axe 12 EQ D filtre       188 / 4095
[  17.44s] axe 12 EQ D filtre       204 / 4095
[  17.44s] axe 12 EQ D filtre       220 / 4095
[  17.44s] axe 12 EQ D filtre       235 / 4095
[  17.45s] axe 12 EQ D filtre       248 / 4095
[  17.45s] axe 12 EQ D filtre       265 / 4095
[  17.45s] axe 12 EQ D filtre       280 / 4095
[  17.45s] axe 12 EQ D filtre       295 / 4095
[  17.45s] axe 12 EQ D filtre       311 / 4095
[  17.45s] axe 12 EQ D filtre       325 / 4095
[  17.46s] axe 12 EQ D filtre       338 / 4095
[  17.46s] axe 12 EQ D filtre       351 / 4095
[  17.46s] axe 12 EQ D filtre       363 / 4095
[  17.46s] axe 12 EQ D filtre       375 / 4095
[  17.47s] axe 12 EQ D filtre       389 / 4095
[  17.47s] axe 12 EQ D filtre       404 / 4095
[  17.47s] axe 12 EQ D filtre       418 / 4095
[  17.47s] axe 12 EQ D filtre       431 / 4095
[  17.47s] axe 12 EQ D filtre       445 / 4095
[  17.48s] axe 12 EQ D filtre       457 / 4095
[  17.48s] axe 12 EQ D filtre       469 / 4095
[  17.48s] axe 12 EQ D filtre       483 / 4095
[  17.48s] axe 12 EQ D filtre       495 / 4095
[  17.49s] axe 12 EQ D filtre       507 / 4095
[  17.49s] axe 12 EQ D filtre       519 / 4095
[  17.49s] axe 12 EQ D filtre       531 / 4095
[  17.49s] axe 12 EQ D filtre       543 / 4095
[  17.49s] axe 12 EQ D filtre       555 / 4095
[  17.50s] axe 12 EQ D filtre       567 / 4095
[  17.50s] axe 12 EQ D filtre       587 / 4095
[  17.50s] axe 12 EQ D filtre       599 / 4095
[  17.51s] axe 12 EQ D filtre       611 / 4095
[  17.51s] axe 12 EQ D filtre       629 / 4095
[  17.51s] axe 12 EQ D filtre       649 / 4095
[  17.52s] axe 12 EQ D filtre       660 / 4095
[  17.52s] axe 12 EQ D filtre       675 / 4095
[  17.52s] axe 12 EQ D filtre       693 / 4095
[  17.53s] axe 12 EQ D filtre       711 / 4095
[  17.53s] axe 12 EQ D filtre       728 / 4095
[  17.54s] axe 12 EQ D filtre       742 / 4095
[  17.54s] axe 12 EQ D filtre       755 / 4095
[  17.55s] axe 12 EQ D filtre       766 / 4095
[  17.55s] axe 12 EQ D filtre       779 / 4095
[  17.56s] axe 12 EQ D filtre       793 / 4095
[  17.56s] axe 12 EQ D filtre       805 / 4095
[  17.57s] axe 12 EQ D filtre       821 / 4095
[  17.57s] axe 12 EQ D filtre       832 / 4095
[  17.57s] axe 12 EQ D filtre       844 / 4095
[  17.58s] axe 12 EQ D filtre       858 / 4095
[  17.59s] axe 12 EQ D filtre       873 / 4095
[  17.59s] axe 12 EQ D filtre       886 / 4095
[  17.60s] axe 12 EQ D filtre       900 / 4095
[  17.60s] axe 12 EQ D filtre       911 / 4095
[  17.60s] axe 12 EQ D filtre       923 / 4095
[  17.61s] axe 12 EQ D filtre       935 / 4095
[  17.61s] axe 12 EQ D filtre       947 / 4095
[  17.62s] axe 12 EQ D filtre       961 / 4095
[  17.63s] axe 12 EQ D filtre       973 / 4095
[  17.63s] axe 12 EQ D filtre       984 / 4095
[  17.64s] axe 12 EQ D filtre       996 / 4095
[  17.64s] axe 12 EQ D filtre      1008 / 4095
[  17.64s] axe 12 EQ D filtre      1020 / 4095
[  17.65s] axe 12 EQ D filtre      1034 / 4095
[  17.65s] axe 12 EQ D filtre      1049 / 4095
[  17.66s] axe 12 EQ D filtre      1066 / 4095
[  17.66s] axe 12 EQ D filtre      1081 / 4095
[  17.67s] axe 12 EQ D filtre      1096 / 4095
[  17.67s] axe 12 EQ D filtre      1113 / 4095
[  17.67s] axe 12 EQ D filtre      1129 / 4095
[  17.68s] axe 12 EQ D filtre      1147 / 4095
[  17.68s] axe 12 EQ D filtre      1165 / 4095
[  17.69s] axe 12 EQ D filtre      1182 / 4095
[  17.69s] axe 12 EQ D filtre      1198 / 4095
[  17.70s] axe 12 EQ D filtre      1215 / 4095
[  17.70s] axe 12 EQ D filtre      1230 / 4095
[  17.71s] axe 12 EQ D filtre      1247 / 4095
[  17.71s] axe 12 EQ D filtre      1264 / 4095
[  17.71s] axe 12 EQ D filtre      1278 / 4095
[  17.72s] axe 12 EQ D filtre      1292 / 4095
[  17.72s] axe 12 EQ D filtre      1310 / 4095
[  17.73s] axe 12 EQ D filtre      1327 / 4095
[  17.73s] axe 12 EQ D filtre      1343 / 4095
[  17.74s] axe 12 EQ D filtre      1362 / 4095
[  17.74s] axe 12 EQ D filtre      1380 / 4095
[  17.74s] axe 12 EQ D filtre      1400 / 4095
[  17.75s] axe 12 EQ D filtre      1420 / 4095
[  17.75s] axe 12 EQ D filtre      1438 / 4095
[  17.76s] axe 12 EQ D filtre      1456 / 4095
[  17.76s] axe 12 EQ D filtre      1474 / 4095
[  17.77s] axe 12 EQ D filtre      1493 / 4095
[  17.77s] axe 12 EQ D filtre      1510 / 4095
[  17.78s] axe 12 EQ D filtre      1528 / 4095
[  17.78s] axe 12 EQ D filtre      1545 / 4095
[  17.78s] axe 12 EQ D filtre      1561 / 4095
[  17.79s] axe 12 EQ D filtre      1578 / 4095
[  17.79s] axe 12 EQ D filtre      1593 / 4095
[  17.80s] axe 12 EQ D filtre      1609 / 4095
[  17.80s] axe 12 EQ D filtre      1625 / 4095
[  17.81s] axe 12 EQ D filtre      1641 / 4095
[  17.81s] axe 12 EQ D filtre      1655 / 4095
[  17.81s] axe 12 EQ D filtre      1668 / 4095
[  17.82s] axe 12 EQ D filtre      1683 / 4095
[  17.82s] axe 12 EQ D filtre      1698 / 4095
[  17.83s] axe 12 EQ D filtre      1713 / 4095
[  17.83s] axe 12 EQ D filtre      1726 / 4095
[  17.84s] axe 12 EQ D filtre      1738 / 4095
[  17.84s] axe 12 EQ D filtre      1749 / 4095
[  17.85s] axe 12 EQ D filtre      1762 / 4095
[  17.85s] axe 12 EQ D filtre      1776 / 4095
[  17.86s] axe 12 EQ D filtre      1790 / 4095
[  17.87s] axe 12 EQ D filtre      1803 / 4095
[  17.87s] axe 12 EQ D filtre      1816 / 4095
[  17.88s] axe 12 EQ D filtre      1829 / 4095
[  17.89s] axe 12 EQ D filtre      1842 / 4095
[  17.89s] axe 12 EQ D filtre      1856 / 4095
[  17.90s] axe 12 EQ D filtre      1872 / 4095
[  17.91s] axe 12 EQ D filtre      1887 / 4095
[  17.91s] axe 12 EQ D filtre      1903 / 4095
[  17.92s] axe 12 EQ D filtre      1918 / 4095
[  17.92s] axe 12 EQ D filtre      1934 / 4095
[  17.93s] axe 12 EQ D filtre      1949 / 4095
[  17.94s] axe 12 EQ D filtre      1960 / 4095
[  17.94s] axe 12 EQ D filtre      1971 / 4095
[  17.94s] axe 12 EQ D filtre      1985 / 4095
[  17.95s] axe 12 EQ D filtre      1998 / 4095
[  17.95s] axe 12 EQ D filtre      2010 / 4095
[  17.96s] axe 12 EQ D filtre      2024 / 4095
[  17.96s] axe 12 EQ D filtre      2043 / 4095
[  17.97s] axe 12 EQ D filtre      2064 / 4095
[  17.97s] axe 12 EQ D filtre      2076 / 4095
[  17.97s] axe 12 EQ D filtre      2091 / 4095
[  17.98s] axe 12 EQ D filtre      2103 / 4095
[  17.99s] axe 12 EQ D filtre      2114 / 4095
[  18.01s] axe 12 EQ D filtre      2125 / 4095
[  18.02s] axe 12 EQ D filtre      2136 / 4095
[  18.04s] axe 12 EQ D filtre      2149 / 4095
[  18.05s] axe 12 EQ D filtre      2163 / 4095
[  18.06s] axe 12 EQ D filtre      2174 / 4095
[  18.07s] axe 12 EQ D filtre      2185 / 4095
[  18.07s] axe 12 EQ D filtre      2196 / 4095
[  18.08s] axe 12 EQ D filtre      2209 / 4095
[  18.09s] axe 12 EQ D filtre      2221 / 4095
[  18.10s] axe 12 EQ D filtre      2233 / 4095
[  18.11s] axe 12 EQ D filtre      2244 / 4095
[  18.12s] axe 12 EQ D filtre      2257 / 4095
[  18.13s] axe 12 EQ D filtre      2268 / 4095
[  18.13s] axe 12 EQ D filtre      2279 / 4095
[  18.14s] axe 12 EQ D filtre      2294 / 4095
[  18.14s] axe 12 EQ D filtre      2305 / 4095
[  18.15s] axe 12 EQ D filtre      2316 / 4095
[  18.15s] axe 12 EQ D filtre      2327 / 4095
[  18.16s] axe 12 EQ D filtre      2341 / 4095
[  18.16s] axe 12 EQ D filtre      2357 / 4095
[  18.17s] axe 12 EQ D filtre      2377 / 4095
[  18.17s] axe 12 EQ D filtre      2395 / 4095
[  18.18s] axe 12 EQ D filtre      2416 / 4095
[  18.18s] axe 12 EQ D filtre      2434 / 4095
[  18.18s] axe 12 EQ D filtre      2455 / 4095
[  18.19s] axe 12 EQ D filtre      2475 / 4095
[  18.19s] axe 12 EQ D filtre      2486 / 4095
[  18.19s] axe 12 EQ D filtre      2497 / 4095
[  18.20s] axe 12 EQ D filtre      2515 / 4095
[  18.20s] axe 12 EQ D filtre      2533 / 4095
[  18.21s] axe 12 EQ D filtre      2553 / 4095
[  18.21s] axe 12 EQ D filtre      2565 / 4095
[  18.21s] axe 12 EQ D filtre      2576 / 4095
[  18.21s] axe 12 EQ D filtre      2598 / 4095
[  18.22s] axe 12 EQ D filtre      2609 / 4095
[  18.22s] axe 12 EQ D filtre      2620 / 4095
[  18.22s] axe 12 EQ D filtre      2631 / 4095
[  18.22s] axe 12 EQ D filtre      2642 / 4095
[  18.23s] axe 12 EQ D filtre      2655 / 4095
[  18.23s] axe 12 EQ D filtre      2666 / 4095
[  18.23s] axe 12 EQ D filtre      2677 / 4095
[  18.23s] axe 12 EQ D filtre      2688 / 4095
[  18.23s] axe 12 EQ D filtre      2701 / 4095
[  18.24s] axe 12 EQ D filtre      2712 / 4095
[  18.24s] axe 12 EQ D filtre      2734 / 4095
[  18.24s] axe 12 EQ D filtre      2746 / 4095
[  18.24s] axe 12 EQ D filtre      2757 / 4095
[  18.25s] axe 12 EQ D filtre      2777 / 4095
[  18.25s] axe 12 EQ D filtre      2797 / 4095
[  18.26s] axe 12 EQ D filtre      2817 / 4095
[  18.26s] axe 12 EQ D filtre      2828 / 4095
[  18.26s] axe 12 EQ D filtre      2839 / 4095
[  18.27s] axe 12 EQ D filtre      2856 / 4095
[  18.27s] axe 12 EQ D filtre      2878 / 4095
[  18.28s] axe 12 EQ D filtre      2897 / 4095
[  18.28s] axe 12 EQ D filtre      2917 / 4095
[  18.28s] axe 12 EQ D filtre      2929 / 4095
[  18.28s] axe 12 EQ D filtre      2941 / 4095
[  18.29s] axe 12 EQ D filtre      2953 / 4095
[  18.29s] axe 12 EQ D filtre      2974 / 4095
[  18.29s] axe 12 EQ D filtre      2987 / 4095
[  18.30s] axe 12 EQ D filtre      3000 / 4095
[  18.30s] axe 12 EQ D filtre      3013 / 4095
[  18.30s] axe 12 EQ D filtre      3025 / 4095
[  18.30s] axe 12 EQ D filtre      3037 / 4095
[  18.30s] axe 12 EQ D filtre      3049 / 4095
[  18.31s] axe 12 EQ D filtre      3062 / 4095
[  18.31s] … 2832 blocs recus depuis 3 s, aucun changement (total 12134)
[  18.31s] axe 12 EQ D filtre      3075 / 4095
[  18.31s] axe 12 EQ D filtre      3087 / 4095
[  18.31s] axe 12 EQ D filtre      3099 / 4095
[  18.32s] axe 12 EQ D filtre      3110 / 4095
[  18.32s] axe 12 EQ D filtre      3123 / 4095
[  18.32s] axe 12 EQ D filtre      3136 / 4095
[  18.33s] axe 12 EQ D filtre      3150 / 4095
[  18.33s] axe 12 EQ D filtre      3182 / 4095
[  18.33s] axe 12 EQ D filtre      3196 / 4095
[  18.33s] axe 12 EQ D filtre      3208 / 4095
[  18.33s] axe 12 EQ D filtre      3219 / 4095
[  18.34s] axe 12 EQ D filtre      3230 / 4095
[  18.34s] axe 12 EQ D filtre      3243 / 4095
[  18.34s] axe 12 EQ D filtre      3254 / 4095
[  18.34s] axe 12 EQ D filtre      3265 / 4095
[  18.34s] axe 12 EQ D filtre      3276 / 4095
[  18.35s] axe 12 EQ D filtre      3289 / 4095
[  18.35s] axe 12 EQ D filtre      3302 / 4095
[  18.35s] axe 12 EQ D filtre      3314 / 4095
[  18.36s] axe 12 EQ D filtre      3336 / 4095
[  18.36s] axe 12 EQ D filtre      3347 / 4095
[  18.36s] axe 12 EQ D filtre      3368 / 4095
[  18.36s] axe 12 EQ D filtre      3379 / 4095
[  18.37s] axe 12 EQ D filtre      3391 / 4095
[  18.37s] axe 12 EQ D filtre      3411 / 4095
[  18.38s] axe 12 EQ D filtre      3431 / 4095
[  18.38s] axe 12 EQ D filtre      3444 / 4095
[  18.38s] axe 12 EQ D filtre      3456 / 4095
[  18.38s] axe 12 EQ D filtre      3468 / 4095
[  18.38s] axe 12 EQ D filtre      3479 / 4095
[  18.39s] axe 12 EQ D filtre      3499 / 4095
[  18.39s] axe 12 EQ D filtre      3510 / 4095
[  18.39s] axe 12 EQ D filtre      3521 / 4095
[  18.39s] axe 12 EQ D filtre      3533 / 4095
[  18.40s] axe 12 EQ D filtre      3544 / 4095
[  18.40s] axe 12 EQ D filtre      3555 / 4095
[  18.40s] axe 12 EQ D filtre      3568 / 4095
[  18.40s] axe 12 EQ D filtre      3579 / 4095
[  18.41s] axe 12 EQ D filtre      3591 / 4095
[  18.41s] axe 12 EQ D filtre      3611 / 4095
[  18.41s] axe 12 EQ D filtre      3623 / 4095
[  18.41s] axe 12 EQ D filtre      3634 / 4095
[  18.42s] axe 12 EQ D filtre      3646 / 4095
[  18.42s] axe 12 EQ D filtre      3658 / 4095
[  18.42s] axe 12 EQ D filtre      3671 / 4095
[  18.42s] axe 12 EQ D filtre      3682 / 4095
[  18.43s] axe 12 EQ D filtre      3695 / 4095
[  18.43s] axe 12 EQ D filtre      3707 / 4095
[  18.43s] axe 12 EQ D filtre      3718 / 4095
[  18.43s] axe 12 EQ D filtre      3730 / 4095
[  18.43s] axe 12 EQ D filtre      3743 / 4095
[  18.44s] axe 12 EQ D filtre      3755 / 4095
[  18.44s] axe 12 EQ D filtre      3767 / 4095
[  18.44s] axe 12 EQ D filtre      3779 / 4095
[  18.44s] axe 12 EQ D filtre      3790 / 4095
[  18.45s] axe 12 EQ D filtre      3801 / 4095
[  18.45s] axe 12 EQ D filtre      3813 / 4095
[  18.45s] axe 12 EQ D filtre      3825 / 4095
[  18.45s] axe 12 EQ D filtre      3837 / 4095
[  18.45s] axe 12 EQ D filtre      3849 / 4095
[  18.46s] axe 12 EQ D filtre      3861 / 4095
[  18.46s] axe 12 EQ D filtre      3881 / 4095
[  18.46s] axe 12 EQ D filtre      3892 / 4095
[  18.46s] axe 12 EQ D filtre      3903 / 4095
[  18.47s] axe 12 EQ D filtre      3915 / 4095
[  18.47s] axe 12 EQ D filtre      3933 / 4095
[  18.48s] axe 12 EQ D filtre      3956 / 4095
[  18.48s] axe 12 EQ D filtre      3977 / 4095
[  18.48s] axe 12 EQ D filtre      3997 / 4095
[  18.49s] axe 12 EQ D filtre      4018 / 4095
[  18.49s] axe 12 EQ D filtre      4037 / 4095
[  18.49s] axe 12 EQ D filtre      4050 / 4095
[  18.50s] axe 12 EQ D filtre      4071 / 4095
[  18.50s] axe 12 EQ D filtre      4085 / 4095
[  18.84s] axe 12 EQ D filtre      4063 / 4095
[  18.85s] axe 12 EQ D filtre      4047 / 4095
[  18.85s] axe 12 EQ D filtre      4033 / 4095
[  18.85s] axe 12 EQ D filtre      4017 / 4095
[  18.85s] axe 12 EQ D filtre      4005 / 4095
[  18.85s] axe 12 EQ D filtre      3991 / 4095
[  18.86s] axe 12 EQ D filtre      3975 / 4095
[  18.86s] axe 12 EQ D filtre      3960 / 4095
[  18.86s] axe 12 EQ D filtre      3946 / 4095
[  18.86s] axe 12 EQ D filtre      3931 / 4095
[  18.87s] axe 12 EQ D filtre      3917 / 4095
[  18.87s] axe 12 EQ D filtre      3902 / 4095
[  18.87s] axe 12 EQ D filtre      3887 / 4095
[  18.87s] axe 12 EQ D filtre      3872 / 4095
[  18.87s] axe 12 EQ D filtre      3856 / 4095
[  18.88s] axe 12 EQ D filtre      3841 / 4095
[  18.88s] axe 12 EQ D filtre      3824 / 4095
[  18.88s] axe 12 EQ D filtre      3808 / 4095
[  18.88s] axe 12 EQ D filtre      3792 / 4095
[  18.88s] axe 12 EQ D filtre      3775 / 4095
[  18.89s] axe 12 EQ D filtre      3759 / 4095
[  18.89s] axe 12 EQ D filtre      3742 / 4095
[  18.89s] axe 12 EQ D filtre      3726 / 4095
[  18.89s] axe 12 EQ D filtre      3709 / 4095
[  18.90s] axe 12 EQ D filtre      3693 / 4095
[  18.90s] axe 12 EQ D filtre      3675 / 4095
[  18.90s] axe 12 EQ D filtre      3659 / 4095
[  18.90s] axe 12 EQ D filtre      3643 / 4095
[  18.90s] axe 12 EQ D filtre      3627 / 4095
[  18.91s] axe 12 EQ D filtre      3614 / 4095
[  18.91s] axe 12 EQ D filtre      3600 / 4095
[  18.91s] axe 12 EQ D filtre      3585 / 4095
[  18.91s] axe 12 EQ D filtre      3570 / 4095
[  18.92s] axe 12 EQ D filtre      3557 / 4095
[  18.92s] axe 12 EQ D filtre      3543 / 4095
[  18.92s] axe 12 EQ D filtre      3530 / 4095
[  18.92s] axe 12 EQ D filtre      3518 / 4095
[  18.92s] axe 12 EQ D filtre      3507 / 4095
[  18.93s] axe 12 EQ D filtre      3496 / 4095
[  18.93s] axe 12 EQ D filtre      3485 / 4095
[  18.93s] axe 12 EQ D filtre      3474 / 4095
[  18.93s] axe 12 EQ D filtre      3461 / 4095
[  18.93s] axe 12 EQ D filtre      3449 / 4095
[  18.94s] axe 12 EQ D filtre      3438 / 4095
[  18.94s] axe 12 EQ D filtre      3419 / 4095
[  18.95s] axe 12 EQ D filtre      3400 / 4095
[  18.95s] axe 12 EQ D filtre      3381 / 4095
[  18.95s] axe 12 EQ D filtre      3362 / 4095
[  18.96s] axe 12 EQ D filtre      3343 / 4095
[  18.96s] axe 12 EQ D filtre      3325 / 4095
[  18.97s] axe 12 EQ D filtre      3313 / 4095
[  18.97s] axe 12 EQ D filtre      3293 / 4095
[  18.97s] axe 12 EQ D filtre      3276 / 4095
[  18.98s] axe 12 EQ D filtre      3259 / 4095
[  18.98s] axe 12 EQ D filtre      3244 / 4095
[  18.99s] axe 12 EQ D filtre      3232 / 4095
[  18.99s] axe 12 EQ D filtre      3219 / 4095
[  19.00s] axe 12 EQ D filtre      3205 / 4095
[  19.00s] axe 12 EQ D filtre      3193 / 4095
[  19.00s] axe 12 EQ D filtre      3182 / 4095
[  19.01s] axe 12 EQ D filtre      3170 / 4095
[  19.02s] axe 12 EQ D filtre      3157 / 4095
[  19.03s] axe 12 EQ D filtre      3143 / 4095
[  19.03s] axe 12 EQ D filtre      3128 / 4095
[  19.04s] axe 12 EQ D filtre      3114 / 4095
[  19.04s] axe 12 EQ D filtre      3101 / 4095
[  19.05s] axe 12 EQ D filtre      3089 / 4095
[  19.05s] axe 12 EQ D filtre      3078 / 4095
[  19.06s] axe 12 EQ D filtre      3066 / 4095
[  19.06s] axe 12 EQ D filtre      3055 / 4095
[  19.07s] axe 12 EQ D filtre      3043 / 4095
[  19.07s] axe 12 EQ D filtre      3032 / 4095
[  19.08s] axe 12 EQ D filtre      3018 / 4095
[  19.08s] axe 12 EQ D filtre      3002 / 4095
[  19.08s] axe 12 EQ D filtre      2987 / 4095
[  19.09s] axe 12 EQ D filtre      2975 / 4095
[  19.09s] axe 12 EQ D filtre      2959 / 4095
[  19.10s] axe 12 EQ D filtre      2942 / 4095
[  19.10s] axe 12 EQ D filtre      2925 / 4095
[  19.11s] axe 12 EQ D filtre      2911 / 4095
[  19.11s] axe 12 EQ D filtre      2894 / 4095
[  19.12s] axe 12 EQ D filtre      2876 / 4095
[  19.13s] axe 12 EQ D filtre      2862 / 4095
[  19.13s] axe 12 EQ D filtre      2842 / 4095
[  19.13s] axe 12 EQ D filtre      2823 / 4095
[  19.13s] axe 12 EQ D filtre      2806 / 4095
[  19.14s] axe 12 EQ D filtre      2788 / 4095
[  19.14s] axe 12 EQ D filtre      2768 / 4095
[  19.15s] axe 12 EQ D filtre      2748 / 4095
[  19.15s] axe 12 EQ D filtre      2728 / 4095
[  19.16s] axe 12 EQ D filtre      2707 / 4095
[  19.16s] axe 12 EQ D filtre      2695 / 4095
[  19.16s] axe 12 EQ D filtre      2684 / 4095
[  19.16s] axe 12 EQ D filtre      2663 / 4095
[  19.17s] axe 12 EQ D filtre      2641 / 4095
[  19.17s] axe 12 EQ D filtre      2630 / 4095
[  19.17s] axe 12 EQ D filtre      2619 / 4095
[  19.17s] axe 12 EQ D filtre      2606 / 4095
[  19.18s] axe 12 EQ D filtre      2595 / 4095
[  19.18s] axe 12 EQ D filtre      2575 / 4095
[  19.19s] axe 12 EQ D filtre      2554 / 4095
[  19.19s] axe 12 EQ D filtre      2535 / 4095
[  19.19s] axe 12 EQ D filtre      2519 / 4095
[  19.20s] axe 12 EQ D filtre      2500 / 4095
[  19.20s] axe 12 EQ D filtre      2482 / 4095
[  19.21s] axe 12 EQ D filtre      2463 / 4095
[  19.21s] axe 12 EQ D filtre      2447 / 4095
[  19.22s] axe 12 EQ D filtre      2431 / 4095
[  19.22s] axe 12 EQ D filtre      2415 / 4095
[  19.22s] axe 12 EQ D filtre      2403 / 4095
[  19.23s] axe 12 EQ D filtre      2388 / 4095
[  19.23s] axe 12 EQ D filtre      2371 / 4095
[  19.24s] axe 12 EQ D filtre      2358 / 4095
[  19.24s] axe 12 EQ D filtre      2341 / 4095
[  19.25s] axe 12 EQ D filtre      2327 / 4095
[  19.25s] axe 12 EQ D filtre      2314 / 4095
[  19.25s] axe 12 EQ D filtre      2300 / 4095
[  19.26s] axe 12 EQ D filtre      2287 / 4095
[  19.26s] axe 12 EQ D filtre      2275 / 4095
[  19.27s] axe 12 EQ D filtre      2264 / 4095
[  19.27s] axe 12 EQ D filtre      2253 / 4095
[  19.28s] axe 12 EQ D filtre      2240 / 4095
[  19.29s] axe 12 EQ D filtre      2227 / 4095
[  19.29s] axe 12 EQ D filtre      2216 / 4095
[  19.30s] axe 12 EQ D filtre      2201 / 4095
[  19.30s] axe 12 EQ D filtre      2186 / 4095
[  19.31s] axe 12 EQ D filtre      2175 / 4095
[  19.31s] axe 12 EQ D filtre      2161 / 4095
[  19.32s] axe 12 EQ D filtre      2147 / 4095
[  19.32s] axe 12 EQ D filtre      2133 / 4095
[  19.33s] axe 12 EQ D filtre      2118 / 4095
[  19.33s] axe 12 EQ D filtre      2105 / 4095
[  19.36s] axe 12 EQ D filtre      2094 / 4095
[  19.39s] axe 12 EQ D filtre      2083 / 4095
[  20.83s] axe 30 EQ C medium      2097 / 4095
[  20.88s] axe 30 EQ C medium      2086 / 4095
[  20.90s] axe 30 EQ C medium      2073 / 4095
[  20.91s] axe 30 EQ C medium      2061 / 4095
[  20.92s] axe 30 EQ C medium      2048 / 4095
[  20.92s] axe 30 EQ C medium      2034 / 4095
[  20.93s] axe 30 EQ C medium      2023 / 4095
[  20.93s] axe 30 EQ C medium      2010 / 4095
[  20.94s] axe 30 EQ C medium      1997 / 4095
[  20.95s] axe 30 EQ C medium      1985 / 4095
[  20.95s] axe 30 EQ C medium      1974 / 4095
[  20.96s] axe 30 EQ C medium      1960 / 4095
[  20.97s] axe 30 EQ C medium      1946 / 4095
[  20.97s] axe 30 EQ C medium      1934 / 4095
[  20.98s] axe 30 EQ C medium      1923 / 4095
[  20.99s] axe 30 EQ C medium      1907 / 4095
[  20.99s] axe 30 EQ C medium      1893 / 4095
[  21.00s] axe 30 EQ C medium      1882 / 4095
[  21.00s] axe 30 EQ C medium      1869 / 4095
[  21.00s] axe 30 EQ C medium      1854 / 4095
[  21.01s] axe 30 EQ C medium      1835 / 4095
[  21.01s] axe 30 EQ C medium      1823 / 4095
[  21.01s] axe 30 EQ C medium      1809 / 4095
[  21.02s] axe 30 EQ C medium      1798 / 4095
[  21.02s] axe 30 EQ C medium      1786 / 4095
[  21.02s] axe 30 EQ C medium      1773 / 4095
[  21.02s] axe 30 EQ C medium      1761 / 4095
[  21.02s] axe 30 EQ C medium      1750 / 4095
[  21.03s] axe 30 EQ C medium      1739 / 4095
[  21.03s] axe 30 EQ C medium      1727 / 4095
[  21.03s] axe 30 EQ C medium      1715 / 4095
[  21.03s] axe 30 EQ C medium      1701 / 4095
[  21.04s] axe 30 EQ C medium      1688 / 4095
[  21.04s] axe 30 EQ C medium      1675 / 4095
[  21.04s] axe 30 EQ C medium      1661 / 4095
[  21.04s] axe 30 EQ C medium      1646 / 4095
[  21.04s] axe 30 EQ C medium      1633 / 4095
[  21.05s] axe 30 EQ C medium      1622 / 4095
[  21.05s] axe 30 EQ C medium      1611 / 4095
[  21.05s] axe 30 EQ C medium      1598 / 4095
[  21.05s] axe 30 EQ C medium      1583 / 4095
[  21.05s] axe 30 EQ C medium      1568 / 4095
[  21.06s] axe 30 EQ C medium      1555 / 4095
[  21.06s] axe 30 EQ C medium      1542 / 4095
[  21.06s] axe 30 EQ C medium      1526 / 4095
[  21.06s] axe 30 EQ C medium      1512 / 4095
[  21.07s] axe 30 EQ C medium      1500 / 4095
[  21.07s] axe 30 EQ C medium      1488 / 4095
[  21.07s] axe 30 EQ C medium      1476 / 4095
[  21.07s] axe 30 EQ C medium      1464 / 4095
[  21.07s] axe 30 EQ C medium      1449 / 4095
[  21.08s] axe 30 EQ C medium      1436 / 4095
[  21.08s] axe 30 EQ C medium      1421 / 4095
[  21.08s] axe 30 EQ C medium      1406 / 4095
[  21.08s] axe 30 EQ C medium      1393 / 4095
[  21.09s] axe 30 EQ C medium      1382 / 4095
[  21.09s] axe 30 EQ C medium      1370 / 4095
[  21.09s] axe 30 EQ C medium      1356 / 4095
[  21.09s] axe 30 EQ C medium      1342 / 4095
[  21.09s] axe 30 EQ C medium      1329 / 4095
[  21.10s] axe 30 EQ C medium      1315 / 4095
[  21.10s] axe 30 EQ C medium      1302 / 4095
[  21.10s] axe 30 EQ C medium      1291 / 4095
[  21.10s] axe 30 EQ C medium      1280 / 4095
[  21.11s] axe 30 EQ C medium      1259 / 4095
[  21.11s] axe 30 EQ C medium      1238 / 4095
[  21.11s] axe 30 EQ C medium      1226 / 4095
[  21.12s] axe 30 EQ C medium      1215 / 4095
[  21.12s] axe 30 EQ C medium      1193 / 4095
[  21.12s] axe 30 EQ C medium      1178 / 4095
[  21.13s] axe 30 EQ C medium      1165 / 4095
[  21.13s] axe 30 EQ C medium      1153 / 4095
[  21.13s] axe 30 EQ C medium      1139 / 4095
[  21.13s] axe 30 EQ C medium      1122 / 4095
[  21.13s] axe 30 EQ C medium      1111 / 4095
[  21.14s] axe 30 EQ C medium      1099 / 4095
[  21.14s] axe 30 EQ C medium      1086 / 4095
[  21.14s] axe 30 EQ C medium      1074 / 4095
[  21.14s] axe 30 EQ C medium      1062 / 4095
[  21.15s] axe 30 EQ C medium      1050 / 4095
[  21.15s] axe 30 EQ C medium      1039 / 4095
[  21.15s] axe 30 EQ C medium      1028 / 4095
[  21.15s] axe 30 EQ C medium      1014 / 4095
[  21.15s] axe 30 EQ C medium      1000 / 4095
[  21.16s] axe 30 EQ C medium       987 / 4095
[  21.16s] axe 30 EQ C medium       976 / 4095
[  21.16s] axe 30 EQ C medium       955 / 4095
[  21.16s] axe 30 EQ C medium       944 / 4095
[  21.17s] axe 30 EQ C medium       931 / 4095
[  21.17s] axe 30 EQ C medium       919 / 4095
[  21.17s] axe 30 EQ C medium       904 / 4095
[  21.18s] axe 30 EQ C medium       891 / 4095
[  21.18s] axe 30 EQ C medium       879 / 4095
[  21.18s] axe 30 EQ C medium       865 / 4095
[  21.18s] axe 30 EQ C medium       849 / 4095
[  21.18s] axe 30 EQ C medium       833 / 4095
[  21.18s] axe 30 EQ C medium       819 / 4095
[  21.19s] axe 30 EQ C medium       804 / 4095
[  21.19s] axe 30 EQ C medium       789 / 4095
[  21.19s] axe 30 EQ C medium       772 / 4095
[  21.19s] axe 30 EQ C medium       758 / 4095
[  21.20s] axe 30 EQ C medium       746 / 4095
[  21.20s] axe 30 EQ C medium       734 / 4095
[  21.20s] axe 30 EQ C medium       720 / 4095
[  21.20s] axe 30 EQ C medium       703 / 4095
[  21.20s] axe 30 EQ C medium       687 / 4095
[  21.21s] axe 30 EQ C medium       674 / 4095
[  21.21s] axe 30 EQ C medium       659 / 4095
[  21.21s] axe 30 EQ C medium       645 / 4095
[  21.21s] axe 30 EQ C medium       630 / 4095
[  21.21s] axe 30 EQ C medium       613 / 4095
[  21.22s] axe 30 EQ C medium       600 / 4095
[  21.22s] axe 30 EQ C medium       587 / 4095
[  21.22s] axe 30 EQ C medium       572 / 4095
[  21.22s] axe 30 EQ C medium       555 / 4095
[  21.23s] axe 30 EQ C medium       541 / 4095
[  21.23s] axe 30 EQ C medium       528 / 4095
[  21.23s] axe 30 EQ C medium       512 / 4095
[  21.23s] axe 30 EQ C medium       496 / 4095
[  21.23s] axe 30 EQ C medium       482 / 4095
[  21.24s] axe 30 EQ C medium       466 / 4095
[  21.24s] axe 30 EQ C medium       450 / 4095
[  21.24s] axe 30 EQ C medium       435 / 4095
[  21.24s] axe 30 EQ C medium       418 / 4095
[  21.25s] axe 30 EQ C medium       403 / 4095
[  21.25s] axe 30 EQ C medium       389 / 4095
[  21.25s] axe 30 EQ C medium       375 / 4095
[  21.25s] axe 30 EQ C medium       359 / 4095
[  21.26s] axe 30 EQ C medium       340 / 4095
[  21.26s] axe 30 EQ C medium       325 / 4095
[  21.26s] axe 30 EQ C medium       309 / 4095
[  21.26s] axe 30 EQ C medium       291 / 4095
[  21.26s] axe 30 EQ C medium       274 / 4095
[  21.27s] axe 30 EQ C medium       257 / 4095
[  21.27s] axe 30 EQ C medium       241 / 4095
[  21.27s] axe 30 EQ C medium       227 / 4095
[  21.27s] axe 30 EQ C medium       214 / 4095
[  21.27s] axe 30 EQ C medium       203 / 4095
[  21.28s] axe 30 EQ C medium       189 / 4095
[  21.28s] axe 30 EQ C medium       172 / 4095
[  21.28s] axe 30 EQ C medium       152 / 4095
[  21.28s] axe 30 EQ C medium       137 / 4095
[  21.29s] axe 30 EQ C medium       110 / 4095
[  21.29s] axe 30 EQ C medium        94 / 4095
[  21.29s] axe 30 EQ C medium        81 / 4095
[  21.29s] axe 30 EQ C medium        65 / 4095
[  21.30s] axe 30 EQ C medium        51 / 4095
[  21.30s] axe 30 EQ C medium        37 / 4095
[  21.30s] axe 30 EQ C medium        24 / 4095
[  21.30s] axe 30 EQ C medium        10 / 4095
[  21.31s] axe 34 FX1 2            3047 / 4095
[  21.31s] … 2154 blocs recus depuis 3 s, aucun changement (total 14288)
[  21.83s] axe 30 EQ C medium        23 / 4095
[  21.83s] axe 30 EQ C medium        36 / 4095
[  21.83s] axe 30 EQ C medium        52 / 4095
[  21.84s] axe 30 EQ C medium        68 / 4095
[  21.84s] axe 30 EQ C medium        83 / 4095
[  21.84s] axe 30 EQ C medium       103 / 4095
[  21.84s] axe 30 EQ C medium       115 / 4095
[  21.84s] axe 30 EQ C medium       131 / 4095
[  21.85s] axe 30 EQ C medium       152 / 4095
[  21.85s] axe 30 EQ C medium       171 / 4095
[  21.85s] axe 30 EQ C medium       188 / 4095
[  21.85s] axe 30 EQ C medium       201 / 4095
[  21.85s] axe 30 EQ C medium       216 / 4095
[  21.86s] axe 30 EQ C medium       231 / 4095
[  21.86s] axe 30 EQ C medium       249 / 4095
[  21.86s] axe 30 EQ C medium       269 / 4095
[  21.86s] axe 30 EQ C medium       288 / 4095
[  21.87s] axe 30 EQ C medium       304 / 4095
[  21.87s] axe 30 EQ C medium       323 / 4095
[  21.87s] axe 30 EQ C medium       344 / 4095
[  21.87s] axe 30 EQ C medium       361 / 4095
[  21.87s] axe 30 EQ C medium       377 / 4095
[  21.88s] axe 30 EQ C medium       394 / 4095
[  21.88s] axe 30 EQ C medium       412 / 4095
[  21.88s] axe 30 EQ C medium       432 / 4095
[  21.88s] axe 30 EQ C medium       450 / 4095
[  21.89s] axe 30 EQ C medium       466 / 4095
[  21.89s] axe 30 EQ C medium       485 / 4095
[  21.89s] axe 30 EQ C medium       500 / 4095
[  21.89s] axe 30 EQ C medium       517 / 4095
[  21.89s] axe 30 EQ C medium       534 / 4095
[  21.90s] axe 30 EQ C medium       551 / 4095
[  21.90s] axe 30 EQ C medium       566 / 4095
[  21.90s] axe 30 EQ C medium       581 / 4095
[  21.90s] axe 30 EQ C medium       599 / 4095
[  21.91s] axe 30 EQ C medium       614 / 4095
[  21.91s] axe 30 EQ C medium       631 / 4095
[  21.91s] axe 30 EQ C medium       646 / 4095
[  21.91s] axe 30 EQ C medium       662 / 4095
[  21.91s] axe 30 EQ C medium       680 / 4095
[  21.92s] axe 30 EQ C medium       696 / 4095
[  21.92s] axe 30 EQ C medium       712 / 4095
[  21.92s] axe 30 EQ C medium       727 / 4095
[  21.93s] axe 30 EQ C medium       744 / 4095
[  21.93s] axe 30 EQ C medium       761 / 4095
[  21.93s] axe 30 EQ C medium       777 / 4095
[  21.93s] axe 30 EQ C medium       794 / 4095
[  21.93s] axe 30 EQ C medium       812 / 4095
[  21.93s] axe 30 EQ C medium       830 / 4095
[  21.94s] axe 30 EQ C medium       846 / 4095
[  21.94s] axe 30 EQ C medium       860 / 4095
[  21.94s] axe 30 EQ C medium       876 / 4095
[  21.94s] axe 30 EQ C medium       892 / 4095
[  21.94s] axe 30 EQ C medium       907 / 4095
[  21.95s] axe 30 EQ C medium       922 / 4095
[  21.95s] axe 30 EQ C medium       937 / 4095
[  21.95s] axe 30 EQ C medium       952 / 4095
[  21.95s] axe 30 EQ C medium       966 / 4095
[  21.95s] axe 30 EQ C medium       982 / 4095
[  21.96s] axe 30 EQ C medium       999 / 4095
[  21.96s] axe 30 EQ C medium      1014 / 4095
[  21.96s] axe 30 EQ C medium      1031 / 4095
[  21.96s] axe 30 EQ C medium      1047 / 4095
[  21.97s] axe 30 EQ C medium      1063 / 4095
[  21.97s] axe 30 EQ C medium      1078 / 4095
[  21.97s] axe 30 EQ C medium      1094 / 4095
[  21.97s] axe 30 EQ C medium      1111 / 4095
[  21.98s] axe 30 EQ C medium      1127 / 4095
[  21.98s] axe 30 EQ C medium      1146 / 4095
[  21.98s] axe 30 EQ C medium      1165 / 4095
[  21.98s] axe 30 EQ C medium      1180 / 4095
[  21.98s] axe 30 EQ C medium      1197 / 4095
[  21.99s] axe 30 EQ C medium      1213 / 4095
[  21.99s] axe 30 EQ C medium      1230 / 4095
[  21.99s] axe 30 EQ C medium      1246 / 4095
[  21.99s] axe 30 EQ C medium      1261 / 4095
[  21.99s] axe 30 EQ C medium      1278 / 4095
[  22.00s] axe 30 EQ C medium      1299 / 4095
[  22.00s] axe 30 EQ C medium      1318 / 4095
[  22.00s] axe 30 EQ C medium      1336 / 4095
[  22.00s] axe 30 EQ C medium      1353 / 4095
[  22.01s] axe 30 EQ C medium      1372 / 4095
[  22.01s] axe 30 EQ C medium      1391 / 4095
[  22.01s] axe 30 EQ C medium      1410 / 4095
[  22.01s] axe 30 EQ C medium      1428 / 4095
[  22.01s] axe 30 EQ C medium      1443 / 4095
[  22.02s] axe 30 EQ C medium      1456 / 4095
[  22.02s] axe 30 EQ C medium      1469 / 4095
[  22.02s] axe 30 EQ C medium      1486 / 4095
[  22.02s] axe 30 EQ C medium      1501 / 4095
[  22.03s] axe 30 EQ C medium      1515 / 4095
[  22.04s] axe 30 EQ C medium      1529 / 4095
[  22.04s] axe 30 EQ C medium      1545 / 4095
[  22.04s] axe 30 EQ C medium      1562 / 4095
[  22.05s] axe 30 EQ C medium      1624 / 4095
[  22.05s] axe 30 EQ C medium      1636 / 4095
[  22.05s] axe 30 EQ C medium      1650 / 4095
[  22.05s] axe 30 EQ C medium      1681 / 4095
[  22.06s] axe 30 EQ C medium      1701 / 4095
[  22.06s] axe 30 EQ C medium      1719 / 4095
[  22.07s] axe 30 EQ C medium      1733 / 4095
[  22.07s] axe 30 EQ C medium      1753 / 4095
[  22.08s] axe 30 EQ C medium      1771 / 4095
[  22.08s] axe 30 EQ C medium      1790 / 4095
[  22.08s] axe 30 EQ C medium      1801 / 4095
[  22.09s] axe 30 EQ C medium      1818 / 4095
[  22.09s] axe 30 EQ C medium      1829 / 4095
[  22.10s] axe 30 EQ C medium      1844 / 4095
[  22.10s] axe 30 EQ C medium      1857 / 4095
[  22.11s] axe 30 EQ C medium      1870 / 4095
[  22.11s] axe 30 EQ C medium      1882 / 4095
[  22.12s] axe 30 EQ C medium      1895 / 4095
[  22.13s] axe 30 EQ C medium      1907 / 4095
[  22.13s] axe 30 EQ C medium      1922 / 4095
[  22.14s] axe 30 EQ C medium      1934 / 4095
[  22.15s] axe 30 EQ C medium      1948 / 4095
[  22.16s] axe 30 EQ C medium      1961 / 4095
[  22.17s] axe 30 EQ C medium      1973 / 4095
[  22.17s] axe 30 EQ C medium      1985 / 4095
[  22.18s] axe 30 EQ C medium      2001 / 4095
[  22.19s] axe 30 EQ C medium      2015 / 4095
[  22.19s] axe 30 EQ C medium      2033 / 4095
[  22.20s] axe 30 EQ C medium      2044 / 4095
[  22.20s] axe 30 EQ C medium      2057 / 4095
[  22.20s] axe 30 EQ C medium      2072 / 4095
[  22.20s] axe 30 EQ C medium      2085 / 4095
[  22.21s] axe 30 EQ C medium      2098 / 4095
[  22.22s] axe 30 EQ C medium      2109 / 4095
[  22.57s] axe 30 EQ C medium      2120 / 4095
[  22.59s] axe 30 EQ C medium      2132 / 4095
[  22.60s] axe 30 EQ C medium      2144 / 4095
[  22.61s] axe 30 EQ C medium      2156 / 4095
[  22.61s] axe 30 EQ C medium      2176 / 4095
[  22.61s] axe 30 EQ C medium      2187 / 4095
[  22.62s] axe 30 EQ C medium      2199 / 4095
[  22.62s] axe 30 EQ C medium      2211 / 4095
[  22.62s] axe 30 EQ C medium      2225 / 4095
[  22.62s] axe 30 EQ C medium      2238 / 4095
[  22.63s] axe 30 EQ C medium      2253 / 4095
[  22.63s] axe 30 EQ C medium      2266 / 4095
[  22.63s] axe 30 EQ C medium      2277 / 4095
[  22.63s] axe 30 EQ C medium      2288 / 4095
[  22.63s] axe 30 EQ C medium      2302 / 4095
[  22.64s] axe 30 EQ C medium      2318 / 4095
[  22.64s] axe 30 EQ C medium      2337 / 4095
[  22.64s] axe 30 EQ C medium      2358 / 4095
[  22.64s] axe 30 EQ C medium      2378 / 4095
[  22.64s] axe 30 EQ C medium      2401 / 4095
[  22.65s] axe 30 EQ C medium      2423 / 4095
[  22.65s] axe 30 EQ C medium      2444 / 4095
[  22.65s] axe 30 EQ C medium      2467 / 4095
[  22.65s] axe 30 EQ C medium      2489 / 4095
[  22.65s] axe 30 EQ C medium      2513 / 4095
[  22.66s] axe 30 EQ C medium      2534 / 4095
[  22.66s] axe 30 EQ C medium      2557 / 4095
[  22.66s] axe 30 EQ C medium      2582 / 4095
[  22.66s] axe 30 EQ C medium      2603 / 4095
[  22.67s] axe 30 EQ C medium      2623 / 4095
[  22.67s] axe 30 EQ C medium      2645 / 4095
[  22.67s] axe 30 EQ C medium      2669 / 4095
[  22.67s] axe 30 EQ C medium      2691 / 4095
[  22.67s] axe 30 EQ C medium      2711 / 4095
[  22.68s] axe 30 EQ C medium      2730 / 4095
[  22.68s] axe 30 EQ C medium      2752 / 4095
[  22.68s] axe 30 EQ C medium      2771 / 4095
[  22.68s] axe 30 EQ C medium      2790 / 4095
[  22.68s] axe 30 EQ C medium      2810 / 4095
[  22.69s] axe 30 EQ C medium      2828 / 4095
[  22.69s] axe 30 EQ C medium      2845 / 4095
[  22.69s] axe 30 EQ C medium      2863 / 4095
[  22.69s] axe 30 EQ C medium      2880 / 4095
[  22.70s] axe 30 EQ C medium      2898 / 4095
[  22.70s] axe 30 EQ C medium      2914 / 4095
[  22.70s] axe 30 EQ C medium      2927 / 4095
[  22.70s] axe 30 EQ C medium      2942 / 4095
[  22.70s] axe 30 EQ C medium      2959 / 4095
[  22.71s] axe 30 EQ C medium      2975 / 4095
[  22.71s] axe 30 EQ C medium      2989 / 4095
[  22.71s] axe 30 EQ C medium      3006 / 4095
[  22.71s] axe 30 EQ C medium      3022 / 4095
[  22.72s] axe 30 EQ C medium      3038 / 4095
[  22.72s] axe 30 EQ C medium      3053 / 4095
[  22.72s] axe 30 EQ C medium      3069 / 4095
[  22.72s] axe 30 EQ C medium      3084 / 4095
[  22.72s] axe 30 EQ C medium      3097 / 4095
[  22.73s] axe 30 EQ C medium      3110 / 4095
[  22.73s] axe 30 EQ C medium      3125 / 4095
[  22.73s] axe 30 EQ C medium      3142 / 4095
[  22.73s] axe 30 EQ C medium      3157 / 4095
[  22.74s] axe 30 EQ C medium      3173 / 4095
[  22.74s] axe 30 EQ C medium      3189 / 4095
[  22.74s] axe 30 EQ C medium      3201 / 4095
[  22.74s] axe 30 EQ C medium      3215 / 4095
[  22.74s] axe 30 EQ C medium      3230 / 4095
[  22.75s] axe 30 EQ C medium      3246 / 4095
[  22.75s] axe 30 EQ C medium      3262 / 4095
[  22.75s] axe 30 EQ C medium      3276 / 4095
[  22.75s] axe 30 EQ C medium      3292 / 4095
[  22.75s] axe 30 EQ C medium      3307 / 4095
[  22.76s] axe 30 EQ C medium      3321 / 4095
[  22.76s] axe 30 EQ C medium      3334 / 4095
[  22.76s] axe 30 EQ C medium      3349 / 4095
[  22.76s] axe 30 EQ C medium      3364 / 4095
[  22.77s] axe 30 EQ C medium      3379 / 4095
[  22.77s] axe 30 EQ C medium      3393 / 4095
[  22.77s] axe 30 EQ C medium      3409 / 4095
[  22.77s] axe 30 EQ C medium      3423 / 4095
[  22.77s] axe 30 EQ C medium      3437 / 4095
[  22.78s] axe 30 EQ C medium      3451 / 4095
[  22.78s] axe 30 EQ C medium      3463 / 4095
[  22.78s] axe 30 EQ C medium      3477 / 4095
[  22.78s] axe 30 EQ C medium      3490 / 4095
[  22.79s] axe 30 EQ C medium      3503 / 4095
[  22.79s] axe 30 EQ C medium      3517 / 4095
[  22.79s] axe 30 EQ C medium      3531 / 4095
[  22.79s] axe 30 EQ C medium      3544 / 4095
[  22.79s] axe 30 EQ C medium      3556 / 4095
[  22.80s] axe 30 EQ C medium      3570 / 4095
[  22.80s] axe 30 EQ C medium      3585 / 4095
[  22.80s] axe 30 EQ C medium      3598 / 4095
[  22.80s] axe 30 EQ C medium      3612 / 4095
[  22.80s] axe 30 EQ C medium      3627 / 4095
[  22.81s] axe 30 EQ C medium      3641 / 4095
[  22.81s] axe 30 EQ C medium      3657 / 4095
[  22.81s] axe 30 EQ C medium      3672 / 4095
[  22.81s] axe 30 EQ C medium      3684 / 4095
[  22.82s] axe 30 EQ C medium      3696 / 4095
[  22.82s] axe 30 EQ C medium      3708 / 4095
[  22.82s] axe 30 EQ C medium      3722 / 4095
[  22.82s] axe 30 EQ C medium      3739 / 4095
[  22.82s] axe 30 EQ C medium      3752 / 4095
[  22.83s] axe 30 EQ C medium      3764 / 4095
[  22.83s] axe 30 EQ C medium      3779 / 4095
[  22.83s] axe 30 EQ C medium      3794 / 4095
[  22.83s] axe 30 EQ C medium      3806 / 4095
[  22.84s] axe 30 EQ C medium      3827 / 4095
[  22.84s] axe 30 EQ C medium      3840 / 4095
[  22.84s] axe 30 EQ C medium      3855 / 4095
[  22.84s] axe 30 EQ C medium      3866 / 4095
[  22.85s] axe 30 EQ C medium      3877 / 4095
[  22.85s] axe 30 EQ C medium      3888 / 4095
[  22.85s] axe 30 EQ C medium      3902 / 4095
[  22.85s] axe 30 EQ C medium      3919 / 4095
[  22.85s] axe 30 EQ C medium      3935 / 4095
[  22.86s] axe 30 EQ C medium      3948 / 4095
[  22.86s] axe 30 EQ C medium      3963 / 4095
[  22.86s] axe 30 EQ C medium      3977 / 4095
[  22.86s] axe 30 EQ C medium      3990 / 4095
[  22.87s] axe 30 EQ C medium      4004 / 4095
[  22.87s] axe 30 EQ C medium      4016 / 4095
[  22.87s] axe 30 EQ C medium      4030 / 4095
[  22.87s] axe 30 EQ C medium      4049 / 4095
[  22.88s] axe 30 EQ C medium      4064 / 4095
[  22.88s] axe 30 EQ C medium      4077 / 4095
[  22.88s] axe 30 EQ C medium      4094 / 4095
[  23.26s] axe 30 EQ C medium      4075 / 4095
[  23.26s] axe 30 EQ C medium      4055 / 4095
[  23.26s] axe 30 EQ C medium      4037 / 4095
[  23.27s] axe 30 EQ C medium      4021 / 4095
[  23.27s] axe 30 EQ C medium      4004 / 4095
[  23.27s] axe 30 EQ C medium      3989 / 4095
[  23.27s] axe 30 EQ C medium      3973 / 4095
[  23.28s] axe 30 EQ C medium      3959 / 4095
[  23.28s] axe 30 EQ C medium      3943 / 4095
[  23.28s] axe 30 EQ C medium      3925 / 4095
[  23.28s] axe 30 EQ C medium      3908 / 4095
[  23.28s] axe 30 EQ C medium      3894 / 4095
[  23.29s] axe 30 EQ C medium      3883 / 4095
[  23.29s] axe 30 EQ C medium      3871 / 4095
[  23.29s] axe 30 EQ C medium      3857 / 4095
[  23.29s] axe 30 EQ C medium      3843 / 4095
[  23.29s] axe 30 EQ C medium      3832 / 4095
[  23.30s] axe 30 EQ C medium      3813 / 4095
[  23.30s] axe 30 EQ C medium      3802 / 4095
[  23.30s] axe 30 EQ C medium      3789 / 4095
[  23.31s] axe 30 EQ C medium      3778 / 4095
[  23.31s] axe 30 EQ C medium      3760 / 4095
[  23.31s] axe 30 EQ C medium      3747 / 4095
[  23.31s] axe 30 EQ C medium      3736 / 4095
[  23.32s] axe 30 EQ C medium      3718 / 4095
[  23.32s] axe 30 EQ C medium      3702 / 4095
[  23.33s] axe 30 EQ C medium      3686 / 4095
[  23.33s] axe 30 EQ C medium      3666 / 4095
[  23.34s] axe 30 EQ C medium      3650 / 4095
[  23.34s] axe 30 EQ C medium      3632 / 4095
[  23.34s] axe 30 EQ C medium      3614 / 4095
[  23.35s] axe 30 EQ C medium      3598 / 4095
[  23.35s] axe 30 EQ C medium      3580 / 4095
[  23.36s] axe 30 EQ C medium      3564 / 4095
[  23.36s] axe 30 EQ C medium      3549 / 4095
[  23.37s] axe 30 EQ C medium      3531 / 4095
[  23.37s] axe 30 EQ C medium      3513 / 4095
[  23.37s] axe 30 EQ C medium      3496 / 4095
[  23.38s] axe 30 EQ C medium      3480 / 4095
[  23.38s] axe 30 EQ C medium      3464 / 4095
[  23.39s] axe 30 EQ C medium      3448 / 4095
[  23.39s] axe 30 EQ C medium      3432 / 4095
[  23.39s] axe 30 EQ C medium      3421 / 4095
[  23.40s] axe 30 EQ C medium      3405 / 4095
[  23.40s] axe 30 EQ C medium      3387 / 4095
[  23.41s] axe 30 EQ C medium      3368 / 4095
[  23.41s] axe 30 EQ C medium      3351 / 4095
[  23.42s] axe 30 EQ C medium      3337 / 4095
[  23.42s] axe 30 EQ C medium      3319 / 4095
[  23.42s] axe 30 EQ C medium      3300 / 4095
[  23.43s] axe 30 EQ C medium      3284 / 4095
[  23.43s] axe 30 EQ C medium      3266 / 4095
[  23.44s] axe 30 EQ C medium      3248 / 4095
[  23.44s] axe 30 EQ C medium      3232 / 4095
[  23.45s] axe 30 EQ C medium      3219 / 4095
[  23.45s] axe 30 EQ C medium      3207 / 4095
[  23.46s] axe 30 EQ C medium      3191 / 4095
[  23.47s] axe 30 EQ C medium      3177 / 4095
[  23.47s] axe 30 EQ C medium      3165 / 4095
[  23.47s] axe 30 EQ C medium      3148 / 4095
[  23.47s] axe 30 EQ C medium      3134 / 4095
[  23.48s] axe 30 EQ C medium      3121 / 4095
[  23.48s] axe 30 EQ C medium      3110 / 4095
[  23.49s] axe 30 EQ C medium      3098 / 4095
[  23.49s] axe 30 EQ C medium      3086 / 4095
[  23.50s] axe 30 EQ C medium      3073 / 4095
[  23.50s] axe 30 EQ C medium      3057 / 4095
[  23.50s] axe 30 EQ C medium      3043 / 4095
[  23.51s] axe 30 EQ C medium      3029 / 4095
[  23.51s] axe 30 EQ C medium      3016 / 4095
[  23.52s] axe 30 EQ C medium      3001 / 4095
[  23.52s] axe 30 EQ C medium      2989 / 4095
[  23.53s] axe 30 EQ C medium      2977 / 4095
[  23.53s] axe 30 EQ C medium      2965 / 4095
[  23.54s] axe 30 EQ C medium      2950 / 4095
[  23.55s] axe 30 EQ C medium      2935 / 4095
[  23.55s] axe 30 EQ C medium      2922 / 4095
[  23.56s] axe 30 EQ C medium      2908 / 4095
[  23.56s] axe 30 EQ C medium      2895 / 4095
[  23.57s] axe 30 EQ C medium      2882 / 4095
[  23.57s] axe 30 EQ C medium      2871 / 4095
[  23.58s] axe 30 EQ C medium      2859 / 4095
[  23.58s] axe 30 EQ C medium      2847 / 4095
[  23.59s] axe 30 EQ C medium      2836 / 4095
[  23.59s] axe 30 EQ C medium      2823 / 4095
[  23.60s] axe 30 EQ C medium      2811 / 4095
[  23.60s] axe 30 EQ C medium      2798 / 4095
[  23.62s] axe 30 EQ C medium      2785 / 4095
[  23.62s] axe 30 EQ C medium      2771 / 4095
[  23.62s] axe 30 EQ C medium      2758 / 4095
[  23.63s] axe 30 EQ C medium      2743 / 4095
[  23.63s] axe 30 EQ C medium      2732 / 4095
[  23.64s] axe 30 EQ C medium      2718 / 4095
[  23.64s] axe 30 EQ C medium      2703 / 4095
[  23.65s] axe 30 EQ C medium      2692 / 4095
[  23.65s] axe 30 EQ C medium      2678 / 4095
[  23.66s] axe 30 EQ C medium      2664 / 4095
[  23.67s] axe 30 EQ C medium      2652 / 4095
[  23.68s] axe 30 EQ C medium      2640 / 4095
[  23.69s] axe 30 EQ C medium      2628 / 4095
[  23.70s] axe 30 EQ C medium      2617 / 4095
[  23.71s] axe 30 EQ C medium      2604 / 4095
[  23.72s] axe 30 EQ C medium      2591 / 4095
[  23.72s] axe 30 EQ C medium      2577 / 4095
[  23.73s] axe 30 EQ C medium      2566 / 4095
[  23.74s] axe 30 EQ C medium      2554 / 4095
[  23.75s] axe 30 EQ C medium      2543 / 4095
[  23.76s] axe 30 EQ C medium      2532 / 4095
[  23.78s] axe 30 EQ C medium      2521 / 4095
[  23.78s] axe 30 EQ C medium      2510 / 4095
[  23.80s] axe 30 EQ C medium      2498 / 4095
[  23.80s] axe 30 EQ C medium      2486 / 4095
[  23.81s] axe 30 EQ C medium      2475 / 4095
[  23.83s] axe 30 EQ C medium      2463 / 4095
[  23.84s] axe 30 EQ C medium      2451 / 4095
[  23.85s] axe 30 EQ C medium      2438 / 4095
[  23.86s] axe 30 EQ C medium      2424 / 4095
[  23.87s] axe 30 EQ C medium      2411 / 4095
[  23.88s] axe 30 EQ C medium      2397 / 4095
[  23.88s] axe 30 EQ C medium      2381 / 4095
[  23.89s] axe 30 EQ C medium      2368 / 4095
[  23.89s] axe 30 EQ C medium      2357 / 4095
[  23.90s] axe 30 EQ C medium      2346 / 4095
[  23.90s] axe 30 EQ C medium      2332 / 4095
[  23.90s] axe 30 EQ C medium      2318 / 4095
[  23.91s] axe 30 EQ C medium      2306 / 4095
[  23.92s] axe 30 EQ C medium      2290 / 4095
[  23.92s] axe 30 EQ C medium      2278 / 4095
[  23.92s] axe 30 EQ C medium      2263 / 4095
[  23.93s] axe 30 EQ C medium      2248 / 4095
[  23.93s] axe 30 EQ C medium      2234 / 4095
[  23.94s] axe 30 EQ C medium      2221 / 4095
[  23.94s] axe 30 EQ C medium      2209 / 4095
[  23.95s] axe 30 EQ C medium      2197 / 4095
[  23.95s] axe 30 EQ C medium      2184 / 4095
[  23.95s] axe 30 EQ C medium      2172 / 4095
[  23.96s] axe 30 EQ C medium      2160 / 4095
[  23.96s] axe 30 EQ C medium      2146 / 4095
[  23.97s] axe 30 EQ C medium      2127 / 4095
[  23.97s] axe 30 EQ C medium      2113 / 4095
[  24.00s] axe 30 EQ C medium      2102 / 4095
[  24.54s] … 2376 blocs recus depuis 3 s, aucun changement (total 16664)
[  24.64s] axe 26 EQ A medium      2094 / 4095
[  24.65s] axe 26 EQ A medium      2082 / 4095
[  24.66s] axe 26 EQ A medium      2066 / 4095
[  24.66s] axe 26 EQ A medium      2052 / 4095
[  24.66s] axe 26 EQ A medium      2033 / 4095
[  24.67s] axe 26 EQ A medium      2021 / 4095
[  24.67s] axe 26 EQ A medium      2006 / 4095
[  24.67s] axe 26 EQ A medium      1991 / 4095
[  24.67s] axe 26 EQ A medium      1977 / 4095
[  24.67s] axe 26 EQ A medium      1958 / 4095
[  24.68s] axe 26 EQ A medium      1939 / 4095
[  24.68s] axe 26 EQ A medium      1920 / 4095
[  24.68s] axe 26 EQ A medium      1900 / 4095
[  24.68s] axe 26 EQ A medium      1883 / 4095
[  24.69s] axe 26 EQ A medium      1865 / 4095
[  24.69s] axe 26 EQ A medium      1844 / 4095
[  24.69s] axe 26 EQ A medium      1820 / 4095
[  24.69s] axe 26 EQ A medium      1797 / 4095
[  24.69s] axe 26 EQ A medium      1774 / 4095
[  24.70s] axe 26 EQ A medium      1752 / 4095
[  24.70s] axe 26 EQ A medium      1730 / 4095
[  24.70s] axe 26 EQ A medium      1710 / 4095
[  24.70s] axe 26 EQ A medium      1692 / 4095
[  24.71s] axe 26 EQ A medium      1674 / 4095
[  24.71s] axe 26 EQ A medium      1653 / 4095
[  24.71s] axe 26 EQ A medium      1636 / 4095
[  24.71s] axe 26 EQ A medium      1620 / 4095
[  24.71s] axe 26 EQ A medium      1603 / 4095
[  24.72s] axe 26 EQ A medium      1584 / 4095
[  24.72s] axe 26 EQ A medium      1566 / 4095
[  24.72s] axe 26 EQ A medium      1547 / 4095
[  24.72s] axe 26 EQ A medium      1522 / 4095
[  24.73s] axe 26 EQ A medium      1497 / 4095
[  24.73s] axe 26 EQ A medium      1475 / 4095
[  24.73s] axe 26 EQ A medium      1453 / 4095
[  24.73s] axe 26 EQ A medium      1428 / 4095
[  24.73s] axe 26 EQ A medium      1407 / 4095
[  24.74s] axe 26 EQ A medium      1388 / 4095
[  24.74s] axe 26 EQ A medium      1371 / 4095
[  24.74s] axe 26 EQ A medium      1354 / 4095
[  24.74s] axe 26 EQ A medium      1335 / 4095
[  24.75s] axe 26 EQ A medium      1314 / 4095
[  24.75s] axe 26 EQ A medium      1294 / 4095
[  24.75s] axe 26 EQ A medium      1275 / 4095
[  24.75s] axe 26 EQ A medium      1259 / 4095
[  24.75s] axe 26 EQ A medium      1243 / 4095
[  24.76s] axe 26 EQ A medium      1226 / 4095
[  24.76s] axe 26 EQ A medium      1210 / 4095
[  24.76s] axe 26 EQ A medium      1193 / 4095
[  24.76s] axe 26 EQ A medium      1178 / 4095
[  24.76s] axe 26 EQ A medium      1163 / 4095
[  24.77s] axe 26 EQ A medium      1149 / 4095
[  24.77s] axe 26 EQ A medium      1131 / 4095
[  24.77s] axe 26 EQ A medium      1117 / 4095
[  24.78s] axe 26 EQ A medium      1102 / 4095
[  24.78s] axe 26 EQ A medium      1085 / 4095
[  24.78s] axe 26 EQ A medium      1062 / 4095
[  24.78s] axe 26 EQ A medium      1044 / 4095
[  24.78s] axe 26 EQ A medium      1025 / 4095
[  24.78s] axe 26 EQ A medium      1006 / 4095
[  24.79s] axe 26 EQ A medium       988 / 4095
[  24.79s] axe 26 EQ A medium       969 / 4095
[  24.79s] axe 26 EQ A medium       951 / 4095
[  24.79s] axe 26 EQ A medium       932 / 4095
[  24.80s] axe 26 EQ A medium       915 / 4095
[  24.80s] axe 26 EQ A medium       894 / 4095
[  24.80s] axe 26 EQ A medium       875 / 4095
[  24.80s] axe 26 EQ A medium       859 / 4095
[  24.80s] axe 26 EQ A medium       842 / 4095
[  24.81s] axe 26 EQ A medium       827 / 4095
[  24.81s] axe 26 EQ A medium       812 / 4095
[  24.81s] axe 26 EQ A medium       796 / 4095
[  24.81s] axe 26 EQ A medium       780 / 4095
[  24.82s] axe 26 EQ A medium       764 / 4095
[  24.82s] axe 26 EQ A medium       752 / 4095
[  24.82s] axe 26 EQ A medium       740 / 4095
[  24.82s] axe 26 EQ A medium       729 / 4095
[  24.83s] axe 26 EQ A medium       708 / 4095
[  24.83s] axe 26 EQ A medium       696 / 4095
[  24.83s] axe 26 EQ A medium       684 / 4095
[  24.83s] axe 26 EQ A medium       673 / 4095
[  24.84s] axe 26 EQ A medium       653 / 4095
[  24.84s] axe 26 EQ A medium       636 / 4095
[  24.84s] axe 26 EQ A medium       625 / 4095
[  24.85s] axe 26 EQ A medium       614 / 4095
[  24.85s] axe 26 EQ A medium       602 / 4095
[  24.85s] axe 26 EQ A medium       591 / 4095
[  24.85s] axe 26 EQ A medium       580 / 4095
[  24.86s] axe 26 EQ A medium       562 / 4095
[  24.86s] axe 26 EQ A medium       542 / 4095
[  24.86s] axe 26 EQ A medium       531 / 4095
[  24.87s] axe 26 EQ A medium       515 / 4095
[  24.87s] axe 26 EQ A medium       497 / 4095
[  24.88s] axe 26 EQ A medium       479 / 4095
[  24.88s] axe 26 EQ A medium       467 / 4095
[  24.88s] axe 26 EQ A medium       454 / 4095
[  24.88s] axe 26 EQ A medium       441 / 4095
[  24.88s] axe 26 EQ A medium       429 / 4095
[  24.89s] axe 26 EQ A medium       416 / 4095
[  24.89s] axe 26 EQ A medium       403 / 4095
[  24.89s] axe 26 EQ A medium       390 / 4095
[  24.89s] axe 26 EQ A medium       379 / 4095
[  24.90s] axe 26 EQ A medium       366 / 4095
[  24.90s] axe 26 EQ A medium       354 / 4095
[  24.90s] axe 26 EQ A medium       338 / 4095
[  24.90s] axe 26 EQ A medium       322 / 4095
[  24.90s] axe 26 EQ A medium       308 / 4095
[  24.91s] axe 26 EQ A medium       295 / 4095
[  24.91s] axe 26 EQ A medium       280 / 4095
[  24.91s] axe 26 EQ A medium       263 / 4095
[  24.91s] axe 26 EQ A medium       248 / 4095
[  24.92s] axe 26 EQ A medium       235 / 4095
[  24.92s] axe 26 EQ A medium       220 / 4095
[  24.92s] axe 26 EQ A medium       204 / 4095
[  24.92s] axe 26 EQ A medium       187 / 4095
[  24.92s] axe 26 EQ A medium       173 / 4095
[  24.93s] axe 26 EQ A medium       159 / 4095
[  24.93s] axe 26 EQ A medium       145 / 4095
[  24.93s] axe 26 EQ A medium       131 / 4095
[  24.93s] axe 26 EQ A medium       118 / 4095
[  24.94s] axe 26 EQ A medium       102 / 4095
[  24.94s] axe 26 EQ A medium        89 / 4095
[  24.94s] axe 26 EQ A medium        75 / 4095
[  24.94s] axe 26 EQ A medium        61 / 4095
[  24.94s] axe 26 EQ A medium        50 / 4095
[  24.95s] axe 26 EQ A medium        33 / 4095
[  24.95s] axe 26 EQ A medium        16 / 4095
[  24.96s] axe 26 EQ A medium         4 / 4095
[  25.47s] axe 26 EQ A medium        16 / 4095
[  25.47s] axe 26 EQ A medium        28 / 4095
[  25.47s] axe 26 EQ A medium        40 / 4095
[  25.47s] axe 26 EQ A medium        56 / 4095
[  25.48s] axe 26 EQ A medium        74 / 4095
[  25.48s] axe 26 EQ A medium        92 / 4095
[  25.48s] axe 26 EQ A medium       110 / 4095
[  25.48s] axe 26 EQ A medium       128 / 4095
[  25.48s] axe 26 EQ A medium       147 / 4095
[  25.49s] axe 26 EQ A medium       165 / 4095
[  25.49s] axe 26 EQ A medium       185 / 4095
[  25.49s] axe 26 EQ A medium       205 / 4095
[  25.49s] axe 26 EQ A medium       222 / 4095
[  25.49s] axe 26 EQ A medium       241 / 4095
[  25.50s] axe 26 EQ A medium       261 / 4095
[  25.50s] axe 26 EQ A medium       279 / 4095
[  25.50s] axe 26 EQ A medium       298 / 4095
[  25.50s] axe 26 EQ A medium       319 / 4095
[  25.51s] axe 26 EQ A medium       339 / 4095
[  25.51s] axe 26 EQ A medium       357 / 4095
[  25.51s] axe 26 EQ A medium       376 / 4095
[  25.51s] axe 26 EQ A medium       395 / 4095
[  25.51s] axe 26 EQ A medium       415 / 4095
[  25.52s] axe 26 EQ A medium       436 / 4095
[  25.52s] axe 26 EQ A medium       458 / 4095
[  25.52s] axe 26 EQ A medium       476 / 4095
[  25.52s] axe 26 EQ A medium       493 / 4095
[  25.53s] axe 26 EQ A medium       510 / 4095
[  25.53s] axe 26 EQ A medium       530 / 4095
[  25.53s] axe 26 EQ A medium       547 / 4095
[  25.53s] axe 26 EQ A medium       566 / 4095
[  25.53s] axe 26 EQ A medium       585 / 4095
[  25.54s] axe 26 EQ A medium       606 / 4095
[  25.54s] axe 26 EQ A medium       622 / 4095
[  25.54s] axe 26 EQ A medium       639 / 4095
[  25.54s] axe 26 EQ A medium       655 / 4095
[  25.55s] axe 26 EQ A medium       673 / 4095
[  25.55s] axe 26 EQ A medium       689 / 4095
[  25.55s] axe 26 EQ A medium       704 / 4095
[  25.55s] axe 26 EQ A medium       718 / 4095
[  25.55s] axe 26 EQ A medium       732 / 4095
[  25.56s] axe 26 EQ A medium       748 / 4095
[  25.56s] axe 26 EQ A medium       765 / 4095
[  25.56s] axe 26 EQ A medium       782 / 4095
[  25.56s] axe 26 EQ A medium       797 / 4095
[  25.56s] axe 26 EQ A medium       812 / 4095
[  25.57s] axe 26 EQ A medium       826 / 4095
[  25.57s] axe 26 EQ A medium       839 / 4095
[  25.57s] axe 26 EQ A medium       855 / 4095
[  25.57s] axe 26 EQ A medium       872 / 4095
[  25.58s] axe 26 EQ A medium       887 / 4095
[  25.58s] axe 26 EQ A medium       900 / 4095
[  25.58s] axe 26 EQ A medium       913 / 4095
[  25.58s] axe 26 EQ A medium       925 / 4095
[  25.58s] axe 26 EQ A medium       939 / 4095
[  25.59s] axe 26 EQ A medium       952 / 4095
[  25.59s] axe 26 EQ A medium       964 / 4095
[  25.59s] axe 26 EQ A medium       977 / 4095
[  25.59s] axe 26 EQ A medium       990 / 4095
[  25.59s] axe 26 EQ A medium      1004 / 4095
[  25.60s] axe 26 EQ A medium      1017 / 4095
[  25.60s] axe 26 EQ A medium      1030 / 4095
[  25.60s] axe 26 EQ A medium      1042 / 4095
[  25.60s] axe 26 EQ A medium      1055 / 4095
[  25.61s] axe 26 EQ A medium      1068 / 4095
[  25.61s] axe 26 EQ A medium      1081 / 4095
[  25.61s] axe 26 EQ A medium      1104 / 4095
[  25.61s] axe 26 EQ A medium      1117 / 4095
[  25.62s] axe 26 EQ A medium      1129 / 4095
[  25.62s] axe 26 EQ A medium      1140 / 4095
[  25.62s] axe 26 EQ A medium      1153 / 4095
[  25.62s] axe 26 EQ A medium      1165 / 4095
[  25.63s] axe 26 EQ A medium      1177 / 4095
[  25.63s] axe 26 EQ A medium      1190 / 4095
[  25.63s] axe 26 EQ A medium      1204 / 4095
[  25.63s] axe 26 EQ A medium      1217 / 4095
[  25.63s] axe 26 EQ A medium      1228 / 4095
[  25.64s] axe 26 EQ A medium      1241 / 4095
[  25.64s] axe 26 EQ A medium      1256 / 4095
[  25.64s] axe 26 EQ A medium      1272 / 4095
[  25.64s] axe 26 EQ A medium      1289 / 4095
[  25.65s] axe 26 EQ A medium      1306 / 4095
[  25.65s] axe 26 EQ A medium      1322 / 4095
[  25.65s] axe 26 EQ A medium      1336 / 4095
[  25.65s] axe 26 EQ A medium      1348 / 4095
[  25.65s] axe 26 EQ A medium      1362 / 4095
[  25.66s] axe 26 EQ A medium      1377 / 4095
[  25.66s] axe 26 EQ A medium      1396 / 4095
[  25.66s] axe 26 EQ A medium      1412 / 4095
[  25.66s] axe 26 EQ A medium      1427 / 4095
[  25.66s] axe 26 EQ A medium      1442 / 4095
[  25.67s] axe 26 EQ A medium      1460 / 4095
[  25.67s] axe 26 EQ A medium      1478 / 4095
[  25.67s] axe 26 EQ A medium      1495 / 4095
[  25.67s] axe 26 EQ A medium      1511 / 4095
[  25.68s] axe 26 EQ A medium      1526 / 4095
[  25.68s] axe 26 EQ A medium      1543 / 4095
[  25.68s] axe 26 EQ A medium      1558 / 4095
[  25.68s] axe 26 EQ A medium      1574 / 4095
[  25.68s] axe 26 EQ A medium      1590 / 4095
[  25.69s] axe 26 EQ A medium      1605 / 4095
[  25.69s] axe 26 EQ A medium      1624 / 4095
[  25.69s] axe 26 EQ A medium      1641 / 4095
[  25.69s] axe 26 EQ A medium      1655 / 4095
[  25.70s] axe 26 EQ A medium      1670 / 4095
[  25.70s] axe 26 EQ A medium      1684 / 4095
[  25.70s] axe 26 EQ A medium      1699 / 4095
[  25.70s] axe 26 EQ A medium      1715 / 4095
[  25.70s] axe 26 EQ A medium      1730 / 4095
[  25.71s] axe 26 EQ A medium      1744 / 4095
[  25.71s] axe 26 EQ A medium      1756 / 4095
[  25.71s] axe 26 EQ A medium      1768 / 4095
[  25.71s] axe 26 EQ A medium      1780 / 4095
[  25.71s] axe 26 EQ A medium      1795 / 4095
[  25.72s] axe 26 EQ A medium      1809 / 4095
[  25.72s] axe 26 EQ A medium      1822 / 4095
[  25.72s] axe 26 EQ A medium      1833 / 4095
[  25.72s] axe 26 EQ A medium      1844 / 4095
[  25.73s] axe 26 EQ A medium      1862 / 4095
[  25.73s] axe 26 EQ A medium      1878 / 4095
[  25.74s] axe 26 EQ A medium      1893 / 4095
[  25.74s] axe 26 EQ A medium      1908 / 4095
[  25.75s] axe 26 EQ A medium      1921 / 4095
[  25.75s] axe 26 EQ A medium      1935 / 4095
[  25.76s] axe 26 EQ A medium      1947 / 4095
[  25.77s] axe 26 EQ A medium      1959 / 4095
[  25.77s] axe 26 EQ A medium      1971 / 4095
[  25.78s] axe 26 EQ A medium      1985 / 4095
[  25.78s] axe 26 EQ A medium      1998 / 4095
[  25.79s] axe 26 EQ A medium      2010 / 4095
[  25.80s] axe 26 EQ A medium      2022 / 4095
[  25.80s] axe 26 EQ A medium      2033 / 4095
[  25.82s] axe 26 EQ A medium      2044 / 4095
[  25.83s] axe 26 EQ A medium      2057 / 4095
[  25.84s] axe 26 EQ A medium      2070 / 4095
[  25.84s] axe 26 EQ A medium      2086 / 4095
[  25.85s] axe 26 EQ A medium      2102 / 4095
[  25.86s] axe 26 EQ A medium      2113 / 4095
[  25.88s] axe 26 EQ A medium      2124 / 4095
[  25.99s] axe 26 EQ A medium      2113 / 4095
[  26.34s] axe 26 EQ A medium      2125 / 4095
[  26.35s] axe 26 EQ A medium      2137 / 4095
[  26.35s] axe 26 EQ A medium      2148 / 4095
[  26.36s] axe 26 EQ A medium      2163 / 4095
[  26.36s] axe 26 EQ A medium      2174 / 4095
[  26.36s] axe 26 EQ A medium      2189 / 4095
[  26.37s] axe 26 EQ A medium      2204 / 4095
[  26.37s] axe 26 EQ A medium      2218 / 4095
[  26.37s] axe 26 EQ A medium      2230 / 4095
[  26.37s] axe 26 EQ A medium      2246 / 4095
[  26.38s] axe 26 EQ A medium      2266 / 4095
[  26.38s] axe 26 EQ A medium      2283 / 4095
[  26.38s] axe 26 EQ A medium      2296 / 4095
[  26.38s] axe 26 EQ A medium      2308 / 4095
[  26.38s] axe 26 EQ A medium      2320 / 4095
[  26.39s] axe 26 EQ A medium      2332 / 4095
[  26.39s] axe 26 EQ A medium      2348 / 4095
[  26.39s] axe 26 EQ A medium      2365 / 4095
[  26.39s] axe 26 EQ A medium      2378 / 4095
[  26.39s] axe 26 EQ A medium      2391 / 4095
[  26.40s] axe 26 EQ A medium      2405 / 4095
[  26.40s] axe 26 EQ A medium      2420 / 4095
[  26.40s] axe 26 EQ A medium      2434 / 4095
[  26.40s] axe 26 EQ A medium      2448 / 4095
[  26.40s] axe 26 EQ A medium      2465 / 4095
[  26.41s] axe 26 EQ A medium      2484 / 4095
[  26.41s] axe 26 EQ A medium      2506 / 4095
[  26.41s] axe 26 EQ A medium      2530 / 4095
[  26.41s] axe 26 EQ A medium      2553 / 4095
[  26.42s] axe 26 EQ A medium      2576 / 4095
[  26.42s] axe 26 EQ A medium      2598 / 4095
[  26.42s] axe 26 EQ A medium      2621 / 4095
[  26.42s] axe 26 EQ A medium      2645 / 4095
[  26.43s] axe 26 EQ A medium      2674 / 4095
[  26.43s] axe 26 EQ A medium      2696 / 4095
[  26.43s] axe 26 EQ A medium      2718 / 4095
[  26.44s] axe 26 EQ A medium      2740 / 4095
[  26.44s] axe 26 EQ A medium      2764 / 4095
[  26.44s] axe 26 EQ A medium      2800 / 4095
[  26.44s] axe 26 EQ A medium      2818 / 4095
[  26.45s] axe 26 EQ A medium      2838 / 4095
[  26.45s] axe 26 EQ A medium      2859 / 4095
[  26.45s] axe 26 EQ A medium      2880 / 4095
[  26.45s] axe 26 EQ A medium      2901 / 4095
[  26.45s] axe 26 EQ A medium      2923 / 4095
[  26.45s] axe 26 EQ A medium      2945 / 4095
[  26.46s] axe 26 EQ A medium      2966 / 4095
[  26.46s] axe 26 EQ A medium      2991 / 4095
[  26.46s] axe 26 EQ A medium      3014 / 4095
[  26.46s] axe 26 EQ A medium      3035 / 4095
[  26.46s] axe 26 EQ A medium      3057 / 4095
[  26.47s] axe 26 EQ A medium      3081 / 4095
[  26.47s] axe 26 EQ A medium      3105 / 4095
[  26.47s] axe 26 EQ A medium      3131 / 4095
[  26.47s] axe 26 EQ A medium      3153 / 4095
[  26.48s] axe 26 EQ A medium      3176 / 4095
[  26.48s] axe 26 EQ A medium      3200 / 4095
[  26.48s] axe 26 EQ A medium      3226 / 4095
[  26.48s] axe 26 EQ A medium      3250 / 4095
[  26.48s] axe 26 EQ A medium      3275 / 4095
[  26.49s] axe 26 EQ A medium      3299 / 4095
[  26.49s] axe 26 EQ A medium      3323 / 4095
[  26.49s] axe 26 EQ A medium      3347 / 4095
[  26.49s] axe 26 EQ A medium      3370 / 4095
[  26.49s] axe 26 EQ A medium      3391 / 4095
[  26.50s] axe 26 EQ A medium      3411 / 4095
[  26.50s] axe 26 EQ A medium      3433 / 4095
[  26.50s] axe 26 EQ A medium      3453 / 4095
[  26.50s] axe 26 EQ A medium      3475 / 4095
[  26.51s] axe 26 EQ A medium      3496 / 4095
[  26.51s] axe 26 EQ A medium      3517 / 4095
[  26.51s] axe 26 EQ A medium      3536 / 4095
[  26.51s] axe 26 EQ A medium      3553 / 4095
[  26.51s] axe 26 EQ A medium      3572 / 4095
[  26.52s] axe 26 EQ A medium      3593 / 4095
[  26.52s] axe 26 EQ A medium      3612 / 4095
[  26.52s] axe 26 EQ A medium      3631 / 4095
[  26.52s] axe 26 EQ A medium      3651 / 4095
[  26.53s] axe 26 EQ A medium      3668 / 4095
[  26.53s] axe 26 EQ A medium      3687 / 4095
[  26.53s] axe 26 EQ A medium      3707 / 4095
[  26.53s] axe 26 EQ A medium      3729 / 4095
[  26.53s] axe 26 EQ A medium      3747 / 4095
[  26.54s] axe 26 EQ A medium      3767 / 4095
[  26.54s] axe 26 EQ A medium      3789 / 4095
[  26.54s] axe 26 EQ A medium      3809 / 4095
[  26.54s] axe 26 EQ A medium      3828 / 4095
[  26.54s] axe 26 EQ A medium      3851 / 4095
[  26.55s] axe 26 EQ A medium      3870 / 4095
[  26.55s] axe 26 EQ A medium      3889 / 4095
[  26.55s] axe 26 EQ A medium      3907 / 4095
[  26.55s] axe 26 EQ A medium      3927 / 4095
[  26.56s] axe 26 EQ A medium      3951 / 4095
[  26.56s] axe 26 EQ A medium      3977 / 4095
[  26.56s] axe 26 EQ A medium      4006 / 4095
[  26.56s] axe 26 EQ A medium      4029 / 4095
[  26.56s] axe 26 EQ A medium      4053 / 4095
[  26.57s] axe 26 EQ A medium      4082 / 4095
[  26.57s] axe 26 EQ A medium      4095 / 4095
[  26.96s] axe 26 EQ A medium      4081 / 4095
[  26.96s] axe 26 EQ A medium      4065 / 4095
[  26.96s] axe 26 EQ A medium      4051 / 4095
[  26.96s] axe 26 EQ A medium      4031 / 4095
[  26.97s] axe 26 EQ A medium      4015 / 4095
[  26.97s] axe 26 EQ A medium      3997 / 4095
[  26.97s] axe 26 EQ A medium      3984 / 4095
[  26.97s] axe 26 EQ A medium      3971 / 4095
[  26.98s] axe 26 EQ A medium      3954 / 4095
[  26.98s] axe 26 EQ A medium      3939 / 4095
[  26.98s] axe 26 EQ A medium      3928 / 4095
[  26.98s] axe 26 EQ A medium      3906 / 4095
[  26.99s] axe 26 EQ A medium      3895 / 4095
[  26.99s] axe 26 EQ A medium      3878 / 4095
[  26.99s] axe 26 EQ A medium      3865 / 4095
[  27.00s] axe 26 EQ A medium      3851 / 4095
[  27.00s] axe 26 EQ A medium      3839 / 4095
[  27.00s] axe 26 EQ A medium      3818 / 4095
[  27.00s] axe 26 EQ A medium      3804 / 4095
[  27.01s] axe 26 EQ A medium      3789 / 4095
[  27.01s] axe 26 EQ A medium      3778 / 4095
[  27.01s] axe 26 EQ A medium      3757 / 4095
[  27.02s] axe 26 EQ A medium      3744 / 4095
[  27.02s] axe 26 EQ A medium      3731 / 4095
[  27.02s] axe 26 EQ A medium      3717 / 4095
[  27.02s] axe 26 EQ A medium      3705 / 4095
[  27.02s] axe 26 EQ A medium      3693 / 4095
[  27.03s] axe 26 EQ A medium      3671 / 4095
[  27.03s] axe 26 EQ A medium      3658 / 4095
[  27.03s] axe 26 EQ A medium      3645 / 4095
[  27.03s] axe 26 EQ A medium      3633 / 4095
[  27.04s] axe 26 EQ A medium      3622 / 4095
[  27.04s] axe 26 EQ A medium      3610 / 4095
[  27.04s] axe 26 EQ A medium      3596 / 4095
[  27.04s] axe 26 EQ A medium      3582 / 4095
[  27.05s] axe 26 EQ A medium      3571 / 4095
[  27.05s] axe 26 EQ A medium      3559 / 4095
[  27.05s] axe 26 EQ A medium      3535 / 4095
[  27.05s] axe 26 EQ A medium      3523 / 4095
[  27.06s] axe 26 EQ A medium      3511 / 4095
[  27.06s] axe 26 EQ A medium      3494 / 4095
[  27.06s] axe 26 EQ A medium      3479 / 4095
[  27.06s] axe 26 EQ A medium      3463 / 4095
[  27.07s] axe 26 EQ A medium      3445 / 4095
[  27.07s] axe 26 EQ A medium      3433 / 4095
[  27.07s] axe 26 EQ A medium      3419 / 4095
[  27.07s] axe 26 EQ A medium      3405 / 4095
[  27.07s] axe 26 EQ A medium      3388 / 4095
[  27.08s] axe 26 EQ A medium      3372 / 4095
[  27.08s] axe 26 EQ A medium      3357 / 4095
[  27.08s] axe 26 EQ A medium      3342 / 4095
[  27.08s] axe 26 EQ A medium      3326 / 4095
[  27.08s] axe 26 EQ A medium      3309 / 4095
[  27.09s] axe 26 EQ A medium      3294 / 4095
[  27.09s] axe 26 EQ A medium      3279 / 4095
[  27.09s] axe 26 EQ A medium      3262 / 4095
[  27.10s] axe 26 EQ A medium      3245 / 4095
[  27.10s] axe 26 EQ A medium      3230 / 4095
[  27.10s] axe 26 EQ A medium      3215 / 4095
[  27.10s] axe 26 EQ A medium      3202 / 4095
[  27.10s] axe 26 EQ A medium      3190 / 4095
[  27.10s] axe 26 EQ A medium      3178 / 4095
[  27.11s] axe 26 EQ A medium      3164 / 4095
[  27.11s] axe 26 EQ A medium      3149 / 4095
[  27.11s] axe 26 EQ A medium      3135 / 4095
[  27.11s] axe 26 EQ A medium      3122 / 4095
[  27.11s] axe 26 EQ A medium      3108 / 4095
[  27.12s] axe 26 EQ A medium      3095 / 4095
[  27.12s] axe 26 EQ A medium      3083 / 4095
[  27.12s] axe 26 EQ A medium      3061 / 4095
[  27.13s] axe 26 EQ A medium      3050 / 4095
[  27.13s] axe 26 EQ A medium      3039 / 4095
[  27.13s] axe 26 EQ A medium      3026 / 4095
[  27.13s] axe 26 EQ A medium      3014 / 4095
[  27.14s] axe 26 EQ A medium      2994 / 4095
[  27.14s] axe 26 EQ A medium      2974 / 4095
[  27.15s] axe 26 EQ A medium      2955 / 4095
[  27.15s] axe 26 EQ A medium      2938 / 4095
[  27.15s] axe 26 EQ A medium      2920 / 4095
[  27.16s] axe 26 EQ A medium      2902 / 4095
[  27.16s] axe 26 EQ A medium      2883 / 4095
[  27.17s] axe 26 EQ A medium      2863 / 4095
[  27.17s] axe 26 EQ A medium      2847 / 4095
[  27.18s] axe 26 EQ A medium      2833 / 4095
[  27.18s] axe 26 EQ A medium      2820 / 4095
[  27.18s] axe 26 EQ A medium      2806 / 4095
[  27.19s] axe 26 EQ A medium      2788 / 4095
[  27.19s] axe 26 EQ A medium      2770 / 4095
[  27.20s] axe 26 EQ A medium      2755 / 4095
[  27.20s] axe 26 EQ A medium      2739 / 4095
[  27.21s] axe 26 EQ A medium      2725 / 4095
[  27.21s] axe 26 EQ A medium      2713 / 4095
[  27.22s] axe 26 EQ A medium      2702 / 4095
[  27.23s] axe 26 EQ A medium      2688 / 4095
[  27.23s] axe 26 EQ A medium      2674 / 4095
[  27.23s] axe 26 EQ A medium      2662 / 4095
[  27.24s] axe 26 EQ A medium      2651 / 4095
[  27.26s] axe 26 EQ A medium      2639 / 4095
[  27.27s] axe 26 EQ A medium      2628 / 4095
[  27.28s] axe 26 EQ A medium      2617 / 4095
[  27.29s] axe 26 EQ A medium      2605 / 4095
[  27.30s] axe 26 EQ A medium      2593 / 4095
[  27.31s] axe 26 EQ A medium      2582 / 4095
[  27.32s] axe 26 EQ A medium      2570 / 4095
[  27.33s] axe 26 EQ A medium      2553 / 4095
[  27.33s] axe 26 EQ A medium      2539 / 4095
[  27.33s] axe 26 EQ A medium      2522 / 4095
[  27.34s] axe 26 EQ A medium      2503 / 4095
[  27.35s] axe 26 EQ A medium      2485 / 4095
[  27.35s] axe 26 EQ A medium      2470 / 4095
[  27.35s] axe 26 EQ A medium      2454 / 4095
[  27.36s] axe 26 EQ A medium      2436 / 4095
[  27.36s] axe 26 EQ A medium      2421 / 4095
[  27.37s] axe 26 EQ A medium      2409 / 4095
[  27.37s] axe 26 EQ A medium      2395 / 4095
[  27.38s] axe 26 EQ A medium      2383 / 4095
[  27.39s] axe 26 EQ A medium      2372 / 4095
[  27.40s] axe 26 EQ A medium      2361 / 4095
[  27.41s] axe 26 EQ A medium      2349 / 4095
[  27.43s] axe 26 EQ A medium      2338 / 4095
[  27.44s] axe 26 EQ A medium      2327 / 4095
[  27.46s] axe 26 EQ A medium      2315 / 4095
[  27.46s] axe 26 EQ A medium      2302 / 4095
[  27.47s] axe 26 EQ A medium      2291 / 4095
[  27.47s] axe 26 EQ A medium      2277 / 4095
[  27.47s] axe 26 EQ A medium      2263 / 4095
[  27.48s] axe 26 EQ A medium      2252 / 4095
[  27.49s] axe 26 EQ A medium      2238 / 4095
[  27.49s] axe 26 EQ A medium      2226 / 4095
[  27.49s] axe 26 EQ A medium      2209 / 4095
[  27.50s] axe 26 EQ A medium      2191 / 4095
[  27.50s] axe 26 EQ A medium      2174 / 4095
[  27.50s] axe 26 EQ A medium      2163 / 4095
[  27.51s] axe 26 EQ A medium      2150 / 4095
[  27.51s] axe 26 EQ A medium      2137 / 4095
[  27.51s] axe 26 EQ A medium      2121 / 4095
[  27.53s] axe 26 EQ A medium      2110 / 4095
[  27.81s] … 3024 blocs recus depuis 3 s, aucun changement (total 19688)
[  28.24s] axe 22 EQ B medium      2323 / 4095
[  28.25s] axe 22 EQ B medium      2311 / 4095
[  28.26s] axe 22 EQ B medium      2293 / 4095
[  28.26s] axe 22 EQ B medium      2271 / 4095
[  28.26s] axe 22 EQ B medium      2259 / 4095
[  28.26s] axe 22 EQ B medium      2243 / 4095
[  28.27s] axe 22 EQ B medium      2229 / 4095
[  28.27s] axe 22 EQ B medium      2217 / 4095
[  28.27s] axe 22 EQ B medium      2197 / 4095
[  28.27s] axe 22 EQ B medium      2176 / 4095
[  28.28s] axe 22 EQ B medium      2155 / 4095
[  28.28s] axe 22 EQ B medium      2138 / 4095
[  28.28s] axe 22 EQ B medium      2125 / 4095
[  28.28s] axe 22 EQ B medium      2114 / 4095
[  28.29s] axe 22 EQ B medium      2095 / 4095
[  28.29s] axe 22 EQ B medium      2081 / 4095
[  28.29s] axe 22 EQ B medium      2064 / 4095
[  28.30s] axe 22 EQ B medium      2052 / 4095
[  28.30s] axe 22 EQ B medium      2040 / 4095
[  28.30s] axe 22 EQ B medium      2029 / 4095
[  28.30s] axe 22 EQ B medium      2018 / 4095
[  28.31s] axe 22 EQ B medium      2006 / 4095
[  28.31s] axe 22 EQ B medium      1994 / 4095
[  28.31s] axe 22 EQ B medium      1980 / 4095
[  28.31s] axe 22 EQ B medium      1964 / 4095
[  28.31s] axe 22 EQ B medium      1949 / 4095
[  28.32s] axe 22 EQ B medium      1934 / 4095
[  28.32s] axe 22 EQ B medium      1919 / 4095
[  28.32s] axe 22 EQ B medium      1904 / 4095
[  28.32s] axe 22 EQ B medium      1890 / 4095
[  28.33s] axe 22 EQ B medium      1877 / 4095
[  28.33s] axe 22 EQ B medium      1862 / 4095
[  28.33s] axe 22 EQ B medium      1845 / 4095
[  28.33s] axe 22 EQ B medium      1828 / 4095
[  28.33s] axe 22 EQ B medium      1809 / 4095
[  28.34s] axe 22 EQ B medium      1791 / 4095
[  28.34s] axe 22 EQ B medium      1773 / 4095
[  28.34s] axe 22 EQ B medium      1757 / 4095
[  28.34s] axe 22 EQ B medium      1736 / 4095
[  28.34s] axe 22 EQ B medium      1715 / 4095
[  28.35s] axe 22 EQ B medium      1693 / 4095
[  28.35s] axe 22 EQ B medium      1670 / 4095
[  28.35s] axe 22 EQ B medium      1645 / 4095
[  28.35s] axe 22 EQ B medium      1617 / 4095
[  28.36s] axe 22 EQ B medium      1591 / 4095
[  28.36s] axe 22 EQ B medium      1566 / 4095
[  28.36s] axe 22 EQ B medium      1541 / 4095
[  28.37s] axe 22 EQ B medium      1515 / 4095
[  28.37s] axe 22 EQ B medium      1490 / 4095
[  28.37s] axe 22 EQ B medium      1466 / 4095
[  28.38s] axe 22 EQ B medium      1382 / 4095
[  28.38s] axe 22 EQ B medium      1353 / 4095
[  28.38s] axe 22 EQ B medium      1326 / 4095
[  28.38s] axe 22 EQ B medium      1299 / 4095
[  28.39s] axe 22 EQ B medium      1270 / 4095
[  28.39s] axe 22 EQ B medium      1243 / 4095
[  28.39s] axe 22 EQ B medium      1215 / 4095
[  28.39s] axe 22 EQ B medium      1153 / 4095
[  28.39s] axe 22 EQ B medium      1127 / 4095
[  28.40s] axe 22 EQ B medium      1101 / 4095
[  28.40s] axe 22 EQ B medium      1078 / 4095
[  28.40s] axe 22 EQ B medium      1054 / 4095
[  28.40s] axe 22 EQ B medium      1031 / 4095
[  28.40s] axe 22 EQ B medium      1009 / 4095
[  28.41s] axe 22 EQ B medium       987 / 4095
[  28.41s] axe 22 EQ B medium       967 / 4095
[  28.41s] axe 22 EQ B medium       947 / 4095
[  28.41s] axe 22 EQ B medium       928 / 4095
[  28.42s] axe 22 EQ B medium       906 / 4095
[  28.42s] axe 22 EQ B medium       886 / 4095
[  28.42s] axe 22 EQ B medium       868 / 4095
[  28.42s] axe 22 EQ B medium       852 / 4095
[  28.43s] axe 22 EQ B medium       813 / 4095
[  28.43s] axe 22 EQ B medium       796 / 4095
[  28.43s] axe 22 EQ B medium       779 / 4095
[  28.43s] axe 22 EQ B medium       764 / 4095
[  28.44s] axe 22 EQ B medium       747 / 4095
[  28.44s] axe 22 EQ B medium       732 / 4095
[  28.44s] axe 22 EQ B medium       716 / 4095
[  28.44s] axe 22 EQ B medium       701 / 4095
[  28.44s] axe 22 EQ B medium       684 / 4095
[  28.45s] axe 22 EQ B medium       670 / 4095
[  28.45s] axe 22 EQ B medium       655 / 4095
[  28.45s] axe 22 EQ B medium       641 / 4095
[  28.45s] axe 22 EQ B medium       628 / 4095
[  28.46s] axe 22 EQ B medium       616 / 4095
[  28.46s] axe 22 EQ B medium       602 / 4095
[  28.46s] axe 22 EQ B medium       586 / 4095
[  28.46s] axe 22 EQ B medium       568 / 4095
[  28.46s] axe 22 EQ B medium       554 / 4095
[  28.47s] axe 22 EQ B medium       537 / 4095
[  28.47s] axe 22 EQ B medium       519 / 4095
[  28.47s] axe 22 EQ B medium       501 / 4095
[  28.47s] axe 22 EQ B medium       486 / 4095
[  28.47s] axe 22 EQ B medium       473 / 4095
[  28.48s] axe 22 EQ B medium       461 / 4095
[  28.48s] axe 22 EQ B medium       446 / 4095
[  28.48s] axe 22 EQ B medium       428 / 4095
[  28.48s] axe 22 EQ B medium       414 / 4095
[  28.49s] axe 22 EQ B medium       400 / 4095
[  28.49s] axe 22 EQ B medium       379 / 4095
[  28.49s] axe 22 EQ B medium       360 / 4095
[  28.49s] axe 22 EQ B medium       343 / 4095
[  28.49s] axe 22 EQ B medium       329 / 4095
[  28.50s] axe 22 EQ B medium       314 / 4095
[  28.50s] axe 22 EQ B medium       298 / 4095
[  28.50s] axe 22 EQ B medium       282 / 4095
[  28.50s] axe 22 EQ B medium       262 / 4095
[  28.51s] axe 22 EQ B medium       241 / 4095
[  28.51s] axe 22 EQ B medium       218 / 4095
[  28.51s] axe 22 EQ B medium       199 / 4095
[  28.51s] axe 22 EQ B medium       179 / 4095
[  28.51s] axe 22 EQ B medium       158 / 4095
[  28.52s] axe 22 EQ B medium       141 / 4095
[  28.52s] axe 22 EQ B medium       123 / 4095
[  28.52s] axe 22 EQ B medium       101 / 4095
[  28.52s] axe 22 EQ B medium        76 / 4095
[  28.52s] axe 22 EQ B medium        49 / 4095
[  28.53s] axe 22 EQ B medium        29 / 4095
[  28.53s] axe 22 EQ B medium        17 / 4095
[  28.53s] axe 22 EQ B medium         6 / 4095
[  29.04s] axe 22 EQ B medium        18 / 4095
[  29.04s] axe 22 EQ B medium        32 / 4095
[  29.05s] axe 22 EQ B medium        47 / 4095
[  29.05s] axe 22 EQ B medium        60 / 4095
[  29.05s] axe 22 EQ B medium        75 / 4095
[  29.05s] axe 22 EQ B medium        90 / 4095
[  29.05s] axe 22 EQ B medium       106 / 4095
[  29.06s] axe 22 EQ B medium       118 / 4095
[  29.06s] axe 22 EQ B medium       137 / 4095
[  29.06s] axe 22 EQ B medium       152 / 4095
[  29.06s] axe 22 EQ B medium       166 / 4095
[  29.07s] axe 22 EQ B medium       179 / 4095
[  29.07s] axe 22 EQ B medium       192 / 4095
[  29.07s] axe 22 EQ B medium       207 / 4095
[  29.07s] axe 22 EQ B medium       224 / 4095
[  29.08s] axe 22 EQ B medium       242 / 4095
[  29.08s] axe 22 EQ B medium       259 / 4095
[  29.08s] axe 22 EQ B medium       273 / 4095
[  29.08s] axe 22 EQ B medium       289 / 4095
[  29.08s] axe 22 EQ B medium       304 / 4095
[  29.09s] axe 22 EQ B medium       316 / 4095
[  29.09s] axe 22 EQ B medium       329 / 4095
[  29.09s] axe 22 EQ B medium       348 / 4095
[  29.09s] axe 22 EQ B medium       369 / 4095
[  29.10s] axe 22 EQ B medium       386 / 4095
[  29.10s] axe 22 EQ B medium       400 / 4095
[  29.10s] axe 22 EQ B medium       420 / 4095
[  29.10s] axe 22 EQ B medium       436 / 4095
[  29.10s] axe 22 EQ B medium       451 / 4095
[  29.11s] axe 22 EQ B medium       467 / 4095
[  29.11s] axe 22 EQ B medium       484 / 4095
[  29.11s] axe 22 EQ B medium       504 / 4095
[  29.11s] axe 22 EQ B medium       524 / 4095
[  29.11s] axe 22 EQ B medium       543 / 4095
[  29.12s] axe 22 EQ B medium       564 / 4095
[  29.12s] axe 22 EQ B medium       581 / 4095
[  29.12s] axe 22 EQ B medium       599 / 4095
[  29.12s] axe 22 EQ B medium       615 / 4095
[  29.13s] axe 22 EQ B medium       633 / 4095
[  29.13s] axe 22 EQ B medium       649 / 4095
[  29.13s] axe 22 EQ B medium       666 / 4095
[  29.13s] axe 22 EQ B medium       684 / 4095
[  29.13s] axe 22 EQ B medium       701 / 4095
[  29.14s] axe 22 EQ B medium       717 / 4095
[  29.14s] axe 22 EQ B medium       733 / 4095
[  29.14s] axe 22 EQ B medium       751 / 4095
[  29.14s] axe 22 EQ B medium       770 / 4095
[  29.15s] axe 22 EQ B medium       786 / 4095
[  29.15s] axe 22 EQ B medium       801 / 4095
[  29.15s] axe 22 EQ B medium       816 / 4095
[  29.15s] axe 22 EQ B medium       831 / 4095
[  29.15s] axe 22 EQ B medium       845 / 4095
[  29.16s] axe 22 EQ B medium       860 / 4095
[  29.16s] axe 22 EQ B medium       877 / 4095
[  29.16s] axe 22 EQ B medium       894 / 4095
[  29.16s] axe 22 EQ B medium       911 / 4095
[  29.16s] axe 22 EQ B medium       926 / 4095
[  29.17s] axe 22 EQ B medium       941 / 4095
[  29.17s] axe 22 EQ B medium       958 / 4095
[  29.17s] axe 22 EQ B medium       973 / 4095
[  29.17s] axe 22 EQ B medium       987 / 4095
[  29.18s] axe 22 EQ B medium      1001 / 4095
[  29.18s] axe 22 EQ B medium      1016 / 4095
[  29.18s] axe 22 EQ B medium      1031 / 4095
[  29.18s] axe 22 EQ B medium      1046 / 4095
[  29.18s] axe 22 EQ B medium      1060 / 4095
[  29.19s] axe 22 EQ B medium      1074 / 4095
[  29.19s] axe 22 EQ B medium      1088 / 4095
[  29.19s] axe 22 EQ B medium      1101 / 4095
[  29.19s] axe 22 EQ B medium      1116 / 4095
[  29.20s] axe 22 EQ B medium      1131 / 4095
[  29.20s] axe 22 EQ B medium      1147 / 4095
[  29.20s] axe 22 EQ B medium      1163 / 4095
[  29.20s] axe 22 EQ B medium      1178 / 4095
[  29.20s] axe 22 EQ B medium      1191 / 4095
[  29.21s] axe 22 EQ B medium      1204 / 4095
[  29.21s] axe 22 EQ B medium      1219 / 4095
[  29.21s] axe 22 EQ B medium      1234 / 4095
[  29.21s] axe 22 EQ B medium      1248 / 4095
[  29.22s] axe 22 EQ B medium      1262 / 4095
[  29.22s] axe 22 EQ B medium      1275 / 4095
[  29.22s] axe 22 EQ B medium      1288 / 4095
[  29.22s] axe 22 EQ B medium      1300 / 4095
[  29.22s] axe 22 EQ B medium      1311 / 4095
[  29.23s] axe 22 EQ B medium      1323 / 4095
[  29.23s] axe 22 EQ B medium      1336 / 4095
[  29.23s] axe 22 EQ B medium      1349 / 4095
[  29.23s] axe 22 EQ B medium      1360 / 4095
[  29.24s] axe 22 EQ B medium      1379 / 4095
[  29.24s] axe 22 EQ B medium      1397 / 4095
[  29.25s] axe 22 EQ B medium      1413 / 4095
[  29.25s] axe 22 EQ B medium      1427 / 4095
[  29.25s] axe 22 EQ B medium      1439 / 4095
[  29.26s] axe 22 EQ B medium      1454 / 4095
[  29.26s] axe 22 EQ B medium      1465 / 4095
[  29.27s] axe 22 EQ B medium      1479 / 4095
[  29.27s] axe 22 EQ B medium      1491 / 4095
[  29.28s] axe 22 EQ B medium      1505 / 4095
[  29.29s] axe 22 EQ B medium      1520 / 4095
[  29.29s] axe 22 EQ B medium      1533 / 4095
[  29.30s] axe 22 EQ B medium      1544 / 4095
[  29.30s] axe 22 EQ B medium      1555 / 4095
[  29.31s] axe 22 EQ B medium      1566 / 4095
[  29.31s] axe 22 EQ B medium      1579 / 4095
[  29.31s] axe 22 EQ B medium      1595 / 4095
[  29.32s] axe 22 EQ B medium      1609 / 4095
[  29.32s] axe 22 EQ B medium      1624 / 4095
[  29.33s] axe 22 EQ B medium      1639 / 4095
[  29.33s] axe 22 EQ B medium      1656 / 4095
[  29.34s] axe 22 EQ B medium      1674 / 4095
[  29.34s] axe 22 EQ B medium      1691 / 4095
[  29.35s] axe 22 EQ B medium      1712 / 4095
[  29.35s] axe 22 EQ B medium      1723 / 4095
[  29.35s] axe 22 EQ B medium      1740 / 4095
[  29.36s] axe 22 EQ B medium      1758 / 4095
[  29.36s] axe 22 EQ B medium      1778 / 4095
[  29.36s] axe 22 EQ B medium      1795 / 4095
[  29.37s] axe 22 EQ B medium      1812 / 4095
[  29.37s] axe 22 EQ B medium      1830 / 4095
[  29.38s] axe 22 EQ B medium      1845 / 4095
[  29.38s] axe 22 EQ B medium      1860 / 4095
[  29.39s] axe 22 EQ B medium      1871 / 4095
[  29.40s] axe 22 EQ B medium      1883 / 4095
[  29.41s] axe 22 EQ B medium      1897 / 4095
[  29.42s] axe 22 EQ B medium      1910 / 4095
[  29.42s] axe 22 EQ B medium      1927 / 4095
[  29.43s] axe 22 EQ B medium      1941 / 4095
[  29.43s] axe 22 EQ B medium      1955 / 4095
[  29.44s] axe 22 EQ B medium      1970 / 4095
[  29.44s] axe 22 EQ B medium      1983 / 4095
[  29.45s] axe 22 EQ B medium      1996 / 4095
[  29.45s] axe 22 EQ B medium      2010 / 4095
[  29.45s] axe 22 EQ B medium      2025 / 4095
[  29.46s] axe 22 EQ B medium      2038 / 4095
[  29.46s] axe 22 EQ B medium      2052 / 4095
[  29.47s] axe 22 EQ B medium      2067 / 4095
[  29.47s] axe 22 EQ B medium      2086 / 4095
[  29.47s] axe 22 EQ B medium      2097 / 4095
[  29.48s] axe 22 EQ B medium      2108 / 4095
[  29.48s] axe 22 EQ B medium      2120 / 4095
[  29.50s] axe 22 EQ B medium      2131 / 4095
[  29.54s] axe 22 EQ B medium      2142 / 4095
[  29.94s] axe 22 EQ B medium      2154 / 4095
[  29.95s] axe 22 EQ B medium      2166 / 4095
[  29.96s] axe 22 EQ B medium      2180 / 4095
[  29.96s] axe 22 EQ B medium      2196 / 4095
[  29.97s] axe 22 EQ B medium      2212 / 4095
[  29.97s] axe 22 EQ B medium      2231 / 4095
[  29.98s] axe 22 EQ B medium      2250 / 4095
[  29.99s] axe 22 EQ B medium      2261 / 4095
[  29.99s] axe 22 EQ B medium      2273 / 4095
[  29.99s] axe 22 EQ B medium      2288 / 4095
[  29.99s] axe 22 EQ B medium      2339 / 4095
[  29.99s] axe 22 EQ B medium      2355 / 4095
[  29.99s] axe 22 EQ B medium      2370 / 4095
[  30.00s] axe 22 EQ B medium      2388 / 4095
[  30.00s] axe 22 EQ B medium      2406 / 4095
[  30.00s] axe 22 EQ B medium      2422 / 4095
[  30.00s] axe 22 EQ B medium      2439 / 4095
[  30.00s] axe 22 EQ B medium      2457 / 4095
[  30.01s] axe 22 EQ B medium      2475 / 4095
[  30.01s] axe 22 EQ B medium      2493 / 4095
[  30.01s] axe 22 EQ B medium      2510 / 4095
[  30.01s] axe 22 EQ B medium      2533 / 4095
[  30.02s] axe 22 EQ B medium      2555 / 4095
[  30.02s] axe 22 EQ B medium      2576 / 4095
[  30.02s] axe 22 EQ B medium      2599 / 4095
[  30.03s] axe 22 EQ B medium      2619 / 4095
[  30.03s] axe 22 EQ B medium      2637 / 4095
[  30.03s] axe 22 EQ B medium      2657 / 4095
[  30.03s] axe 22 EQ B medium      2726 / 4095
[  30.04s] axe 22 EQ B medium      2748 / 4095
[  30.04s] axe 22 EQ B medium      2774 / 4095
[  30.04s] axe 22 EQ B medium      2801 / 4095
[  30.04s] axe 22 EQ B medium      2824 / 4095
[  30.05s] axe 22 EQ B medium      2845 / 4095
[  30.05s] axe 22 EQ B medium      2867 / 4095
[  30.05s] axe 22 EQ B medium      2892 / 4095
[  30.05s] axe 22 EQ B medium      2916 / 4095
[  30.05s] axe 22 EQ B medium      2940 / 4095
[  30.06s] axe 22 EQ B medium      2963 / 4095
[  30.06s] axe 22 EQ B medium      2986 / 4095
[  30.06s] axe 22 EQ B medium      3006 / 4095
[  30.06s] axe 22 EQ B medium      3028 / 4095
[  30.06s] axe 22 EQ B medium      3052 / 4095
[  30.07s] axe 22 EQ B medium      3074 / 4095
[  30.07s] axe 22 EQ B medium      3097 / 4095
[  30.07s] axe 22 EQ B medium      3121 / 4095
[  30.07s] axe 22 EQ B medium      3142 / 4095
[  30.07s] axe 22 EQ B medium      3165 / 4095
[  30.08s] axe 22 EQ B medium      3186 / 4095
[  30.08s] axe 22 EQ B medium      3206 / 4095
[  30.08s] axe 22 EQ B medium      3227 / 4095
[  30.09s] axe 22 EQ B medium      3252 / 4095
[  30.09s] axe 22 EQ B medium      3276 / 4095
[  30.09s] axe 22 EQ B medium      3299 / 4095
[  30.09s] axe 22 EQ B medium      3319 / 4095
[  30.09s] axe 22 EQ B medium      3341 / 4095
[  30.09s] axe 22 EQ B medium      3361 / 4095
[  30.10s] axe 22 EQ B medium      3382 / 4095
[  30.10s] axe 22 EQ B medium      3401 / 4095
[  30.10s] axe 22 EQ B medium      3421 / 4095
[  30.10s] axe 22 EQ B medium      3440 / 4095
[  30.11s] axe 22 EQ B medium      3461 / 4095
[  30.11s] axe 22 EQ B medium      3482 / 4095
[  30.11s] axe 22 EQ B medium      3501 / 4095
[  30.11s] axe 22 EQ B medium      3519 / 4095
[  30.11s] axe 22 EQ B medium      3537 / 4095
[  30.12s] axe 22 EQ B medium      3555 / 4095
[  30.12s] axe 22 EQ B medium      3571 / 4095
[  30.12s] axe 22 EQ B medium      3591 / 4095
[  30.12s] axe 22 EQ B medium      3611 / 4095
[  30.13s] axe 22 EQ B medium      3629 / 4095
[  30.13s] axe 22 EQ B medium      3644 / 4095
[  30.13s] axe 22 EQ B medium      3660 / 4095
[  30.13s] axe 22 EQ B medium      3678 / 4095
[  30.13s] axe 22 EQ B medium      3695 / 4095
[  30.14s] axe 22 EQ B medium      3713 / 4095
[  30.14s] axe 22 EQ B medium      3735 / 4095
[  30.14s] axe 22 EQ B medium      3754 / 4095
[  30.14s] axe 22 EQ B medium      3771 / 4095
[  30.15s] axe 22 EQ B medium      3789 / 4095
[  30.17s] axe 22 EQ B medium      3808 / 4095
[  30.17s] axe 22 EQ B medium      3828 / 4095
[  30.17s] axe 22 EQ B medium      3848 / 4095
[  30.17s] axe 11 proximite jog D  3083 / 4095
[  30.17s] axe 20 EQ B filtre      2050 / 4095
[  30.17s] axe 22 EQ B medium      4087 / 4095
[  30.18s] axe 34 FX1 2            3032 / 4095
[  30.22s] axe 34 FX1 2            3043 / 4095
[  30.65s] axe 22 EQ B medium      4074 / 4095
[  30.65s] axe 22 EQ B medium      4055 / 4095
[  30.66s] axe 22 EQ B medium      4036 / 4095
[  30.66s] axe 22 EQ B medium      4020 / 4095
[  30.66s] axe 22 EQ B medium      4006 / 4095
[  30.66s] axe 22 EQ B medium      3992 / 4095
[  30.66s] axe 22 EQ B medium      3977 / 4095
[  30.67s] axe 22 EQ B medium      3961 / 4095
[  30.67s] axe 22 EQ B medium      3944 / 4095
[  30.67s] axe 22 EQ B medium      3929 / 4095
[  30.67s] axe 22 EQ B medium      3916 / 4095
[  30.68s] axe 22 EQ B medium      3902 / 4095
[  30.68s] axe 22 EQ B medium      3884 / 4095
[  30.68s] axe 22 EQ B medium      3868 / 4095
[  30.68s] axe 22 EQ B medium      3853 / 4095
[  30.68s] axe 22 EQ B medium      3836 / 4095
[  30.69s] axe 22 EQ B medium      3819 / 4095
[  30.69s] axe 22 EQ B medium      3803 / 4095
[  30.69s] axe 22 EQ B medium      3790 / 4095
[  30.69s] axe 22 EQ B medium      3775 / 4095
[  30.69s] axe 22 EQ B medium      3760 / 4095
[  30.70s] axe 22 EQ B medium      3742 / 4095
[  30.70s] axe 22 EQ B medium      3725 / 4095
[  30.70s] axe 22 EQ B medium      3711 / 4095
[  30.70s] axe 22 EQ B medium      3697 / 4095
[  30.71s] axe 22 EQ B medium      3682 / 4095
[  30.71s] axe 22 EQ B medium      3671 / 4095
[  30.71s] axe 22 EQ B medium      3648 / 4095
[  30.71s] axe 22 EQ B medium      3636 / 4095
[  30.72s] axe 22 EQ B medium      3621 / 4095
[  30.72s] axe 22 EQ B medium      3608 / 4095
[  30.72s] axe 22 EQ B medium      3595 / 4095
[  30.72s] axe 22 EQ B medium      3582 / 4095
[  30.73s] axe 22 EQ B medium      3571 / 4095
[  30.73s] axe 22 EQ B medium      3560 / 4095
[  30.73s] axe 22 EQ B medium      3549 / 4095
[  30.73s] axe 22 EQ B medium      3538 / 4095
[  30.74s] axe 22 EQ B medium      3519 / 4095
[  30.74s] axe 22 EQ B medium      3507 / 4095
[  30.74s] axe 22 EQ B medium      3496 / 4095
[  30.74s] axe 22 EQ B medium      3485 / 4095
[  30.75s] axe 22 EQ B medium      3466 / 4095
[  30.75s] axe 22 EQ B medium      3455 / 4095
[  30.75s] axe 22 EQ B medium      3435 / 4095
[  30.76s] axe 22 EQ B medium      3417 / 4095
[  30.76s] axe 22 EQ B medium      3397 / 4095
[  30.77s] axe 22 EQ B medium      3377 / 4095
[  30.77s] axe 22 EQ B medium      3358 / 4095
[  30.78s] axe 22 EQ B medium      3338 / 4095
[  30.78s] axe 22 EQ B medium      3316 / 4095
[  30.78s] axe 22 EQ B medium      3304 / 4095
[  30.78s] axe 22 EQ B medium      3291 / 4095
[  30.79s] axe 22 EQ B medium      3278 / 4095
[  30.79s] axe 22 EQ B medium      3259 / 4095
[  30.80s] axe 22 EQ B medium      3238 / 4095
[  30.80s] axe 22 EQ B medium      3220 / 4095
[  30.80s] axe 22 EQ B medium      3199 / 4095
[  30.81s] axe 22 EQ B medium      3188 / 4095
[  30.81s] axe 22 EQ B medium      3177 / 4095
[  30.81s] axe 22 EQ B medium      3157 / 4095
[  30.81s] … 2448 blocs recus depuis 3 s, aucun changement (total 22136)
[  30.82s] axe 22 EQ B medium      3134 / 4095
[  30.82s] axe 22 EQ B medium      3122 / 4095
[  30.82s] axe 22 EQ B medium      3103 / 4095
[  30.83s] axe 22 EQ B medium      3083 / 4095
[  30.83s] axe 22 EQ B medium      3068 / 4095
[  30.83s] axe 22 EQ B medium      3057 / 4095
[  30.84s] axe 22 EQ B medium      3040 / 4095
[  30.84s] axe 22 EQ B medium      3023 / 4095
[  30.84s] axe 22 EQ B medium      3004 / 4095
[  30.85s] axe 22 EQ B medium      2984 / 4095
[  30.85s] axe 22 EQ B medium      2968 / 4095
[  30.86s] axe 22 EQ B medium      2951 / 4095
[  30.86s] axe 22 EQ B medium      2935 / 4095
[  30.87s] axe 22 EQ B medium      2918 / 4095
[  30.87s] axe 22 EQ B medium      2905 / 4095
[  30.88s] axe 22 EQ B medium      2893 / 4095
[  30.88s] axe 22 EQ B medium      2882 / 4095
[  30.89s] axe 22 EQ B medium      2869 / 4095
[  30.89s] axe 22 EQ B medium      2855 / 4095
[  30.90s] axe 22 EQ B medium      2841 / 4095
[  30.91s] axe 22 EQ B medium      2829 / 4095
[  30.91s] axe 22 EQ B medium      2816 / 4095
[  30.91s] axe 22 EQ B medium      2801 / 4095
[  30.92s] axe 22 EQ B medium      2787 / 4095
[  30.92s] axe 22 EQ B medium      2776 / 4095
[  30.93s] axe 22 EQ B medium      2764 / 4095
[  30.93s] axe 22 EQ B medium      2749 / 4095
[  30.94s] axe 22 EQ B medium      2734 / 4095
[  30.94s] axe 22 EQ B medium      2719 / 4095
[  30.95s] axe 22 EQ B medium      2701 / 4095
[  30.95s] axe 22 EQ B medium      2682 / 4095
[  30.95s] axe 22 EQ B medium      2664 / 4095
[  30.96s] axe 22 EQ B medium      2642 / 4095
[  30.96s] axe 22 EQ B medium      2628 / 4095
[  30.96s] axe 22 EQ B medium      2615 / 4095
[  30.96s] axe 22 EQ B medium      2603 / 4095
[  30.97s] axe 22 EQ B medium      2592 / 4095
[  30.97s] axe 22 EQ B medium      2579 / 4095
[  30.97s] axe 22 EQ B medium      2564 / 4095
[  30.97s] axe 22 EQ B medium      2550 / 4095
[  30.98s] axe 22 EQ B medium      2539 / 4095
[  30.98s] axe 22 EQ B medium      2528 / 4095
[  30.98s] axe 22 EQ B medium      2508 / 4095
[  30.99s] axe 22 EQ B medium      2487 / 4095
[  30.99s] axe 22 EQ B medium      2476 / 4095
[  30.99s] axe 22 EQ B medium      2464 / 4095
[  30.99s] axe 22 EQ B medium      2453 / 4095
[  31.00s] axe 22 EQ B medium      2432 / 4095
[  31.00s] axe 22 EQ B medium      2421 / 4095
[  31.00s] axe 22 EQ B medium      2402 / 4095
[  31.01s] axe 22 EQ B medium      2387 / 4095
[  31.01s] axe 22 EQ B medium      2374 / 4095
[  31.02s] axe 22 EQ B medium      2359 / 4095
[  31.02s] axe 22 EQ B medium      2344 / 4095
[  31.03s] axe 22 EQ B medium      2330 / 4095
[  31.03s] axe 22 EQ B medium      2318 / 4095
[  31.04s] axe 22 EQ B medium      2303 / 4095
[  31.04s] axe 22 EQ B medium      2288 / 4095
[  31.05s] axe 22 EQ B medium      2277 / 4095
[  31.06s] axe 22 EQ B medium      2264 / 4095
[  31.06s] axe 22 EQ B medium      2247 / 4095
[  31.06s] axe 22 EQ B medium      2233 / 4095
[  31.07s] axe 22 EQ B medium      2221 / 4095
[  31.08s] axe 22 EQ B medium      2205 / 4095
[  31.08s] axe 22 EQ B medium      2184 / 4095
[  31.08s] axe 22 EQ B medium      2171 / 4095
[  31.08s] axe 22 EQ B medium      2158 / 4095
[  31.09s] axe 22 EQ B medium      2142 / 4095
[  31.10s] axe 22 EQ B medium      2131 / 4095
[  32.00s] axe 14 EQ D medium      2073 / 4095
[  32.02s] axe 14 EQ D medium      2061 / 4095
[  32.04s] axe 14 EQ D medium      2050 / 4095
[  32.04s] axe 14 EQ D medium      2036 / 4095
[  32.05s] axe 14 EQ D medium      2025 / 4095
[  32.05s] axe 14 EQ D medium      2014 / 4095
[  32.06s] axe 14 EQ D medium      2002 / 4095
[  32.06s] axe 14 EQ D medium      1988 / 4095
[  32.07s] axe 14 EQ D medium      1972 / 4095
[  32.07s] axe 14 EQ D medium      1954 / 4095
[  32.08s] axe 14 EQ D medium      1933 / 4095
[  32.08s] axe 14 EQ D medium      1920 / 4095
[  32.08s] axe 14 EQ D medium      1907 / 4095
[  32.08s] axe 14 EQ D medium      1874 / 4095
[  32.09s] axe 14 EQ D medium      1860 / 4095
[  32.09s] axe 14 EQ D medium      1842 / 4095
[  32.09s] axe 14 EQ D medium      1824 / 4095
[  32.09s] axe 14 EQ D medium      1806 / 4095
[  32.09s] axe 14 EQ D medium      1788 / 4095
[  32.10s] axe 14 EQ D medium      1768 / 4095
[  32.10s] axe 14 EQ D medium      1751 / 4095
[  32.10s] axe 14 EQ D medium      1733 / 4095
[  32.11s] axe 14 EQ D medium      1692 / 4095
[  32.11s] axe 14 EQ D medium      1675 / 4095
[  32.11s] axe 14 EQ D medium      1659 / 4095
[  32.11s] axe 14 EQ D medium      1642 / 4095
[  32.11s] axe 14 EQ D medium      1626 / 4095
[  32.12s] axe 14 EQ D medium      1611 / 4095
[  32.12s] axe 14 EQ D medium      1594 / 4095
[  32.12s] axe 14 EQ D medium      1579 / 4095
[  32.12s] axe 14 EQ D medium      1565 / 4095
[  32.13s] axe 14 EQ D medium      1550 / 4095
[  32.13s] axe 14 EQ D medium      1535 / 4095
[  32.13s] axe 14 EQ D medium      1520 / 4095
[  32.13s] axe 14 EQ D medium      1505 / 4095
[  32.13s] axe 14 EQ D medium      1491 / 4095
[  32.14s] axe 14 EQ D medium      1479 / 4095
[  32.14s] axe 14 EQ D medium      1457 / 4095
[  32.14s] axe 14 EQ D medium      1444 / 4095
[  32.14s] axe 14 EQ D medium      1432 / 4095
[  32.15s] axe 14 EQ D medium      1421 / 4095
[  32.15s] axe 14 EQ D medium      1410 / 4095
[  32.15s] axe 14 EQ D medium      1390 / 4095
[  32.16s] axe 14 EQ D medium      1372 / 4095
[  32.16s] axe 14 EQ D medium      1354 / 4095
[  32.16s] axe 14 EQ D medium      1343 / 4095
[  32.17s] axe 14 EQ D medium      1322 / 4095
[  32.17s] axe 14 EQ D medium      1311 / 4095
[  32.17s] axe 14 EQ D medium      1292 / 4095
[  32.18s] axe 14 EQ D medium      1280 / 4095
[  32.18s] axe 14 EQ D medium      1268 / 4095
[  32.18s] axe 14 EQ D medium      1248 / 4095
[  32.19s] axe 14 EQ D medium      1228 / 4095
[  32.19s] axe 14 EQ D medium      1208 / 4095
[  32.19s] axe 14 EQ D medium      1197 / 4095
[  32.20s] axe 14 EQ D medium      1185 / 4095
[  32.20s] axe 14 EQ D medium      1173 / 4095
[  32.20s] axe 14 EQ D medium      1161 / 4095
[  32.21s] axe 14 EQ D medium      1143 / 4095
[  32.21s] axe 14 EQ D medium      1123 / 4095
[  32.21s] axe 14 EQ D medium      1104 / 4095
[  32.22s] axe 14 EQ D medium      1093 / 4095
[  32.22s] axe 14 EQ D medium      1073 / 4095
[  32.23s] axe 14 EQ D medium      1055 / 4095
[  32.23s] axe 14 EQ D medium      1036 / 4095
[  32.23s] axe 14 EQ D medium      1018 / 4095
[  32.24s] axe 14 EQ D medium       998 / 4095
[  32.24s] axe 14 EQ D medium       980 / 4095
[  32.25s] axe 14 EQ D medium       962 / 4095
[  32.25s] axe 14 EQ D medium       942 / 4095
[  32.26s] axe 14 EQ D medium       924 / 4095
[  32.26s] axe 14 EQ D medium       903 / 4095
[  32.26s] axe 14 EQ D medium       892 / 4095
[  32.27s] axe 14 EQ D medium       871 / 4095
[  32.28s] axe 14 EQ D medium       859 / 4095
[  32.28s] axe 14 EQ D medium       838 / 4095
[  32.28s] axe 14 EQ D medium       826 / 4095
[  32.28s] axe 14 EQ D medium       807 / 4095
[  32.28s] axe 14 EQ D medium       793 / 4095
[  32.28s] axe 14 EQ D medium       781 / 4095
[  32.29s] axe 14 EQ D medium       768 / 4095
[  32.29s] axe 14 EQ D medium       751 / 4095
[  32.29s] axe 14 EQ D medium       735 / 4095
[  32.29s] axe 14 EQ D medium       722 / 4095
[  32.29s] axe 14 EQ D medium       707 / 4095
[  32.30s] axe 14 EQ D medium       689 / 4095
[  32.30s] axe 14 EQ D medium       671 / 4095
[  32.30s] axe 14 EQ D medium       652 / 4095
[  32.30s] axe 14 EQ D medium       634 / 4095
[  32.30s] axe 14 EQ D medium       616 / 4095
[  32.31s] axe 14 EQ D medium       596 / 4095
[  32.31s] axe 14 EQ D medium       578 / 4095
[  32.31s] axe 14 EQ D medium       560 / 4095
[  32.31s] axe 14 EQ D medium       541 / 4095
[  32.32s] axe 14 EQ D medium       521 / 4095
[  32.32s] axe 14 EQ D medium       501 / 4095
[  32.32s] axe 14 EQ D medium       481 / 4095
[  32.32s] axe 14 EQ D medium       462 / 4095
[  32.32s] axe 14 EQ D medium       445 / 4095
[  32.33s] axe 14 EQ D medium       427 / 4095
[  32.33s] axe 14 EQ D medium       409 / 4095
[  32.33s] axe 14 EQ D medium       392 / 4095
[  32.34s] axe 14 EQ D medium       373 / 4095
[  32.34s] axe 14 EQ D medium       355 / 4095
[  32.34s] axe 14 EQ D medium       340 / 4095
[  32.34s] axe 14 EQ D medium       323 / 4095
[  32.34s] axe 14 EQ D medium       306 / 4095
[  32.34s] axe 14 EQ D medium       289 / 4095
[  32.35s] axe 14 EQ D medium       273 / 4095
[  32.35s] axe 14 EQ D medium       257 / 4095
[  32.35s] axe 14 EQ D medium       238 / 4095
[  32.35s] axe 14 EQ D medium       221 / 4095
[  32.35s] axe 14 EQ D medium       206 / 4095
[  32.36s] axe 14 EQ D medium       191 / 4095
[  32.36s] axe 14 EQ D medium       173 / 4095
[  32.36s] axe 14 EQ D medium       157 / 4095
[  32.36s] axe 14 EQ D medium       143 / 4095
[  32.37s] axe 14 EQ D medium       128 / 4095
[  32.37s] axe 14 EQ D medium       111 / 4095
[  32.37s] axe 14 EQ D medium        94 / 4095
[  32.37s] axe 14 EQ D medium        80 / 4095
[  32.37s] axe 14 EQ D medium        66 / 4095
[  32.38s] axe 14 EQ D medium        52 / 4095
[  32.38s] axe 14 EQ D medium        36 / 4095
[  32.38s] axe 14 EQ D medium        23 / 4095
[  32.39s] axe 14 EQ D medium        11 / 4095
[  32.98s] axe 14 EQ D medium        28 / 4095
[  32.98s] axe 14 EQ D medium        48 / 4095
[  32.98s] axe 14 EQ D medium        67 / 4095
[  32.99s] axe 14 EQ D medium        88 / 4095
[  32.99s] axe 14 EQ D medium       101 / 4095
[  32.99s] axe 14 EQ D medium       114 / 4095
[  32.99s] axe 14 EQ D medium       127 / 4095
[  33.00s] axe 14 EQ D medium       138 / 4095
[  33.00s] axe 14 EQ D medium       149 / 4095
[  33.00s] axe 14 EQ D medium       164 / 4095
[  33.00s] axe 14 EQ D medium       177 / 4095
[  33.01s] axe 14 EQ D medium       190 / 4095
[  33.01s] axe 14 EQ D medium       202 / 4095
[  33.01s] axe 14 EQ D medium       216 / 4095
[  33.01s] axe 14 EQ D medium       232 / 4095
[  33.01s] axe 14 EQ D medium       246 / 4095
[  33.02s] axe 14 EQ D medium       259 / 4095
[  33.02s] axe 14 EQ D medium       274 / 4095
[  33.02s] axe 14 EQ D medium       287 / 4095
[  33.02s] axe 14 EQ D medium       301 / 4095
[  33.03s] axe 14 EQ D medium       315 / 4095
[  33.03s] axe 14 EQ D medium       327 / 4095
[  33.03s] axe 14 EQ D medium       340 / 4095
[  33.03s] axe 14 EQ D medium       354 / 4095
[  33.03s] axe 14 EQ D medium       370 / 4095
[  33.04s] axe 14 EQ D medium       382 / 4095
[  33.04s] axe 14 EQ D medium       395 / 4095
[  33.04s] axe 14 EQ D medium       409 / 4095
[  33.04s] axe 14 EQ D medium       421 / 4095
[  33.04s] axe 14 EQ D medium       433 / 4095
[  33.05s] axe 14 EQ D medium       445 / 4095
[  33.05s] axe 14 EQ D medium       459 / 4095
[  33.05s] axe 14 EQ D medium       473 / 4095
[  33.05s] axe 14 EQ D medium       486 / 4095
[  33.06s] axe 14 EQ D medium       498 / 4095
[  33.06s] axe 14 EQ D medium       513 / 4095
[  33.06s] axe 14 EQ D medium       526 / 4095
[  33.06s] axe 14 EQ D medium       539 / 4095
[  33.07s] axe 14 EQ D medium       550 / 4095
[  33.07s] axe 14 EQ D medium       561 / 4095
[  33.07s] axe 14 EQ D medium       574 / 4095
[  33.07s] axe 14 EQ D medium       587 / 4095
[  33.07s] axe 14 EQ D medium       599 / 4095
[  33.08s] axe 14 EQ D medium       610 / 4095
[  33.08s] axe 14 EQ D medium       621 / 4095
[  33.08s] axe 14 EQ D medium       634 / 4095
[  33.08s] axe 14 EQ D medium       646 / 4095
[  33.08s] axe 14 EQ D medium       659 / 4095
[  33.09s] axe 14 EQ D medium       673 / 4095
[  33.09s] axe 14 EQ D medium       686 / 4095
[  33.09s] axe 14 EQ D medium       697 / 4095
[  33.09s] axe 14 EQ D medium       716 / 4095
[  33.10s] axe 14 EQ D medium       727 / 4095
[  33.10s] axe 14 EQ D medium       740 / 4095
[  33.10s] axe 14 EQ D medium       752 / 4095
[  33.11s] axe 14 EQ D medium       772 / 4095
[  33.11s] axe 14 EQ D medium       783 / 4095
[  33.11s] axe 14 EQ D medium       803 / 4095
[  33.12s] axe 14 EQ D medium       814 / 4095
[  33.12s] axe 14 EQ D medium       833 / 4095
[  33.12s] axe 14 EQ D medium       854 / 4095
[  33.13s] axe 14 EQ D medium       873 / 4095
[  33.13s] axe 14 EQ D medium       891 / 4095
[  33.14s] axe 14 EQ D medium       910 / 4095
[  33.15s] axe 14 EQ D medium       925 / 4095
[  33.15s] axe 14 EQ D medium       941 / 4095
[  33.15s] axe 14 EQ D medium       965 / 4095
[  33.16s] axe 14 EQ D medium       978 / 4095
[  33.16s] axe 14 EQ D medium       993 / 4095
[  33.17s] axe 14 EQ D medium      1005 / 4095
[  33.18s] axe 14 EQ D medium      1021 / 4095
[  33.18s] axe 14 EQ D medium      1033 / 4095
[  33.18s] axe 14 EQ D medium      1047 / 4095
[  33.19s] axe 14 EQ D medium      1060 / 4095
[  33.20s] axe 14 EQ D medium      1075 / 4095
[  33.21s] axe 14 EQ D medium      1090 / 4095
[  33.21s] axe 14 EQ D medium      1104 / 4095
[  33.22s] axe 14 EQ D medium      1117 / 4095
[  33.22s] axe 14 EQ D medium      1129 / 4095
[  33.23s] axe 14 EQ D medium      1141 / 4095
[  33.24s] axe 14 EQ D medium      1152 / 4095
[  33.25s] axe 14 EQ D medium      1166 / 4095
[  33.26s] axe 14 EQ D medium      1179 / 4095
[  33.27s] axe 14 EQ D medium      1191 / 4095
[  33.28s] axe 14 EQ D medium      1204 / 4095
[  33.29s] axe 14 EQ D medium      1215 / 4095
[  33.30s] axe 14 EQ D medium      1226 / 4095
[  33.31s] axe 14 EQ D medium      1238 / 4095
[  33.32s] axe 14 EQ D medium      1251 / 4095
[  33.33s] axe 14 EQ D medium      1267 / 4095
[  33.33s] axe 14 EQ D medium      1279 / 4095
[  33.34s] axe 14 EQ D medium      1293 / 4095
[  33.34s] axe 14 EQ D medium      1309 / 4095
[  33.35s] axe 14 EQ D medium      1323 / 4095
[  33.36s] axe 14 EQ D medium      1335 / 4095
[  33.36s] axe 14 EQ D medium      1346 / 4095
[  33.37s] axe 14 EQ D medium      1360 / 4095
[  33.37s] axe 14 EQ D medium      1374 / 4095
[  33.38s] axe 14 EQ D medium      1389 / 4095
[  33.39s] axe 14 EQ D medium      1405 / 4095
[  33.39s] axe 14 EQ D medium      1418 / 4095
[  33.39s] axe 14 EQ D medium      1431 / 4095
[  33.40s] axe 14 EQ D medium      1444 / 4095
[  33.40s] axe 14 EQ D medium      1455 / 4095
[  33.41s] axe 14 EQ D medium      1467 / 4095
[  33.42s] axe 14 EQ D medium      1480 / 4095
[  33.42s] axe 14 EQ D medium      1493 / 4095
[  33.43s] axe 14 EQ D medium      1506 / 4095
[  33.44s] axe 14 EQ D medium      1518 / 4095
[  33.45s] axe 14 EQ D medium      1529 / 4095
[  33.46s] axe 14 EQ D medium      1542 / 4095
[  33.47s] axe 14 EQ D medium      1553 / 4095
[  33.48s] axe 14 EQ D medium      1565 / 4095
[  33.49s] axe 14 EQ D medium      1578 / 4095
[  33.50s] axe 14 EQ D medium      1591 / 4095
[  33.50s] axe 14 EQ D medium      1604 / 4095
[  33.51s] axe 14 EQ D medium      1615 / 4095
[  33.52s] axe 14 EQ D medium      1626 / 4095
[  33.53s] axe 14 EQ D medium      1640 / 4095
[  33.54s] axe 14 EQ D medium      1652 / 4095
[  33.54s] axe 14 EQ D medium      1664 / 4095
[  33.55s] axe 14 EQ D medium      1676 / 4095
[  33.56s] axe 14 EQ D medium      1687 / 4095
[  33.58s] axe 14 EQ D medium      1698 / 4095
[  33.59s] axe 14 EQ D medium      1712 / 4095
[  33.59s] axe 14 EQ D medium      1725 / 4095
[  33.60s] axe 14 EQ D medium      1736 / 4095
[  33.60s] axe 14 EQ D medium      1747 / 4095
[  33.61s] axe 14 EQ D medium      1763 / 4095
[  33.61s] axe 14 EQ D medium      1778 / 4095
[  33.62s] axe 14 EQ D medium      1793 / 4095
[  33.62s] axe 14 EQ D medium      1808 / 4095
[  33.63s] axe 14 EQ D medium      1827 / 4095
[  33.63s] axe 14 EQ D medium      1842 / 4095
[  33.63s] axe 14 EQ D medium      1856 / 4095
[  33.64s] axe 14 EQ D medium      1875 / 4095
[  33.64s] axe 14 EQ D medium      1892 / 4095
[  33.65s] axe 14 EQ D medium      1906 / 4095
[  33.65s] axe 14 EQ D medium      1919 / 4095
[  33.67s] axe 14 EQ D medium      1932 / 4095
[  33.67s] axe 14 EQ D medium      1943 / 4095
[  33.67s] axe 14 EQ D medium      1969 / 4095
[  33.68s] axe 14 EQ D medium      1984 / 4095
[  33.69s] axe 14 EQ D medium      1997 / 4095
[  33.69s] axe 14 EQ D medium      2009 / 4095
[  33.70s] axe 14 EQ D medium      2050 / 4095
[  33.70s] axe 14 EQ D medium      2065 / 4095
[  33.70s] axe 14 EQ D medium      2081 / 4095
[  33.78s] axe 14 EQ D medium      2092 / 4095
[  34.06s] … 2064 blocs recus depuis 3 s, aucun changement (total 24200)
[  34.13s] axe 14 EQ D medium      2103 / 4095
[  34.14s] axe 14 EQ D medium      2115 / 4095
[  34.15s] axe 14 EQ D medium      2130 / 4095
[  34.15s] axe 14 EQ D medium      2147 / 4095
[  34.16s] axe 14 EQ D medium      2167 / 4095
[  34.16s] axe 14 EQ D medium      2179 / 4095
[  34.16s] axe 14 EQ D medium      2191 / 4095
[  34.17s] axe 14 EQ D medium      2204 / 4095
[  34.17s] axe 14 EQ D medium      2218 / 4095
[  34.17s] axe 14 EQ D medium      2234 / 4095
[  34.17s] axe 14 EQ D medium      2252 / 4095
[  34.17s] axe 14 EQ D medium      2271 / 4095
[  34.18s] axe 14 EQ D medium      2290 / 4095
[  34.18s] axe 14 EQ D medium      2312 / 4095
[  34.18s] axe 14 EQ D medium      2332 / 4095
[  34.18s] axe 14 EQ D medium      2353 / 4095
[  34.19s] axe 14 EQ D medium      2377 / 4095
[  34.19s] axe 14 EQ D medium      2399 / 4095
[  34.19s] axe 14 EQ D medium      2420 / 4095
[  34.19s] axe 14 EQ D medium      2442 / 4095
[  34.19s] axe 14 EQ D medium      2463 / 4095
[  34.20s] axe 14 EQ D medium      2483 / 4095
[  34.20s] axe 14 EQ D medium      2506 / 4095
[  34.20s] axe 14 EQ D medium      2526 / 4095
[  34.20s] axe 14 EQ D medium      2548 / 4095
[  34.21s] axe 14 EQ D medium      2569 / 4095
[  34.21s] axe 14 EQ D medium      2590 / 4095
[  34.21s] axe 14 EQ D medium      2609 / 4095
[  34.21s] axe 14 EQ D medium      2632 / 4095
[  34.22s] axe 14 EQ D medium      2665 / 4095
[  34.22s] axe 14 EQ D medium      2684 / 4095
[  34.22s] axe 14 EQ D medium      2704 / 4095
[  34.22s] axe 14 EQ D medium      2723 / 4095
[  34.22s] axe 14 EQ D medium      2746 / 4095
[  34.23s] axe 14 EQ D medium      2765 / 4095
[  34.23s] axe 14 EQ D medium      2785 / 4095
[  34.23s] axe 14 EQ D medium      2805 / 4095
[  34.23s] axe 14 EQ D medium      2824 / 4095
[  34.23s] axe 14 EQ D medium      2844 / 4095
[  34.24s] axe 14 EQ D medium      2863 / 4095
[  34.24s] axe 14 EQ D medium      2882 / 4095
[  34.24s] axe 14 EQ D medium      2901 / 4095
[  34.24s] axe 14 EQ D medium      2921 / 4095
[  34.25s] axe 14 EQ D medium      2939 / 4095
[  34.25s] axe 14 EQ D medium      2960 / 4095
[  34.25s] axe 14 EQ D medium      2981 / 4095
[  34.25s] axe 14 EQ D medium      3002 / 4095
[  34.25s] axe 14 EQ D medium      3023 / 4095
[  34.26s] axe 14 EQ D medium      3045 / 4095
[  34.26s] axe 14 EQ D medium      3065 / 4095
[  34.26s] axe 14 EQ D medium      3087 / 4095
[  34.26s] axe 14 EQ D medium      3109 / 4095
[  34.27s] axe 14 EQ D medium      3131 / 4095
[  34.27s] axe 14 EQ D medium      3154 / 4095
[  34.27s] axe 14 EQ D medium      3177 / 4095
[  34.27s] axe 14 EQ D medium      3199 / 4095
[  34.27s] axe 14 EQ D medium      3223 / 4095
[  34.28s] axe 14 EQ D medium      3247 / 4095
[  34.28s] axe 14 EQ D medium      3270 / 4095
[  34.28s] axe 14 EQ D medium      3293 / 4095
[  34.28s] axe 14 EQ D medium      3315 / 4095
[  34.28s] axe 14 EQ D medium      3339 / 4095
[  34.29s] axe 14 EQ D medium      3361 / 4095
[  34.29s] axe 14 EQ D medium      3385 / 4095
[  34.29s] axe 14 EQ D medium      3407 / 4095
[  34.29s] axe 14 EQ D medium      3431 / 4095
[  34.30s] axe 14 EQ D medium      3453 / 4095
[  34.30s] axe 14 EQ D medium      3472 / 4095
[  34.30s] axe 14 EQ D medium      3493 / 4095
[  34.31s] axe 14 EQ D medium      3516 / 4095
[  34.31s] axe 14 EQ D medium      3536 / 4095
[  34.31s] axe 14 EQ D medium      3557 / 4095
[  34.31s] axe 14 EQ D medium      3599 / 4095
[  34.31s] axe 14 EQ D medium      3637 / 4095
[  34.32s] axe 14 EQ D medium      3656 / 4095
[  34.32s] axe 14 EQ D medium      3676 / 4095
[  34.32s] axe 14 EQ D medium      3697 / 4095
[  34.32s] axe 14 EQ D medium      3718 / 4095
[  34.33s] axe 14 EQ D medium      3740 / 4095
[  34.33s] axe 14 EQ D medium      3761 / 4095
[  34.33s] axe 14 EQ D medium      3782 / 4095
[  34.33s] axe 14 EQ D medium      3802 / 4095
[  34.33s] axe 14 EQ D medium      3823 / 4095
[  34.34s] axe 14 EQ D medium      3846 / 4095
[  34.34s] axe 14 EQ D medium      3868 / 4095
[  34.34s] axe 14 EQ D medium      3890 / 4095
[  34.34s] axe 14 EQ D medium      3909 / 4095
[  34.35s] axe 14 EQ D medium      3929 / 4095
[  34.35s] axe 14 EQ D medium      3953 / 4095
[  34.35s] axe 14 EQ D medium      3975 / 4095
[  34.35s] axe 14 EQ D medium      4002 / 4095
[  34.35s] axe 14 EQ D medium      4022 / 4095
[  34.36s] axe 14 EQ D medium      4043 / 4095
[  34.36s] axe 14 EQ D medium      4070 / 4095
[  34.36s] axe 14 EQ D medium      4093 / 4095
[  34.77s] axe 14 EQ D medium      4070 / 4095
[  34.77s] axe 14 EQ D medium      4050 / 4095
[  34.78s] axe 14 EQ D medium      4036 / 4095
[  34.78s] axe 14 EQ D medium      4017 / 4095
[  34.78s] axe 14 EQ D medium      3997 / 4095
[  34.78s] axe 14 EQ D medium      3977 / 4095
[  34.78s] axe 14 EQ D medium      3956 / 4095
[  34.79s] axe 14 EQ D medium      3937 / 4095
[  34.79s] axe 14 EQ D medium      3917 / 4095
[  34.79s] axe 14 EQ D medium      3899 / 4095
[  34.79s] axe 14 EQ D medium      3880 / 4095
[  34.80s] axe 14 EQ D medium      3858 / 4095
[  34.80s] axe 14 EQ D medium      3837 / 4095
[  34.80s] axe 14 EQ D medium      3819 / 4095
[  34.80s] axe 14 EQ D medium      3798 / 4095
[  34.80s] axe 14 EQ D medium      3778 / 4095
[  34.81s] axe 14 EQ D medium      3757 / 4095
[  34.81s] axe 14 EQ D medium      3735 / 4095
[  34.81s] axe 14 EQ D medium      3713 / 4095
[  34.81s] axe 14 EQ D medium      3693 / 4095
[  34.82s] axe 14 EQ D medium      3673 / 4095
[  34.82s] axe 14 EQ D medium      3650 / 4095
[  34.82s] axe 14 EQ D medium      3626 / 4095
[  34.82s] axe 14 EQ D medium      3603 / 4095
[  34.82s] axe 14 EQ D medium      3579 / 4095
[  34.83s] axe 14 EQ D medium      3557 / 4095
[  34.83s] axe 14 EQ D medium      3533 / 4095
[  34.83s] axe 14 EQ D medium      3510 / 4095
[  34.83s] axe 14 EQ D medium      3491 / 4095
[  34.83s] axe 14 EQ D medium      3469 / 4095
[  34.84s] axe 14 EQ D medium      3446 / 4095
[  34.84s] axe 14 EQ D medium      3424 / 4095
[  34.84s] axe 14 EQ D medium      3402 / 4095
[  34.84s] axe 14 EQ D medium      3381 / 4095
[  34.85s] axe 14 EQ D medium      3359 / 4095
[  34.85s] axe 14 EQ D medium      3341 / 4095
[  34.85s] axe 14 EQ D medium      3320 / 4095
[  34.85s] axe 14 EQ D medium      3301 / 4095
[  34.85s] axe 14 EQ D medium      3282 / 4095
[  34.86s] axe 14 EQ D medium      3261 / 4095
[  34.86s] axe 14 EQ D medium      3242 / 4095
[  34.86s] axe 14 EQ D medium      3224 / 4095
[  34.86s] axe 14 EQ D medium      3205 / 4095
[  34.87s] axe 14 EQ D medium      3186 / 4095
[  34.87s] axe 14 EQ D medium      3169 / 4095
[  34.87s] axe 14 EQ D medium      3151 / 4095
[  34.87s] axe 14 EQ D medium      3134 / 4095
[  34.87s] axe 14 EQ D medium      3118 / 4095
[  34.88s] axe 14 EQ D medium      3103 / 4095
[  34.88s] axe 14 EQ D medium      3087 / 4095
[  34.88s] axe 14 EQ D medium      3070 / 4095
[  34.88s] axe 14 EQ D medium      3055 / 4095
[  34.88s] axe 14 EQ D medium      3041 / 4095
[  34.89s] axe 14 EQ D medium      3028 / 4095
[  34.89s] axe 14 EQ D medium      3015 / 4095
[  34.89s] axe 14 EQ D medium      2999 / 4095
[  34.89s] axe 14 EQ D medium      2985 / 4095
[  34.90s] axe 14 EQ D medium      2973 / 4095
[  34.90s] axe 14 EQ D medium      2962 / 4095
[  34.90s] axe 14 EQ D medium      2951 / 4095
[  34.90s] axe 14 EQ D medium      2939 / 4095
[  34.91s] axe 14 EQ D medium      2928 / 4095
[  34.91s] axe 14 EQ D medium      2917 / 4095
[  34.91s] axe 14 EQ D medium      2898 / 4095
[  34.92s] axe 14 EQ D medium      2877 / 4095
[  34.92s] axe 14 EQ D medium      2866 / 4095
[  34.92s] axe 14 EQ D medium      2847 / 4095
[  34.93s] axe 14 EQ D medium      2829 / 4095
[  34.93s] axe 14 EQ D medium      2818 / 4095
[  34.93s] axe 14 EQ D medium      2807 / 4095
[  34.93s] axe 14 EQ D medium      2789 / 4095
[  34.94s] axe 14 EQ D medium      2771 / 4095
[  34.94s] axe 14 EQ D medium      2754 / 4095
[  34.95s] axe 14 EQ D medium      2737 / 4095
[  34.95s] axe 14 EQ D medium      2721 / 4095
[  34.96s] axe 14 EQ D medium      2706 / 4095
[  34.96s] axe 14 EQ D medium      2690 / 4095
[  34.97s] axe 14 EQ D medium      2679 / 4095
[  34.97s] axe 14 EQ D medium      2667 / 4095
[  34.97s] axe 14 EQ D medium      2654 / 4095
[  34.98s] axe 14 EQ D medium      2643 / 4095
[  34.99s] axe 14 EQ D medium      2629 / 4095
[  35.00s] axe 14 EQ D medium      2615 / 4095
[  35.00s] axe 14 EQ D medium      2604 / 4095
[  35.02s] axe 14 EQ D medium      2593 / 4095
[  35.03s] axe 14 EQ D medium      2581 / 4095
[  35.03s] axe 14 EQ D medium      2568 / 4095
[  35.04s] axe 14 EQ D medium      2556 / 4095
[  35.05s] axe 14 EQ D medium      2543 / 4095
[  35.06s] axe 14 EQ D medium      2529 / 4095
[  35.06s] axe 14 EQ D medium      2516 / 4095
[  35.07s] axe 14 EQ D medium      2504 / 4095
[  35.08s] axe 14 EQ D medium      2491 / 4095
[  35.09s] axe 14 EQ D medium      2480 / 4095
[  35.09s] axe 14 EQ D medium      2469 / 4095
[  35.10s] axe 14 EQ D medium      2455 / 4095
[  35.11s] axe 14 EQ D medium      2442 / 4095
[  35.12s] axe 14 EQ D medium      2431 / 4095
[  35.12s] axe 14 EQ D medium      2420 / 4095
[  35.13s] axe 14 EQ D medium      2408 / 4095
[  35.14s] axe 14 EQ D medium      2396 / 4095
[  35.15s] axe 14 EQ D medium      2384 / 4095
[  35.15s] axe 14 EQ D medium      2371 / 4095
[  35.16s] axe 14 EQ D medium      2357 / 4095
[  35.17s] axe 14 EQ D medium      2342 / 4095
[  35.17s] axe 14 EQ D medium      2329 / 4095
[  35.18s] axe 14 EQ D medium      2316 / 4095
[  35.18s] axe 14 EQ D medium      2303 / 4095
[  35.18s] axe 14 EQ D medium      2290 / 4095
[  35.19s] axe 14 EQ D medium      2277 / 4095
[  35.19s] axe 14 EQ D medium      2261 / 4095
[  35.20s] axe 14 EQ D medium      2245 / 4095
[  35.20s] axe 14 EQ D medium      2229 / 4095
[  35.21s] axe 14 EQ D medium      2214 / 4095
[  35.21s] axe 14 EQ D medium      2200 / 4095
[  35.22s] axe 14 EQ D medium      2185 / 4095
[  35.22s] axe 14 EQ D medium      2173 / 4095
[  35.22s] axe 14 EQ D medium      2161 / 4095
[  35.23s] axe 14 EQ D medium      2145 / 4095
[  35.24s] axe 14 EQ D medium      2126 / 4095
[  35.24s] axe 14 EQ D medium      2114 / 4095
[  35.24s] axe 14 EQ D medium      2093 / 4095
[  36.51s] axe 31 EQ C haut        2068 / 4095
[  36.53s] axe 31 EQ C haut        2057 / 4095
[  36.54s] axe 31 EQ C haut        2045 / 4095
[  36.54s] axe 31 EQ C haut        2030 / 4095
[  36.55s] axe 31 EQ C haut        2014 / 4095
[  36.55s] axe 31 EQ C haut        1995 / 4095
[  36.56s] axe 31 EQ C haut        1972 / 4095
[  36.56s] axe 31 EQ C haut        1959 / 4095
[  36.56s] axe 31 EQ C haut        1945 / 4095
[  36.56s] axe 31 EQ C haut        1934 / 4095
[  36.56s] axe 31 EQ C haut        1923 / 4095
[  36.57s] axe 31 EQ C haut        1912 / 4095
[  36.57s] axe 31 EQ C haut        1896 / 4095
[  36.57s] axe 31 EQ C haut        1877 / 4095
[  36.57s] axe 31 EQ C haut        1855 / 4095
[  36.58s] axe 31 EQ C haut        1829 / 4095
[  36.58s] axe 31 EQ C haut        1802 / 4095
[  36.58s] axe 31 EQ C haut        1776 / 4095
[  36.58s] axe 31 EQ C haut        1749 / 4095
[  36.58s] axe 31 EQ C haut        1721 / 4095
[  36.59s] axe 31 EQ C haut        1692 / 4095
[  36.59s] axe 31 EQ C haut        1664 / 4095
[  36.59s] axe 31 EQ C haut        1637 / 4095
[  36.59s] axe 31 EQ C haut        1610 / 4095
[  36.59s] axe 31 EQ C haut        1583 / 4095
[  36.60s] axe 31 EQ C haut        1555 / 4095
[  36.60s] axe 31 EQ C haut        1522 / 4095
[  36.60s] axe 31 EQ C haut        1494 / 4095
[  36.60s] axe 31 EQ C haut        1468 / 4095
[  36.61s] axe 31 EQ C haut        1440 / 4095
[  36.61s] axe 31 EQ C haut        1412 / 4095
[  36.61s] axe 31 EQ C haut        1387 / 4095
[  36.61s] axe 31 EQ C haut        1364 / 4095
[  36.61s] axe 31 EQ C haut        1338 / 4095
[  36.62s] axe 31 EQ C haut        1312 / 4095
[  36.62s] axe 31 EQ C haut        1288 / 4095
[  36.62s] axe 31 EQ C haut        1267 / 4095
[  36.62s] axe 31 EQ C haut        1243 / 4095
[  36.63s] axe 31 EQ C haut        1220 / 4095
[  36.63s] axe 31 EQ C haut        1199 / 4095
[  36.63s] axe 31 EQ C haut        1177 / 4095
[  36.63s] axe 31 EQ C haut        1155 / 4095
[  36.63s] axe 31 EQ C haut        1133 / 4095
[  36.64s] axe 31 EQ C haut        1113 / 4095
[  36.64s] axe 31 EQ C haut        1094 / 4095
[  36.64s] axe 31 EQ C haut        1076 / 4095
[  36.64s] axe 31 EQ C haut        1057 / 4095
[  36.65s] axe 31 EQ C haut        1039 / 4095
[  36.65s] axe 31 EQ C haut        1020 / 4095
[  36.65s] axe 31 EQ C haut        1001 / 4095
[  36.65s] axe 31 EQ C haut         983 / 4095
[  36.65s] axe 31 EQ C haut         966 / 4095
[  36.66s] axe 31 EQ C haut         950 / 4095
[  36.66s] axe 31 EQ C haut         931 / 4095
[  36.66s] axe 31 EQ C haut         913 / 4095
[  36.66s] axe 31 EQ C haut         894 / 4095
[  36.66s] axe 31 EQ C haut         876 / 4095
[  36.67s] axe 31 EQ C haut         859 / 4095
[  36.67s] axe 31 EQ C haut         840 / 4095
[  36.67s] axe 31 EQ C haut         821 / 4095
[  36.67s] axe 31 EQ C haut         801 / 4095
[  36.68s] axe 31 EQ C haut         781 / 4095
[  36.68s] axe 31 EQ C haut         762 / 4095
[  36.68s] axe 31 EQ C haut         739 / 4095
[  36.68s] axe 31 EQ C haut         720 / 4095
[  36.68s] axe 31 EQ C haut         699 / 4095
[  36.69s] axe 31 EQ C haut         678 / 4095
[  36.69s] axe 31 EQ C haut         658 / 4095
[  36.69s] axe 31 EQ C haut         636 / 4095
[  36.69s] axe 31 EQ C haut         614 / 4095
[  36.70s] axe 31 EQ C haut         593 / 4095
[  36.70s] axe 31 EQ C haut         576 / 4095
[  36.70s] axe 31 EQ C haut         554 / 4095
[  36.70s] axe 31 EQ C haut         530 / 4095
[  36.70s] axe 31 EQ C haut         510 / 4095
[  36.71s] axe 31 EQ C haut         488 / 4095
[  36.71s] axe 31 EQ C haut         465 / 4095
[  36.71s] axe 31 EQ C haut         443 / 4095
[  36.72s] axe 31 EQ C haut         420 / 4095
[  36.72s] axe 31 EQ C haut         400 / 4095
[  36.72s] axe 31 EQ C haut         380 / 4095
[  36.72s] axe 31 EQ C haut         358 / 4095
[  36.72s] axe 31 EQ C haut         336 / 4095
[  36.72s] axe 31 EQ C haut         314 / 4095
[  36.73s] axe 31 EQ C haut         295 / 4095
[  36.73s] axe 31 EQ C haut         277 / 4095
[  36.73s] axe 31 EQ C haut         254 / 4095
[  36.73s] axe 31 EQ C haut         234 / 4095
[  36.73s] axe 31 EQ C haut         212 / 4095
[  36.74s] axe 31 EQ C haut         193 / 4095
[  36.74s] axe 31 EQ C haut         170 / 4095
[  36.74s] axe 31 EQ C haut         149 / 4095
[  36.74s] axe 31 EQ C haut         128 / 4095
[  36.74s] axe 31 EQ C haut         109 / 4095
[  36.75s] axe 31 EQ C haut          89 / 4095
[  36.75s] axe 31 EQ C haut          69 / 4095
[  36.75s] axe 31 EQ C haut          52 / 4095
[  36.75s] axe 31 EQ C haut          31 / 4095
[  36.76s] axe 31 EQ C haut          18 / 4095
[  36.76s] axe 31 EQ C haut           7 / 4095
[  37.20s] axe 31 EQ C haut          27 / 4095
[  37.20s] … 1908 blocs recus depuis 3 s, aucun changement (total 26108)
[  37.20s] axe 31 EQ C haut          39 / 4095
[  37.20s] axe 31 EQ C haut          52 / 4095
[  37.21s] axe 31 EQ C haut          64 / 4095
[  37.21s] axe 31 EQ C haut          77 / 4095
[  37.21s] axe 31 EQ C haut          91 / 4095
[  37.21s] axe 31 EQ C haut         105 / 4095
[  37.22s] axe 31 EQ C haut         119 / 4095
[  37.22s] axe 31 EQ C haut         133 / 4095
[  37.22s] axe 31 EQ C haut         152 / 4095
[  37.22s] axe 31 EQ C haut         168 / 4095
[  37.22s] axe 31 EQ C haut         182 / 4095
[  37.23s] axe 31 EQ C haut         199 / 4095
[  37.23s] axe 31 EQ C haut         215 / 4095
[  37.23s] axe 31 EQ C haut         232 / 4095
[  37.23s] axe 31 EQ C haut         249 / 4095
[  37.23s] axe 31 EQ C haut         266 / 4095
[  37.24s] axe 31 EQ C haut         281 / 4095
[  37.24s] axe 31 EQ C haut         297 / 4095
[  37.24s] axe 31 EQ C haut         316 / 4095
[  37.24s] axe 31 EQ C haut         333 / 4095
[  37.25s] axe 31 EQ C haut         350 / 4095
[  37.25s] axe 31 EQ C haut         367 / 4095
[  37.25s] axe 31 EQ C haut         384 / 4095
[  37.25s] axe 31 EQ C haut         403 / 4095
[  37.25s] axe 31 EQ C haut         421 / 4095
[  37.26s] axe 31 EQ C haut         439 / 4095
[  37.26s] axe 31 EQ C haut         460 / 4095
[  37.26s] axe 31 EQ C haut         477 / 4095
[  37.26s] axe 31 EQ C haut         493 / 4095
[  37.27s] axe 31 EQ C haut         514 / 4095
[  37.27s] axe 31 EQ C haut         534 / 4095
[  37.27s] axe 31 EQ C haut         549 / 4095
[  37.27s] axe 31 EQ C haut         565 / 4095
[  37.27s] axe 31 EQ C haut         583 / 4095
[  37.28s] axe 31 EQ C haut         601 / 4095
[  37.28s] axe 31 EQ C haut         618 / 4095
[  37.28s] axe 31 EQ C haut         635 / 4095
[  37.28s] axe 31 EQ C haut         652 / 4095
[  37.28s] axe 31 EQ C haut         671 / 4095
[  37.29s] axe 31 EQ C haut         687 / 4095
[  37.29s] axe 31 EQ C haut         705 / 4095
[  37.29s] axe 31 EQ C haut         722 / 4095
[  37.29s] axe 31 EQ C haut         739 / 4095
[  37.30s] axe 31 EQ C haut         756 / 4095
[  37.30s] axe 31 EQ C haut         772 / 4095
[  37.30s] axe 31 EQ C haut         788 / 4095
[  37.30s] axe 31 EQ C haut         804 / 4095
[  37.30s] axe 31 EQ C haut         821 / 4095
[  37.31s] axe 31 EQ C haut         836 / 4095
[  37.31s] axe 31 EQ C haut         852 / 4095
[  37.31s] axe 31 EQ C haut         867 / 4095
[  37.31s] axe 31 EQ C haut         883 / 4095
[  37.32s] axe 31 EQ C haut         900 / 4095
[  37.32s] axe 31 EQ C haut         915 / 4095
[  37.32s] axe 31 EQ C haut         929 / 4095
[  37.32s] axe 31 EQ C haut         945 / 4095
[  37.32s] axe 31 EQ C haut         959 / 4095
[  37.33s] axe 31 EQ C haut         975 / 4095
[  37.33s] axe 31 EQ C haut         990 / 4095
[  37.33s] axe 31 EQ C haut        1005 / 4095
[  37.33s] axe 31 EQ C haut        1021 / 4095
[  37.33s] axe 31 EQ C haut        1036 / 4095
[  37.34s] axe 31 EQ C haut        1051 / 4095
[  37.34s] axe 31 EQ C haut        1065 / 4095
[  37.34s] axe 31 EQ C haut        1080 / 4095
[  37.34s] axe 31 EQ C haut        1096 / 4095
[  37.35s] axe 31 EQ C haut        1113 / 4095
[  37.35s] axe 31 EQ C haut        1128 / 4095
[  37.35s] axe 31 EQ C haut        1144 / 4095
[  37.35s] axe 31 EQ C haut        1160 / 4095
[  37.35s] axe 31 EQ C haut        1175 / 4095
[  37.36s] axe 31 EQ C haut        1188 / 4095
[  37.36s] axe 31 EQ C haut        1205 / 4095
[  37.36s] axe 31 EQ C haut        1219 / 4095
[  37.36s] axe 31 EQ C haut        1233 / 4095
[  37.37s] axe 31 EQ C haut        1245 / 4095
[  37.37s] axe 31 EQ C haut        1257 / 4095
[  37.37s] axe 31 EQ C haut        1270 / 4095
[  37.37s] axe 31 EQ C haut        1286 / 4095
[  37.37s] axe 31 EQ C haut        1301 / 4095
[  37.38s] axe 31 EQ C haut        1315 / 4095
[  37.38s] axe 31 EQ C haut        1328 / 4095
[  37.38s] axe 31 EQ C haut        1340 / 4095
[  37.38s] axe 31 EQ C haut        1354 / 4095
[  37.39s] axe 31 EQ C haut        1367 / 4095
[  37.40s] axe 31 EQ C haut        1381 / 4095
[  37.40s] axe 31 EQ C haut        1397 / 4095
[  37.40s] axe 31 EQ C haut        1445 / 4095
[  37.40s] axe 31 EQ C haut        1459 / 4095
[  37.40s] axe 31 EQ C haut        1475 / 4095
[  37.40s] axe 31 EQ C haut        1490 / 4095
[  37.41s] axe 31 EQ C haut        1505 / 4095
[  37.41s] axe 31 EQ C haut        1518 / 4095
[  37.41s] axe 31 EQ C haut        1530 / 4095
[  37.41s] axe 31 EQ C haut        1541 / 4095
[  37.42s] axe 31 EQ C haut        1552 / 4095
[  37.42s] axe 31 EQ C haut        1563 / 4095
[  37.42s] axe 31 EQ C haut        1583 / 4095
[  37.43s] axe 31 EQ C haut        1602 / 4095
[  37.43s] axe 31 EQ C haut        1619 / 4095
[  37.43s] axe 31 EQ C haut        1640 / 4095
[  37.44s] axe 31 EQ C haut        1651 / 4095
[  37.44s] axe 31 EQ C haut        1669 / 4095
[  37.44s] axe 31 EQ C haut        1680 / 4095
[  37.45s] axe 31 EQ C haut        1691 / 4095
[  37.45s] axe 31 EQ C haut        1702 / 4095
[  37.46s] axe 31 EQ C haut        1721 / 4095
[  37.46s] axe 31 EQ C haut        1742 / 4095
[  37.46s] axe 31 EQ C haut        1761 / 4095
[  37.47s] axe 31 EQ C haut        1777 / 4095
[  37.47s] axe 31 EQ C haut        1793 / 4095
[  37.48s] axe 31 EQ C haut        1815 / 4095
[  37.48s] axe 31 EQ C haut        1833 / 4095
[  37.48s] axe 31 EQ C haut        1848 / 4095
[  37.49s] axe 31 EQ C haut        1866 / 4095
[  37.49s] axe 31 EQ C haut        1883 / 4095
[  37.50s] axe 31 EQ C haut        1897 / 4095
[  37.50s] axe 31 EQ C haut        1912 / 4095
[  37.51s] axe 31 EQ C haut        1928 / 4095
[  37.51s] axe 31 EQ C haut        1946 / 4095
[  37.52s] axe 31 EQ C haut        1963 / 4095
[  37.52s] axe 31 EQ C haut        1975 / 4095
[  37.52s] axe 31 EQ C haut        1991 / 4095
[  37.53s] axe 31 EQ C haut        2002 / 4095
[  37.53s] axe 31 EQ C haut        2014 / 4095
[  37.54s] axe 31 EQ C haut        2033 / 4095
[  37.54s] axe 31 EQ C haut        2046 / 4095
[  37.54s] axe 31 EQ C haut        2057 / 4095
[  37.55s] axe 31 EQ C haut        2069 / 4095
[  37.57s] axe 31 EQ C haut        2080 / 4095
[  38.09s] axe 31 EQ C haut        2092 / 4095
[  38.10s] axe 31 EQ C haut        2103 / 4095
[  38.10s] axe 31 EQ C haut        2114 / 4095
[  38.11s] axe 31 EQ C haut        2131 / 4095
[  38.11s] axe 31 EQ C haut        2148 / 4095
[  38.12s] axe 31 EQ C haut        2168 / 4095
[  38.12s] axe 31 EQ C haut        2180 / 4095
[  38.12s] axe 31 EQ C haut        2192 / 4095
[  38.13s] axe 31 EQ C haut        2203 / 4095
[  38.13s] axe 31 EQ C haut        2215 / 4095
[  38.13s] axe 31 EQ C haut        2229 / 4095
[  38.13s] axe 31 EQ C haut        2242 / 4095
[  38.13s] axe 31 EQ C haut        2256 / 4095
[  38.14s] axe 31 EQ C haut        2270 / 4095
[  38.14s] axe 31 EQ C haut        2288 / 4095
[  38.14s] axe 31 EQ C haut        2306 / 4095
[  38.14s] axe 31 EQ C haut        2325 / 4095
[  38.15s] axe 31 EQ C haut        2344 / 4095
[  38.15s] axe 31 EQ C haut        2363 / 4095
[  38.15s] axe 31 EQ C haut        2379 / 4095
[  38.15s] axe 31 EQ C haut        2397 / 4095
[  38.15s] axe 31 EQ C haut        2415 / 4095
[  38.16s] axe 31 EQ C haut        2435 / 4095
[  38.16s] axe 31 EQ C haut        2453 / 4095
[  38.16s] axe 31 EQ C haut        2473 / 4095
[  38.16s] axe 31 EQ C haut        2493 / 4095
[  38.17s] axe 31 EQ C haut        2512 / 4095
[  38.17s] axe 31 EQ C haut        2530 / 4095
[  38.17s] axe 31 EQ C haut        2548 / 4095
[  38.17s] axe 31 EQ C haut        2569 / 4095
[  38.17s] axe 31 EQ C haut        2589 / 4095
[  38.18s] axe 31 EQ C haut        2612 / 4095
[  38.18s] axe 31 EQ C haut        2634 / 4095
[  38.18s] axe 31 EQ C haut        2658 / 4095
[  38.18s] axe 31 EQ C haut        2683 / 4095
[  38.18s] axe 31 EQ C haut        2706 / 4095
[  38.19s] axe 31 EQ C haut        2727 / 4095
[  38.19s] axe 31 EQ C haut        2751 / 4095
[  38.19s] axe 31 EQ C haut        2776 / 4095
[  38.19s] axe 31 EQ C haut        2801 / 4095
[  38.20s] axe 31 EQ C haut        2827 / 4095
[  38.20s] axe 31 EQ C haut        2852 / 4095
[  38.20s] axe 31 EQ C haut        2877 / 4095
[  38.20s] axe 31 EQ C haut        2903 / 4095
[  38.20s] axe 31 EQ C haut        2928 / 4095
[  38.21s] axe 31 EQ C haut        2952 / 4095
[  38.21s] axe 31 EQ C haut        2978 / 4095
[  38.21s] axe 31 EQ C haut        3006 / 4095
[  38.21s] axe 31 EQ C haut        3034 / 4095
[  38.21s] axe 31 EQ C haut        3061 / 4095
[  38.22s] axe 31 EQ C haut        3090 / 4095
[  38.22s] axe 31 EQ C haut        3119 / 4095
[  38.22s] axe 31 EQ C haut        3149 / 4095
[  38.23s] axe 31 EQ C haut        3180 / 4095
[  38.23s] axe 31 EQ C haut        3211 / 4095
[  38.23s] axe 31 EQ C haut        3241 / 4095
[  38.23s] axe 31 EQ C haut        3303 / 4095
[  38.23s] axe 31 EQ C haut        3334 / 4095
[  38.24s] axe 31 EQ C haut        3367 / 4095
[  38.24s] axe 31 EQ C haut        3396 / 4095
[  38.24s] axe 31 EQ C haut        3426 / 4095
[  38.24s] axe 31 EQ C haut        3457 / 4095
[  38.25s] axe 31 EQ C haut        3486 / 4095
[  38.25s] axe 31 EQ C haut        3515 / 4095
[  38.25s] axe 31 EQ C haut        3543 / 4095
[  38.25s] axe 31 EQ C haut        3571 / 4095
[  38.25s] axe 31 EQ C haut        3599 / 4095
[  38.26s] axe 31 EQ C haut        3625 / 4095
[  38.26s] axe 31 EQ C haut        3651 / 4095
[  38.26s] axe 31 EQ C haut        3677 / 4095
[  38.26s] axe 31 EQ C haut        3703 / 4095
[  38.27s] axe 31 EQ C haut        3728 / 4095
[  38.27s] axe 31 EQ C haut        3756 / 4095
[  38.27s] axe 31 EQ C haut        3781 / 4095
[  38.27s] axe 31 EQ C haut        3808 / 4095
[  38.27s] axe 31 EQ C haut        3835 / 4095
[  38.28s] axe 31 EQ C haut        3861 / 4095
[  38.28s] axe 31 EQ C haut        3889 / 4095
[  38.28s] axe 31 EQ C haut        3920 / 4095
[  38.28s] axe 31 EQ C haut        3950 / 4095
[  38.28s] axe 31 EQ C haut        3982 / 4095
[  38.29s] axe 31 EQ C haut        4012 / 4095
[  38.29s] axe 31 EQ C haut        4041 / 4095
[  38.29s] axe 31 EQ C haut        4075 / 4095
[  38.29s] axe 31 EQ C haut        4095 / 4095
[  38.82s] axe 31 EQ C haut        4073 / 4095
[  38.83s] axe 31 EQ C haut        4054 / 4095
[  38.83s] axe 31 EQ C haut        4039 / 4095
[  38.84s] axe 31 EQ C haut        4021 / 4095
[  38.84s] axe 31 EQ C haut        4007 / 4095
[  38.84s] axe 31 EQ C haut        3995 / 4095
[  38.85s] axe 31 EQ C haut        3976 / 4095
[  38.85s] axe 31 EQ C haut        3965 / 4095
[  38.85s] axe 31 EQ C haut        3944 / 4095
[  38.85s] axe 31 EQ C haut        3933 / 4095
[  38.86s] axe 31 EQ C haut        3920 / 4095
[  38.86s] axe 31 EQ C haut        3907 / 4095
[  38.86s] axe 31 EQ C haut        3888 / 4095
[  38.87s] axe 31 EQ C haut        3872 / 4095
[  38.87s] axe 31 EQ C haut        3856 / 4095
[  38.88s] axe 31 EQ C haut        3838 / 4095
[  38.88s] axe 31 EQ C haut        3822 / 4095
[  38.89s] axe 31 EQ C haut        3808 / 4095
[  38.89s] axe 31 EQ C haut        3793 / 4095
[  38.90s] axe 31 EQ C haut        3779 / 4095
[  38.90s] axe 31 EQ C haut        3764 / 4095
[  38.90s] axe 31 EQ C haut        3752 / 4095
[  38.91s] axe 31 EQ C haut        3741 / 4095
[  38.92s] axe 31 EQ C haut        3727 / 4095
[  38.92s] axe 31 EQ C haut        3715 / 4095
[  38.92s] axe 31 EQ C haut        3702 / 4095
[  38.93s] axe 31 EQ C haut        3688 / 4095
[  38.93s] axe 31 EQ C haut        3673 / 4095
[  38.94s] axe 31 EQ C haut        3661 / 4095
[  38.94s] axe 31 EQ C haut        3648 / 4095
[  38.94s] axe 31 EQ C haut        3632 / 4095
[  38.95s] axe 31 EQ C haut        3615 / 4095
[  38.95s] axe 31 EQ C haut        3597 / 4095
[  38.95s] axe 31 EQ C haut        3586 / 4095
[  38.96s] axe 31 EQ C haut        3568 / 4095
[  38.96s] axe 31 EQ C haut        3557 / 4095
[  38.97s] axe 31 EQ C haut        3546 / 4095
[  38.97s] axe 31 EQ C haut        3526 / 4095
[  38.97s] axe 31 EQ C haut        3506 / 4095
[  38.97s] axe 31 EQ C haut        3495 / 4095
[  38.98s] axe 31 EQ C haut        3473 / 4095
[  38.99s] axe 31 EQ C haut        3450 / 4095
[  38.99s] axe 31 EQ C haut        3430 / 4095
[  38.99s] axe 31 EQ C haut        3419 / 4095
[  38.99s] axe 31 EQ C haut        3405 / 4095
[  38.99s] axe 31 EQ C haut        3392 / 4095
[  39.00s] axe 31 EQ C haut        3380 / 4095
[  39.01s] axe 31 EQ C haut        3366 / 4095
[  39.01s] axe 31 EQ C haut        3353 / 4095
[  39.01s] axe 31 EQ C haut        3341 / 4095
[  39.02s] axe 31 EQ C haut        3277 / 4095
[  39.02s] axe 31 EQ C haut        3247 / 4095
[  39.02s] axe 31 EQ C haut        3234 / 4095
[  39.02s] axe 31 EQ C haut        3221 / 4095
[  39.02s] axe 31 EQ C haut        3208 / 4095
[  39.03s] axe 31 EQ C haut        3194 / 4095
[  39.03s] axe 31 EQ C haut        3181 / 4095
[  39.03s] axe 31 EQ C haut        3168 / 4095
[  39.03s] axe 31 EQ C haut        3154 / 4095
[  39.04s] axe 31 EQ C haut        3141 / 4095
[  39.04s] axe 31 EQ C haut        3128 / 4095
[  39.04s] axe 31 EQ C haut        3115 / 4095
[  39.04s] axe 31 EQ C haut        3102 / 4095
[  39.04s] axe 31 EQ C haut        3090 / 4095
[  39.05s] axe 31 EQ C haut        3077 / 4095
[  39.05s] axe 31 EQ C haut        3063 / 4095
[  39.05s] axe 31 EQ C haut        3049 / 4095
[  39.05s] axe 31 EQ C haut        3034 / 4095
[  39.05s] axe 31 EQ C haut        3018 / 4095
[  39.06s] axe 31 EQ C haut        3003 / 4095
[  39.06s] axe 31 EQ C haut        2990 / 4095
[  39.06s] axe 31 EQ C haut        2977 / 4095
[  39.06s] axe 31 EQ C haut        2963 / 4095
[  39.07s] axe 31 EQ C haut        2949 / 4095
[  39.07s] axe 31 EQ C haut        2934 / 4095
[  39.07s] axe 31 EQ C haut        2921 / 4095
[  39.07s] axe 31 EQ C haut        2908 / 4095
[  39.07s] axe 31 EQ C haut        2895 / 4095
[  39.08s] axe 31 EQ C haut        2881 / 4095
[  39.08s] axe 31 EQ C haut        2868 / 4095
[  39.08s] axe 31 EQ C haut        2856 / 4095
[  39.08s] axe 31 EQ C haut        2845 / 4095
[  39.09s] axe 31 EQ C haut        2834 / 4095
[  39.09s] axe 31 EQ C haut        2823 / 4095
[  39.09s] axe 31 EQ C haut        2803 / 4095
[  39.10s] axe 31 EQ C haut        2784 / 4095
[  39.10s] axe 31 EQ C haut        2766 / 4095
[  39.10s] axe 31 EQ C haut        2749 / 4095
[  39.11s] axe 31 EQ C haut        2734 / 4095
[  39.11s] axe 31 EQ C haut        2717 / 4095
[  39.12s] axe 31 EQ C haut        2698 / 4095
[  39.12s] axe 31 EQ C haut        2682 / 4095
[  39.13s] axe 31 EQ C haut        2667 / 4095
[  39.13s] axe 31 EQ C haut        2649 / 4095
[  39.13s] axe 31 EQ C haut        2631 / 4095
[  39.14s] axe 31 EQ C haut        2615 / 4095
[  39.14s] axe 31 EQ C haut        2600 / 4095
[  39.15s] axe 31 EQ C haut        2585 / 4095
[  39.15s] axe 31 EQ C haut        2571 / 4095
[  39.16s] axe 31 EQ C haut        2557 / 4095
[  39.16s] axe 31 EQ C haut        2544 / 4095
[  39.17s] axe 31 EQ C haut        2532 / 4095
[  39.17s] axe 31 EQ C haut        2519 / 4095
[  39.17s] axe 31 EQ C haut        2505 / 4095
[  39.18s] axe 31 EQ C haut        2491 / 4095
[  39.18s] axe 31 EQ C haut        2480 / 4095
[  39.19s] axe 31 EQ C haut        2467 / 4095
[  39.19s] axe 31 EQ C haut        2450 / 4095
[  39.20s] axe 31 EQ C haut        2436 / 4095
[  39.20s] axe 31 EQ C haut        2424 / 4095
[  39.21s] axe 31 EQ C haut        2409 / 4095
[  39.21s] axe 31 EQ C haut        2396 / 4095
[  39.22s] axe 31 EQ C haut        2382 / 4095
[  39.23s] axe 31 EQ C haut        2368 / 4095
[  39.23s] axe 31 EQ C haut        2354 / 4095
[  39.24s] axe 31 EQ C haut        2339 / 4095
[  39.25s] axe 31 EQ C haut        2327 / 4095
[  39.25s] axe 31 EQ C haut        2311 / 4095
[  39.26s] axe 31 EQ C haut        2297 / 4095
[  39.26s] axe 31 EQ C haut        2285 / 4095
[  39.27s] axe 31 EQ C haut        2274 / 4095
[  39.27s] axe 31 EQ C haut        2261 / 4095
[  39.27s] axe 31 EQ C haut        2241 / 4095
[  39.28s] axe 31 EQ C haut        2222 / 4095
[  39.28s] axe 31 EQ C haut        2203 / 4095
[  39.29s] axe 31 EQ C haut        2184 / 4095
[  39.29s] axe 31 EQ C haut        2163 / 4095
[  39.29s] axe 31 EQ C haut        2149 / 4095
[  39.30s] axe 31 EQ C haut        2133 / 4095
[  39.30s] axe 31 EQ C haut        2116 / 4095
[  39.30s] axe 31 EQ C haut        2105 / 4095
[  39.30s] axe 31 EQ C haut        2092 / 4095
[  39.31s] axe 31 EQ C haut        2081 / 4095
[  39.38s] axe 31 EQ C haut        2070 / 4095
[  39.46s] axe 31 EQ C haut        2081 / 4095
[  40.04s] axe 27 EQ A haut        2069 / 4095
[  40.05s] axe 27 EQ A haut        2058 / 4095
[  40.06s] axe 27 EQ A haut        2047 / 4095
[  40.07s] axe 27 EQ A haut        2034 / 4095
[  40.07s] axe 27 EQ A haut        2019 / 4095
[  40.08s] axe 27 EQ A haut        2001 / 4095
[  40.08s] axe 27 EQ A haut        1980 / 4095
[  40.08s] axe 27 EQ A haut        1967 / 4095
[  40.09s] axe 27 EQ A haut        1953 / 4095
[  40.09s] axe 27 EQ A haut        1938 / 4095
[  40.09s] axe 27 EQ A haut        1923 / 4095
[  40.09s] axe 27 EQ A haut        1907 / 4095
[  40.09s] axe 27 EQ A haut        1892 / 4095
[  40.10s] axe 27 EQ A haut        1878 / 4095
[  40.10s] axe 27 EQ A haut        1861 / 4095
[  40.10s] axe 27 EQ A haut        1845 / 4095
[  40.10s] axe 27 EQ A haut        1829 / 4095
[  40.11s] axe 27 EQ A haut        1813 / 4095
[  40.11s] axe 27 EQ A haut        1798 / 4095
[  40.11s] axe 27 EQ A haut        1782 / 4095
[  40.12s] axe 27 EQ A haut        1763 / 4095
[  40.12s] axe 27 EQ A haut        1718 / 4095
[  40.12s] axe 27 EQ A haut        1701 / 4095
[  40.12s] axe 27 EQ A haut        1683 / 4095
[  40.12s] axe 27 EQ A haut        1663 / 4095
[  40.13s] axe 27 EQ A haut        1640 / 4095
[  40.13s] axe 27 EQ A haut        1618 / 4095
[  40.13s] axe 27 EQ A haut        1593 / 4095
[  40.13s] axe 27 EQ A haut        1569 / 4095
[  40.13s] axe 27 EQ A haut        1543 / 4095
[  40.14s] axe 27 EQ A haut        1519 / 4095
[  40.14s] axe 27 EQ A haut        1496 / 4095
[  40.14s] axe 27 EQ A haut        1474 / 4095
[  40.14s] axe 27 EQ A haut        1453 / 4095
[  40.15s] axe 27 EQ A haut        1432 / 4095
[  40.15s] axe 27 EQ A haut        1412 / 4095
[  40.15s] axe 27 EQ A haut        1392 / 4095
[  40.15s] axe 27 EQ A haut        1374 / 4095
[  40.15s] axe 27 EQ A haut        1357 / 4095
[  40.16s] axe 27 EQ A haut        1338 / 4095
[  40.16s] axe 27 EQ A haut        1319 / 4095
[  40.16s] axe 27 EQ A haut        1302 / 4095
[  40.16s] axe 27 EQ A haut        1287 / 4095
[  40.17s] axe 27 EQ A haut        1272 / 4095
[  40.17s] axe 27 EQ A haut        1256 / 4095
[  40.17s] axe 27 EQ A haut        1240 / 4095
[  40.17s] axe 27 EQ A haut        1225 / 4095
[  40.17s] axe 27 EQ A haut        1209 / 4095
[  40.18s] axe 27 EQ A haut        1192 / 4095
[  40.18s] axe 27 EQ A haut        1176 / 4095
[  40.18s] axe 27 EQ A haut        1161 / 4095
[  40.18s] axe 27 EQ A haut        1145 / 4095
[  40.18s] axe 27 EQ A haut        1130 / 4095
[  40.19s] axe 27 EQ A haut        1115 / 4095
[  40.19s] axe 27 EQ A haut        1100 / 4095
[  40.19s] axe 27 EQ A haut        1085 / 4095
[  40.19s] axe 27 EQ A haut        1068 / 4095
[  40.20s] axe 27 EQ A haut        1053 / 4095
[  40.20s] axe 27 EQ A haut        1038 / 4095
[  40.20s] axe 27 EQ A haut        1022 / 4095
[  40.20s] … 2460 blocs recus depuis 3 s, aucun changement (total 28568)
[  40.20s] axe 27 EQ A haut        1008 / 4095
[  40.20s] axe 27 EQ A haut         992 / 4095
[  40.21s] axe 27 EQ A haut         974 / 4095
[  40.21s] axe 27 EQ A haut         958 / 4095
[  40.21s] axe 27 EQ A haut         942 / 4095
[  40.21s] axe 27 EQ A haut         926 / 4095
[  40.22s] axe 27 EQ A haut         909 / 4095
[  40.22s] axe 27 EQ A haut         891 / 4095
[  40.22s] axe 27 EQ A haut         872 / 4095
[  40.23s] axe 27 EQ A haut         851 / 4095
[  40.23s] axe 27 EQ A haut         830 / 4095
[  40.23s] axe 27 EQ A haut         806 / 4095
[  40.23s] axe 27 EQ A haut         769 / 4095
[  40.23s] axe 27 EQ A haut         747 / 4095
[  40.23s] axe 27 EQ A haut         723 / 4095
[  40.24s] axe 27 EQ A haut         702 / 4095
[  40.24s] axe 27 EQ A haut         677 / 4095
[  40.24s] axe 27 EQ A haut         653 / 4095
[  40.24s] axe 27 EQ A haut         631 / 4095
[  40.25s] axe 27 EQ A haut         609 / 4095
[  40.25s] axe 27 EQ A haut         588 / 4095
[  40.25s] axe 27 EQ A haut         569 / 4095
[  40.25s] axe 27 EQ A haut         547 / 4095
[  40.25s] axe 27 EQ A haut         526 / 4095
[  40.26s] axe 27 EQ A haut         503 / 4095
[  40.26s] axe 27 EQ A haut         482 / 4095
[  40.26s] axe 27 EQ A haut         460 / 4095
[  40.26s] axe 27 EQ A haut         442 / 4095
[  40.27s] axe 27 EQ A haut         423 / 4095
[  40.27s] axe 27 EQ A haut         402 / 4095
[  40.27s] axe 27 EQ A haut         381 / 4095
[  40.27s] axe 27 EQ A haut         363 / 4095
[  40.27s] axe 27 EQ A haut         344 / 4095
[  40.28s] axe 27 EQ A haut         326 / 4095
[  40.28s] axe 27 EQ A haut         309 / 4095
[  40.28s] axe 27 EQ A haut         291 / 4095
[  40.28s] axe 27 EQ A haut         275 / 4095
[  40.28s] axe 27 EQ A haut         259 / 4095
[  40.29s] axe 27 EQ A haut         242 / 4095
[  40.29s] axe 27 EQ A haut         226 / 4095
[  40.29s] axe 27 EQ A haut         212 / 4095
[  40.29s] axe 27 EQ A haut         199 / 4095
[  40.30s] axe 27 EQ A haut         183 / 4095
[  40.30s] axe 27 EQ A haut         169 / 4095
[  40.30s] axe 27 EQ A haut         156 / 4095
[  40.30s] axe 27 EQ A haut         142 / 4095
[  40.30s] axe 27 EQ A haut         125 / 4095
[  40.31s] axe 27 EQ A haut         109 / 4095
[  40.31s] axe 27 EQ A haut          94 / 4095
[  40.31s] axe 27 EQ A haut          81 / 4095
[  40.31s] axe 27 EQ A haut          69 / 4095
[  40.32s] axe 27 EQ A haut          54 / 4095
[  40.32s] axe 27 EQ A haut          38 / 4095
[  40.32s] axe 27 EQ A haut          24 / 4095
[  40.32s] axe 27 EQ A haut          10 / 4095
[  40.87s] axe 27 EQ A haut          31 / 4095
[  40.87s] axe 27 EQ A haut          45 / 4095
[  40.87s] axe 27 EQ A haut          57 / 4095
[  40.88s] axe 27 EQ A haut          79 / 4095
[  40.88s] axe 27 EQ A haut          92 / 4095
[  40.88s] axe 27 EQ A haut         105 / 4095
[  40.89s] axe 27 EQ A haut         123 / 4095
[  40.89s] axe 27 EQ A haut         136 / 4095
[  40.89s] axe 27 EQ A haut         149 / 4095
[  40.89s] axe 27 EQ A haut         162 / 4095
[  40.89s] axe 27 EQ A haut         177 / 4095
[  40.90s] axe 27 EQ A haut         189 / 4095
[  40.90s] axe 27 EQ A haut         202 / 4095
[  40.90s] axe 27 EQ A haut         216 / 4095
[  40.90s] axe 27 EQ A haut         230 / 4095
[  40.91s] axe 27 EQ A haut         246 / 4095
[  40.91s] axe 27 EQ A haut         260 / 4095
[  40.91s] axe 27 EQ A haut         274 / 4095
[  40.91s] axe 27 EQ A haut         288 / 4095
[  40.91s] axe 27 EQ A haut         303 / 4095
[  40.92s] axe 27 EQ A haut         318 / 4095
[  40.92s] axe 27 EQ A haut         334 / 4095
[  40.92s] axe 27 EQ A haut         348 / 4095
[  40.92s] axe 27 EQ A haut         363 / 4095
[  40.92s] axe 27 EQ A haut         377 / 4095
[  40.93s] axe 27 EQ A haut         394 / 4095
[  40.93s] axe 27 EQ A haut         408 / 4095
[  40.93s] axe 27 EQ A haut         420 / 4095
[  40.93s] axe 27 EQ A haut         433 / 4095
[  40.94s] axe 27 EQ A haut         448 / 4095
[  40.94s] axe 27 EQ A haut         463 / 4095
[  40.94s] axe 27 EQ A haut         476 / 4095
[  40.94s] axe 27 EQ A haut         489 / 4095
[  40.94s] axe 27 EQ A haut         504 / 4095
[  40.95s] axe 27 EQ A haut         521 / 4095
[  40.95s] axe 27 EQ A haut         537 / 4095
[  40.95s] axe 27 EQ A haut         549 / 4095
[  40.95s] axe 27 EQ A haut         562 / 4095
[  40.96s] axe 27 EQ A haut         576 / 4095
[  40.96s] axe 27 EQ A haut         589 / 4095
[  40.96s] axe 27 EQ A haut         603 / 4095
[  40.96s] axe 27 EQ A haut         616 / 4095
[  40.96s] axe 27 EQ A haut         632 / 4095
[  40.97s] axe 27 EQ A haut         649 / 4095
[  40.97s] axe 27 EQ A haut         664 / 4095
[  40.97s] axe 27 EQ A haut         678 / 4095
[  40.97s] axe 27 EQ A haut         694 / 4095
[  40.97s] axe 27 EQ A haut         710 / 4095
[  40.98s] axe 27 EQ A haut         725 / 4095
[  40.98s] axe 27 EQ A haut         739 / 4095
[  40.98s] axe 27 EQ A haut         753 / 4095
[  40.98s] axe 27 EQ A haut         765 / 4095
[  40.99s] axe 27 EQ A haut         779 / 4095
[  40.99s] axe 27 EQ A haut         793 / 4095
[  40.99s] axe 27 EQ A haut         806 / 4095
[  40.99s] axe 27 EQ A haut         819 / 4095
[  40.99s] axe 27 EQ A haut         835 / 4095
[  41.00s] axe 27 EQ A haut         851 / 4095
[  41.00s] axe 27 EQ A haut         865 / 4095
[  41.00s] axe 27 EQ A haut         880 / 4095
[  41.00s] axe 27 EQ A haut         894 / 4095
[  41.01s] axe 27 EQ A haut         908 / 4095
[  41.01s] axe 27 EQ A haut         921 / 4095
[  41.01s] axe 27 EQ A haut         934 / 4095
[  41.01s] axe 27 EQ A haut         948 / 4095
[  41.01s] axe 27 EQ A haut         963 / 4095
[  41.02s] axe 27 EQ A haut         979 / 4095
[  41.02s] axe 27 EQ A haut         993 / 4095
[  41.02s] axe 27 EQ A haut        1008 / 4095
[  41.02s] axe 27 EQ A haut        1024 / 4095
[  41.02s] axe 27 EQ A haut        1040 / 4095
[  41.03s] axe 27 EQ A haut        1057 / 4095
[  41.03s] axe 27 EQ A haut        1072 / 4095
[  41.03s] axe 27 EQ A haut        1087 / 4095
[  41.03s] axe 27 EQ A haut        1100 / 4095
[  41.04s] axe 27 EQ A haut        1116 / 4095
[  41.04s] axe 27 EQ A haut        1131 / 4095
[  41.04s] axe 27 EQ A haut        1145 / 4095
[  41.04s] axe 27 EQ A haut        1159 / 4095
[  41.04s] axe 27 EQ A haut        1174 / 4095
[  41.05s] axe 27 EQ A haut        1189 / 4095
[  41.05s] axe 27 EQ A haut        1203 / 4095
[  41.05s] axe 27 EQ A haut        1217 / 4095
[  41.05s] axe 27 EQ A haut        1232 / 4095
[  41.06s] axe 27 EQ A haut        1246 / 4095
[  41.06s] axe 27 EQ A haut        1259 / 4095
[  41.06s] axe 27 EQ A haut        1270 / 4095
[  41.06s] axe 27 EQ A haut        1283 / 4095
[  41.06s] axe 27 EQ A haut        1297 / 4095
[  41.07s] axe 27 EQ A haut        1311 / 4095
[  41.07s] axe 27 EQ A haut        1325 / 4095
[  41.07s] axe 27 EQ A haut        1338 / 4095
[  41.07s] axe 27 EQ A haut        1351 / 4095
[  41.07s] axe 27 EQ A haut        1366 / 4095
[  41.08s] axe 27 EQ A haut        1380 / 4095
[  41.08s] axe 27 EQ A haut        1393 / 4095
[  41.08s] axe 27 EQ A haut        1405 / 4095
[  41.08s] axe 27 EQ A haut        1420 / 4095
[  41.09s] axe 27 EQ A haut        1435 / 4095
[  41.09s] axe 27 EQ A haut        1449 / 4095
[  41.09s] axe 27 EQ A haut        1463 / 4095
[  41.09s] axe 27 EQ A haut        1476 / 4095
[  41.10s] axe 27 EQ A haut        1492 / 4095
[  41.10s] axe 27 EQ A haut        1508 / 4095
[  41.10s] axe 27 EQ A haut        1523 / 4095
[  41.10s] axe 27 EQ A haut        1539 / 4095
[  41.10s] axe 27 EQ A haut        1554 / 4095
[  41.11s] axe 27 EQ A haut        1569 / 4095
[  41.11s] axe 27 EQ A haut        1585 / 4095
[  41.11s] axe 27 EQ A haut        1601 / 4095
[  41.11s] axe 27 EQ A haut        1617 / 4095
[  41.11s] axe 27 EQ A haut        1633 / 4095
[  41.12s] axe 27 EQ A haut        1648 / 4095
[  41.13s] axe 27 EQ A haut        1662 / 4095
[  41.13s] axe 27 EQ A haut        1676 / 4095
[  41.13s] axe 27 EQ A haut        1727 / 4095
[  41.13s] axe 27 EQ A haut        1743 / 4095
[  41.13s] axe 27 EQ A haut        1758 / 4095
[  41.14s] axe 27 EQ A haut        1771 / 4095
[  41.14s] axe 27 EQ A haut        1783 / 4095
[  41.14s] axe 27 EQ A haut        1794 / 4095
[  41.14s] axe 27 EQ A haut        1810 / 4095
[  41.14s] axe 27 EQ A haut        1821 / 4095
[  41.15s] axe 27 EQ A haut        1833 / 4095
[  41.15s] axe 27 EQ A haut        1845 / 4095
[  41.15s] axe 27 EQ A haut        1864 / 4095
[  41.16s] axe 27 EQ A haut        1883 / 4095
[  41.16s] axe 27 EQ A haut        1899 / 4095
[  41.17s] axe 27 EQ A haut        1916 / 4095
[  41.17s] axe 27 EQ A haut        1931 / 4095
[  41.17s] axe 27 EQ A haut        1946 / 4095
[  41.18s] axe 27 EQ A haut        1960 / 4095
[  41.18s] axe 27 EQ A haut        1971 / 4095
[  41.19s] axe 27 EQ A haut        1982 / 4095
[  41.19s] axe 27 EQ A haut        1995 / 4095
[  41.20s] axe 27 EQ A haut        2008 / 4095
[  41.21s] axe 27 EQ A haut        2022 / 4095
[  41.21s] axe 27 EQ A haut        2033 / 4095
[  41.22s] axe 27 EQ A haut        2046 / 4095
[  41.22s] axe 27 EQ A haut        2058 / 4095
[  41.23s] axe 27 EQ A haut        2069 / 4095
[  41.69s] axe 27 EQ A haut        2080 / 4095
[  41.72s] axe 27 EQ A haut        2091 / 4095
[  41.73s] axe 27 EQ A haut        2102 / 4095
[  41.74s] axe 27 EQ A haut        2116 / 4095
[  41.74s] axe 27 EQ A haut        2127 / 4095
[  41.74s] axe 27 EQ A haut        2142 / 4095
[  41.75s] axe 27 EQ A haut        2160 / 4095
[  41.75s] axe 27 EQ A haut        2179 / 4095
[  41.76s] axe 27 EQ A haut        2200 / 4095
[  41.76s] axe 27 EQ A haut        2219 / 4095
[  41.77s] axe 27 EQ A haut        2240 / 4095
[  41.77s] axe 27 EQ A haut        2251 / 4095
[  41.77s] axe 27 EQ A haut        2262 / 4095
[  41.78s] axe 27 EQ A haut        2283 / 4095
[  41.78s] axe 27 EQ A haut        2294 / 4095
[  41.78s] axe 27 EQ A haut        2312 / 4095
[  41.79s] axe 27 EQ A haut        2330 / 4095
[  41.79s] axe 27 EQ A haut        2346 / 4095
[  41.79s] axe 27 EQ A haut        2364 / 4095
[  41.80s] axe 27 EQ A haut        2385 / 4095
[  41.80s] axe 27 EQ A haut        2396 / 4095
[  41.80s] axe 27 EQ A haut        2407 / 4095
[  41.81s] axe 27 EQ A haut        2420 / 4095
[  41.81s] axe 27 EQ A haut        2433 / 4095
[  41.81s] axe 27 EQ A haut        2447 / 4095
[  41.81s] axe 27 EQ A haut        2461 / 4095
[  41.81s] axe 27 EQ A haut        2476 / 4095
[  41.82s] axe 27 EQ A haut        2491 / 4095
[  41.82s] axe 27 EQ A haut        2504 / 4095
[  41.82s] axe 27 EQ A haut        2520 / 4095
[  41.82s] axe 27 EQ A haut        2536 / 4095
[  41.83s] axe 27 EQ A haut        2551 / 4095
[  41.83s] axe 27 EQ A haut        2567 / 4095
[  41.83s] axe 27 EQ A haut        2582 / 4095
[  41.83s] axe 27 EQ A haut        2597 / 4095
[  41.83s] axe 27 EQ A haut        2615 / 4095
[  41.84s] axe 27 EQ A haut        2634 / 4095
[  41.84s] axe 27 EQ A haut        2653 / 4095
[  41.84s] axe 27 EQ A haut        2670 / 4095
[  41.84s] axe 27 EQ A haut        2689 / 4095
[  41.84s] axe 27 EQ A haut        2707 / 4095
[  41.85s] axe 27 EQ A haut        2726 / 4095
[  41.85s] axe 27 EQ A haut        2745 / 4095
[  41.85s] axe 27 EQ A haut        2766 / 4095
[  41.85s] axe 27 EQ A haut        2787 / 4095
[  41.86s] axe 27 EQ A haut        2807 / 4095
[  41.86s] axe 27 EQ A haut        2827 / 4095
[  41.86s] axe 27 EQ A haut        2846 / 4095
[  41.86s] axe 27 EQ A haut        2866 / 4095
[  41.86s] axe 27 EQ A haut        2886 / 4095
[  41.87s] axe 27 EQ A haut        2909 / 4095
[  41.87s] axe 27 EQ A haut        2929 / 4095
[  41.87s] axe 27 EQ A haut        2950 / 4095
[  41.87s] axe 27 EQ A haut        2973 / 4095
[  41.88s] axe 27 EQ A haut        2995 / 4095
[  41.88s] axe 27 EQ A haut        3017 / 4095
[  41.88s] axe 27 EQ A haut        3038 / 4095
[  41.88s] axe 27 EQ A haut        3060 / 4095
[  41.88s] axe 27 EQ A haut        3081 / 4095
[  41.89s] axe 27 EQ A haut        3102 / 4095
[  41.89s] axe 27 EQ A haut        3123 / 4095
[  41.89s] axe 27 EQ A haut        3142 / 4095
[  41.89s] axe 27 EQ A haut        3161 / 4095
[  41.89s] axe 27 EQ A haut        3179 / 4095
[  41.90s] axe 27 EQ A haut        3199 / 4095
[  41.90s] axe 27 EQ A haut        3220 / 4095
[  41.90s] axe 27 EQ A haut        3238 / 4095
[  41.90s] axe 27 EQ A haut        3259 / 4095
[  41.91s] axe 27 EQ A haut        3277 / 4095
[  41.91s] axe 27 EQ A haut        3298 / 4095
[  41.91s] axe 27 EQ A haut        3317 / 4095
[  41.91s] axe 27 EQ A haut        3335 / 4095
[  41.92s] axe 27 EQ A haut        3354 / 4095
[  41.92s] axe 27 EQ A haut        3374 / 4095
[  41.92s] axe 27 EQ A haut        3392 / 4095
[  41.92s] axe 27 EQ A haut        3408 / 4095
[  41.92s] axe 27 EQ A haut        3425 / 4095
[  41.93s] axe 27 EQ A haut        3442 / 4095
[  41.93s] axe 27 EQ A haut        3459 / 4095
[  41.93s] axe 27 EQ A haut        3477 / 4095
[  41.93s] axe 27 EQ A haut        3495 / 4095
[  41.93s] axe 27 EQ A haut        3512 / 4095
[  41.94s] axe 27 EQ A haut        3529 / 4095
[  41.94s] axe 27 EQ A haut        3548 / 4095
[  41.94s] axe 27 EQ A haut        3567 / 4095
[  41.94s] axe 27 EQ A haut        3585 / 4095
[  41.94s] axe 27 EQ A haut        3601 / 4095
[  41.95s] axe 27 EQ A haut        3617 / 4095
[  41.95s] axe 27 EQ A haut        3635 / 4095
[  41.95s] axe 27 EQ A haut        3652 / 4095
[  41.95s] axe 27 EQ A haut        3671 / 4095
[  41.96s] axe 27 EQ A haut        3691 / 4095
[  41.96s] axe 27 EQ A haut        3709 / 4095
[  41.96s] axe 27 EQ A haut        3730 / 4095
[  41.96s] axe 27 EQ A haut        3749 / 4095
[  41.96s] axe 27 EQ A haut        3769 / 4095
[  41.97s] axe 27 EQ A haut        3789 / 4095
[  41.97s] axe 27 EQ A haut        3812 / 4095
[  41.97s] axe 27 EQ A haut        3833 / 4095
[  41.97s] axe 27 EQ A haut        3856 / 4095
[  41.98s] axe 27 EQ A haut        3874 / 4095
[  41.98s] axe 27 EQ A haut        3895 / 4095
[  41.98s] axe 27 EQ A haut        3918 / 4095
[  41.98s] axe 27 EQ A haut        3942 / 4095
[  41.98s] axe 27 EQ A haut        3965 / 4095
[  41.99s] axe 27 EQ A haut        3988 / 4095
[  41.99s] axe 27 EQ A haut        4011 / 4095
[  41.99s] axe 27 EQ A haut        4036 / 4095
[  41.99s] axe 27 EQ A haut        4062 / 4095
[  41.99s] axe 27 EQ A haut        4083 / 4095
[  42.00s] axe 27 EQ A haut        4095 / 4095
[  42.58s] axe 27 EQ A haut        4075 / 4095
[  42.58s] axe 27 EQ A haut        4055 / 4095
[  42.58s] axe 27 EQ A haut        4040 / 4095
[  42.58s] axe 27 EQ A haut        4026 / 4095
[  42.59s] axe 27 EQ A haut        4013 / 4095
[  42.59s] axe 27 EQ A haut        3998 / 4095
[  42.59s] axe 27 EQ A haut        3985 / 4095
[  42.59s] axe 27 EQ A haut        3973 / 4095
[  42.60s] axe 27 EQ A haut        3961 / 4095
[  42.60s] axe 27 EQ A haut        3945 / 4095
[  42.60s] axe 27 EQ A haut        3933 / 4095
[  42.60s] axe 27 EQ A haut        3918 / 4095
[  42.60s] axe 27 EQ A haut        3903 / 4095
[  42.61s] axe 27 EQ A haut        3892 / 4095
[  42.61s] axe 27 EQ A haut        3880 / 4095
[  42.61s] axe 27 EQ A haut        3868 / 4095
[  42.61s] axe 27 EQ A haut        3856 / 4095
[  42.62s] axe 27 EQ A haut        3843 / 4095
[  42.62s] axe 27 EQ A haut        3827 / 4095
[  42.62s] axe 27 EQ A haut        3813 / 4095
[  42.62s] axe 27 EQ A haut        3799 / 4095
[  42.62s] axe 27 EQ A haut        3785 / 4095
[  42.63s] axe 27 EQ A haut        3771 / 4095
[  42.63s] axe 27 EQ A haut        3755 / 4095
[  42.63s] axe 27 EQ A haut        3741 / 4095
[  42.63s] axe 27 EQ A haut        3727 / 4095
[  42.64s] axe 27 EQ A haut        3713 / 4095
[  42.64s] axe 27 EQ A haut        3697 / 4095
[  42.64s] axe 27 EQ A haut        3681 / 4095
[  42.64s] axe 27 EQ A haut        3666 / 4095
[  42.64s] axe 27 EQ A haut        3651 / 4095
[  42.65s] axe 27 EQ A haut        3636 / 4095
[  42.65s] axe 27 EQ A haut        3623 / 4095
[  42.65s] axe 27 EQ A haut        3610 / 4095
[  42.65s] axe 27 EQ A haut        3594 / 4095
[  42.65s] axe 27 EQ A haut        3576 / 4095
[  42.66s] axe 27 EQ A haut        3560 / 4095
[  42.66s] axe 27 EQ A haut        3544 / 4095
[  42.66s] axe 27 EQ A haut        3530 / 4095
[  42.66s] axe 27 EQ A haut        3515 / 4095
[  42.67s] axe 27 EQ A haut        3500 / 4095
[  42.67s] axe 27 EQ A haut        3485 / 4095
[  42.67s] axe 27 EQ A haut        3470 / 4095
[  42.68s] axe 27 EQ A haut        3455 / 4095
[  42.68s] axe 27 EQ A haut        3440 / 4095
[  42.68s] axe 27 EQ A haut        3426 / 4095
[  42.68s] axe 27 EQ A haut        3402 / 4095
[  42.68s] axe 27 EQ A haut        3386 / 4095
[  42.69s] axe 27 EQ A haut        3370 / 4095
[  42.69s] axe 27 EQ A haut        3356 / 4095
[  42.69s] axe 27 EQ A haut        3341 / 4095
[  42.69s] axe 27 EQ A haut        3324 / 4095
[  42.69s] axe 27 EQ A haut        3309 / 4095
[  42.70s] axe 27 EQ A haut        3293 / 4095
[  42.70s] axe 27 EQ A haut        3277 / 4095
[  42.70s] axe 27 EQ A haut        3262 / 4095
[  42.71s] axe 27 EQ A haut        3247 / 4095
[  42.71s] axe 27 EQ A haut        3230 / 4095
[  42.71s] axe 27 EQ A haut        3202 / 4095
[  42.71s] axe 27 EQ A haut        3187 / 4095
[  42.71s] axe 27 EQ A haut        3174 / 4095
[  42.71s] axe 27 EQ A haut        3162 / 4095
[  42.72s] axe 27 EQ A haut        3146 / 4095
[  42.72s] axe 27 EQ A haut        3132 / 4095
[  42.72s] axe 27 EQ A haut        3118 / 4095
[  42.72s] axe 27 EQ A haut        3104 / 4095
[  42.73s] axe 27 EQ A haut        3089 / 4095
[  42.73s] axe 27 EQ A haut        3076 / 4095
[  42.73s] axe 27 EQ A haut        3061 / 4095
[  42.73s] axe 27 EQ A haut        3047 / 4095
[  42.73s] axe 27 EQ A haut        3034 / 4095
[  42.74s] axe 27 EQ A haut        3019 / 4095
[  42.74s] axe 27 EQ A haut        3005 / 4095
[  42.74s] axe 27 EQ A haut        2991 / 4095
[  42.74s] axe 27 EQ A haut        2978 / 4095
[  42.75s] axe 27 EQ A haut        2967 / 4095
[  42.75s] axe 27 EQ A haut        2955 / 4095
[  42.75s] axe 27 EQ A haut        2942 / 4095
[  42.75s] axe 27 EQ A haut        2930 / 4095
[  42.75s] axe 27 EQ A haut        2918 / 4095
[  42.76s] axe 27 EQ A haut        2905 / 4095
[  42.76s] axe 27 EQ A haut        2893 / 4095
[  42.76s] axe 27 EQ A haut        2872 / 4095
[  42.77s] axe 27 EQ A haut        2861 / 4095
[  42.77s] axe 27 EQ A haut        2839 / 4095
[  42.77s] axe 27 EQ A haut        2826 / 4095
[  42.77s] axe 27 EQ A haut        2814 / 4095
[  42.78s] axe 27 EQ A haut        2802 / 4095
[  42.78s] axe 27 EQ A haut        2787 / 4095
[  42.78s] axe 27 EQ A haut        2774 / 4095
[  42.78s] axe 27 EQ A haut        2762 / 4095
[  42.78s] axe 27 EQ A haut        2750 / 4095
[  42.79s] axe 27 EQ A haut        2738 / 4095
[  42.79s] axe 27 EQ A haut        2725 / 4095
[  42.79s] axe 27 EQ A haut        2714 / 4095
[  42.79s] axe 27 EQ A haut        2703 / 4095
[  42.80s] axe 27 EQ A haut        2681 / 4095
[  42.81s] axe 27 EQ A haut        2669 / 4095
[  42.81s] axe 27 EQ A haut        2656 / 4095
[  42.81s] axe 27 EQ A haut        2640 / 4095
[  42.81s] axe 27 EQ A haut        2618 / 4095
[  42.81s] axe 27 EQ A haut        2599 / 4095
[  42.82s] axe 27 EQ A haut        2582 / 4095
[  42.82s] axe 27 EQ A haut        2562 / 4095
[  42.82s] axe 27 EQ A haut        2550 / 4095
[  42.83s] axe 27 EQ A haut        2533 / 4095
[  42.83s] axe 27 EQ A haut        2515 / 4095
[  42.84s] axe 27 EQ A haut        2498 / 4095
[  42.84s] axe 27 EQ A haut        2482 / 4095
[  42.85s] axe 27 EQ A haut        2466 / 4095
[  42.85s] axe 27 EQ A haut        2452 / 4095
[  42.86s] axe 27 EQ A haut        2436 / 4095
[  42.86s] axe 27 EQ A haut        2422 / 4095
[  42.86s] axe 27 EQ A haut        2405 / 4095
[  42.87s] axe 27 EQ A haut        2387 / 4095
[  42.87s] axe 27 EQ A haut        2373 / 4095
[  42.88s] axe 27 EQ A haut        2356 / 4095
[  42.88s] axe 27 EQ A haut        2337 / 4095
[  42.89s] axe 27 EQ A haut        2322 / 4095
[  42.89s] axe 27 EQ A haut        2308 / 4095
[  42.89s] axe 27 EQ A haut        2291 / 4095
[  42.90s] axe 27 EQ A haut        2280 / 4095
[  42.90s] axe 27 EQ A haut        2269 / 4095
[  42.90s] axe 27 EQ A haut        2258 / 4095
[  42.90s] axe 27 EQ A haut        2240 / 4095
[  42.91s] axe 27 EQ A haut        2224 / 4095
[  42.91s] axe 27 EQ A haut        2207 / 4095
[  42.92s] axe 27 EQ A haut        2189 / 4095
[  42.92s] axe 27 EQ A haut        2173 / 4095
[  42.93s] axe 27 EQ A haut        2154 / 4095
[  42.93s] axe 27 EQ A haut        2135 / 4095
[  42.94s] axe 27 EQ A haut        2114 / 4095
[  42.94s] axe 27 EQ A haut        2103 / 4095
[  42.94s] axe 27 EQ A haut        2090 / 4095
[  42.96s] axe 27 EQ A haut        2079 / 4095
[  43.24s] … 2652 blocs recus depuis 3 s, aucun changement (total 31220)
[  44.12s] axe 23 EQ B haut        2069 / 4095
[  44.15s] axe 23 EQ B haut        2058 / 4095
[  44.17s] axe 23 EQ B haut        2046 / 4095
[  44.19s] axe 23 EQ B haut        2035 / 4095
[  44.20s] axe 23 EQ B haut        2022 / 4095
[  44.21s] axe 23 EQ B haut        2006 / 4095
[  44.21s] axe 23 EQ B haut        1994 / 4095
[  44.21s] axe 23 EQ B haut        1980 / 4095
[  44.22s] axe 23 EQ B haut        1962 / 4095
[  44.22s] axe 23 EQ B haut        1951 / 4095
[  44.23s] axe 23 EQ B haut        1929 / 4095
[  44.23s] axe 23 EQ B haut        1918 / 4095
[  44.23s] axe 23 EQ B haut        1899 / 4095
[  44.24s] axe 23 EQ B haut        1876 / 4095
[  44.24s] axe 23 EQ B haut        1860 / 4095
[  44.24s] axe 23 EQ B haut        1844 / 4095
[  44.24s] axe 23 EQ B haut        1827 / 4095
[  44.25s] axe 23 EQ B haut        1813 / 4095
[  44.25s] axe 23 EQ B haut        1798 / 4095
[  44.25s] axe 23 EQ B haut        1784 / 4095
[  44.25s] axe 23 EQ B haut        1769 / 4095
[  44.25s] axe 23 EQ B haut        1753 / 4095
[  44.26s] axe 23 EQ B haut        1734 / 4095
[  44.26s] axe 23 EQ B haut        1716 / 4095
[  44.26s] axe 23 EQ B haut        1697 / 4095
[  44.26s] axe 23 EQ B haut        1676 / 4095
[  44.27s] axe 23 EQ B haut        1653 / 4095
[  44.27s] axe 23 EQ B haut        1631 / 4095
[  44.27s] axe 23 EQ B haut        1608 / 4095
[  44.27s] axe 23 EQ B haut        1584 / 4095
[  44.27s] axe 23 EQ B haut        1561 / 4095
[  44.28s] axe 23 EQ B haut        1536 / 4095
[  44.28s] axe 23 EQ B haut        1511 / 4095
[  44.28s] axe 23 EQ B haut        1489 / 4095
[  44.28s] axe 23 EQ B haut        1468 / 4095
[  44.29s] axe 23 EQ B haut        1446 / 4095
[  44.29s] axe 23 EQ B haut        1424 / 4095
[  44.29s] axe 23 EQ B haut        1403 / 4095
[  44.29s] axe 23 EQ B haut        1360 / 4095
[  44.30s] axe 23 EQ B haut        1342 / 4095
[  44.30s] axe 23 EQ B haut        1325 / 4095
[  44.30s] axe 23 EQ B haut        1306 / 4095
[  44.30s] axe 23 EQ B haut        1288 / 4095
[  44.30s] axe 23 EQ B haut        1269 / 4095
[  44.31s] axe 23 EQ B haut        1252 / 4095
[  44.31s] axe 23 EQ B haut        1236 / 4095
[  44.31s] axe 23 EQ B haut        1218 / 4095
[  44.32s] axe 23 EQ B haut        1193 / 4095
[  44.32s] axe 23 EQ B haut        1170 / 4095
[  44.32s] axe 23 EQ B haut        1152 / 4095
[  44.32s] axe 23 EQ B haut        1136 / 4095
[  44.32s] axe 23 EQ B haut        1118 / 4095
[  44.33s] axe 23 EQ B haut        1099 / 4095
[  44.33s] axe 23 EQ B haut        1082 / 4095
[  44.33s] axe 23 EQ B haut        1064 / 4095
[  44.33s] axe 23 EQ B haut        1046 / 4095
[  44.34s] axe 23 EQ B haut        1027 / 4095
[  44.34s] axe 23 EQ B haut        1006 / 4095
[  44.34s] axe 23 EQ B haut         985 / 4095
[  44.34s] axe 23 EQ B haut         962 / 4095
[  44.34s] axe 23 EQ B haut         938 / 4095
[  44.35s] axe 23 EQ B haut         918 / 4095
[  44.35s] axe 23 EQ B haut         897 / 4095
[  44.35s] axe 23 EQ B haut         875 / 4095
[  44.35s] axe 23 EQ B haut         850 / 4095
[  44.35s] axe 23 EQ B haut         827 / 4095
[  44.36s] axe 23 EQ B haut         805 / 4095
[  44.36s] axe 23 EQ B haut         778 / 4095
[  44.36s] axe 23 EQ B haut         751 / 4095
[  44.36s] axe 23 EQ B haut         727 / 4095
[  44.37s] axe 23 EQ B haut         701 / 4095
[  44.37s] axe 23 EQ B haut         676 / 4095
[  44.37s] axe 23 EQ B haut         652 / 4095
[  44.37s] axe 23 EQ B haut         627 / 4095
[  44.37s] axe 23 EQ B haut         601 / 4095
[  44.38s] axe 23 EQ B haut         576 / 4095
[  44.38s] axe 23 EQ B haut         553 / 4095
[  44.38s] axe 23 EQ B haut         529 / 4095
[  44.39s] axe 23 EQ B haut         502 / 4095
[  44.39s] axe 23 EQ B haut         477 / 4095
[  44.39s] axe 23 EQ B haut         453 / 4095
[  44.39s] axe 23 EQ B haut         429 / 4095
[  44.39s] axe 23 EQ B haut         403 / 4095
[  44.39s] axe 23 EQ B haut         380 / 4095
[  44.40s] axe 23 EQ B haut         354 / 4095
[  44.40s] axe 23 EQ B haut         330 / 4095
[  44.40s] axe 23 EQ B haut         309 / 4095
[  44.40s] axe 23 EQ B haut         285 / 4095
[  44.41s] axe 23 EQ B haut         258 / 4095
[  44.41s] axe 23 EQ B haut         232 / 4095
[  44.41s] axe 23 EQ B haut         204 / 4095
[  44.41s] axe 23 EQ B haut         177 / 4095
[  44.41s] axe 23 EQ B haut         150 / 4095
[  44.42s] axe 23 EQ B haut         123 / 4095
[  44.42s] axe 23 EQ B haut          94 / 4095
[  44.42s] axe 23 EQ B haut          68 / 4095
[  44.42s] axe 23 EQ B haut          40 / 4095
[  44.42s] axe 23 EQ B haut          23 / 4095
[  44.43s] axe 23 EQ B haut           9 / 4095
[  44.85s] axe 23 EQ B haut          29 / 4095
[  44.85s] axe 23 EQ B haut          41 / 4095
[  44.85s] axe 23 EQ B haut          54 / 4095
[  44.85s] axe 23 EQ B haut          71 / 4095
[  44.86s] axe 23 EQ B haut          86 / 4095
[  44.86s] axe 23 EQ B haut         101 / 4095
[  44.86s] axe 23 EQ B haut         117 / 4095
[  44.86s] axe 23 EQ B haut         132 / 4095
[  44.87s] axe 23 EQ B haut         148 / 4095
[  44.87s] axe 23 EQ B haut         164 / 4095
[  44.87s] axe 23 EQ B haut         182 / 4095
[  44.87s] axe 23 EQ B haut         198 / 4095
[  44.87s] axe 23 EQ B haut         215 / 4095
[  44.88s] axe 23 EQ B haut         233 / 4095
[  44.88s] axe 23 EQ B haut         253 / 4095
[  44.88s] axe 23 EQ B haut         270 / 4095
[  44.88s] axe 23 EQ B haut         286 / 4095
[  44.89s] axe 23 EQ B haut         300 / 4095
[  44.89s] axe 23 EQ B haut         317 / 4095
[  44.89s] axe 23 EQ B haut         335 / 4095
[  44.89s] axe 23 EQ B haut         351 / 4095
[  44.89s] axe 23 EQ B haut         368 / 4095
[  44.90s] axe 23 EQ B haut         385 / 4095
[  44.90s] axe 23 EQ B haut         403 / 4095
[  44.90s] axe 23 EQ B haut         421 / 4095
[  44.90s] axe 23 EQ B haut         438 / 4095
[  44.91s] axe 23 EQ B haut         456 / 4095
[  44.91s] axe 23 EQ B haut         475 / 4095
[  44.91s] axe 23 EQ B haut         493 / 4095
[  44.91s] axe 23 EQ B haut         510 / 4095
[  44.91s] axe 23 EQ B haut         527 / 4095
[  44.92s] axe 23 EQ B haut         544 / 4095
[  44.92s] axe 23 EQ B haut         563 / 4095
[  44.92s] axe 23 EQ B haut         582 / 4095
[  44.92s] axe 23 EQ B haut         601 / 4095
[  44.92s] axe 23 EQ B haut         619 / 4095
[  44.93s] axe 23 EQ B haut         638 / 4095
[  44.93s] axe 23 EQ B haut         658 / 4095
[  44.93s] axe 23 EQ B haut         677 / 4095
[  44.93s] axe 23 EQ B haut         698 / 4095
[  44.94s] axe 23 EQ B haut         719 / 4095
[  44.94s] axe 23 EQ B haut         743 / 4095
[  44.94s] axe 23 EQ B haut         765 / 4095
[  44.94s] axe 23 EQ B haut         785 / 4095
[  44.94s] axe 23 EQ B haut         807 / 4095
[  44.95s] axe 23 EQ B haut         829 / 4095
[  44.95s] axe 23 EQ B haut         851 / 4095
[  44.95s] axe 23 EQ B haut         870 / 4095
[  44.95s] axe 23 EQ B haut         891 / 4095
[  44.95s] axe 23 EQ B haut         912 / 4095
[  44.96s] axe 23 EQ B haut         934 / 4095
[  44.96s] axe 23 EQ B haut         956 / 4095
[  44.96s] axe 23 EQ B haut         978 / 4095
[  44.96s] axe 23 EQ B haut        1000 / 4095
[  44.97s] axe 23 EQ B haut        1020 / 4095
[  44.97s] axe 23 EQ B haut        1041 / 4095
[  44.97s] axe 23 EQ B haut        1062 / 4095
[  44.97s] axe 23 EQ B haut        1084 / 4095
[  44.97s] axe 23 EQ B haut        1104 / 4095
[  44.98s] axe 23 EQ B haut        1127 / 4095
[  44.98s] axe 23 EQ B haut        1148 / 4095
[  44.98s] axe 23 EQ B haut        1171 / 4095
[  44.98s] axe 23 EQ B haut        1193 / 4095
[  44.99s] axe 23 EQ B haut        1216 / 4095
[  44.99s] axe 23 EQ B haut        1239 / 4095
[  44.99s] axe 23 EQ B haut        1261 / 4095
[  44.99s] axe 23 EQ B haut        1284 / 4095
[  44.99s] axe 23 EQ B haut        1307 / 4095
[  45.00s] axe 23 EQ B haut        1328 / 4095
[  45.00s] axe 23 EQ B haut        1350 / 4095
[  45.00s] axe 23 EQ B haut        1373 / 4095
[  45.00s] axe 23 EQ B haut        1396 / 4095
[  45.01s] axe 23 EQ B haut        1418 / 4095
[  45.01s] axe 23 EQ B haut        1441 / 4095
[  45.01s] axe 23 EQ B haut        1463 / 4095
[  45.01s] axe 23 EQ B haut        1485 / 4095
[  45.01s] axe 23 EQ B haut        1507 / 4095
[  45.02s] axe 23 EQ B haut        1528 / 4095
[  45.02s] axe 23 EQ B haut        1552 / 4095
[  45.02s] axe 23 EQ B haut        1572 / 4095
[  45.02s] axe 23 EQ B haut        1593 / 4095
[  45.02s] axe 23 EQ B haut        1613 / 4095
[  45.03s] axe 23 EQ B haut        1636 / 4095
[  45.03s] axe 23 EQ B haut        1657 / 4095
[  45.03s] axe 23 EQ B haut        1679 / 4095
[  45.03s] axe 23 EQ B haut        1703 / 4095
[  45.04s] axe 23 EQ B haut        1737 / 4095
[  45.04s] axe 23 EQ B haut        1757 / 4095
[  45.04s] axe 23 EQ B haut        1777 / 4095
[  45.04s] axe 23 EQ B haut        1796 / 4095
[  45.05s] axe 23 EQ B haut        1816 / 4095
[  45.05s] axe 23 EQ B haut        1835 / 4095
[  45.05s] axe 23 EQ B haut        1852 / 4095
[  45.05s] axe 23 EQ B haut        1868 / 4095
[  45.05s] axe 23 EQ B haut        1884 / 4095
[  45.06s] axe 23 EQ B haut        1900 / 4095
[  45.06s] axe 23 EQ B haut        1915 / 4095
[  45.06s] axe 23 EQ B haut        1931 / 4095
[  45.06s] axe 23 EQ B haut        1947 / 4095
[  45.07s] axe 23 EQ B haut        1960 / 4095
[  45.07s] axe 23 EQ B haut        1973 / 4095
[  45.07s] axe 23 EQ B haut        1987 / 4095
[  45.07s] axe 23 EQ B haut        2001 / 4095
[  45.07s] axe 23 EQ B haut        2017 / 4095
[  45.08s] axe 23 EQ B haut        2038 / 4095
[  45.08s] axe 23 EQ B haut        2055 / 4095
[  45.08s] axe 23 EQ B haut        2066 / 4095
[  45.08s] axe 23 EQ B haut        2078 / 4095
[  45.55s] axe 23 EQ B haut        2089 / 4095
[  45.57s] axe 23 EQ B haut        2100 / 4095
[  45.58s] axe 23 EQ B haut        2111 / 4095
[  45.59s] axe 23 EQ B haut        2125 / 4095
[  45.59s] axe 23 EQ B haut        2141 / 4095
[  45.60s] axe 23 EQ B haut        2156 / 4095
[  45.60s] axe 23 EQ B haut        2174 / 4095
[  45.61s] axe 23 EQ B haut        2193 / 4095
[  45.61s] axe 23 EQ B haut        2210 / 4095
[  45.62s] axe 23 EQ B haut        2224 / 4095
[  45.62s] axe 23 EQ B haut        2238 / 4095
[  45.63s] axe 23 EQ B haut        2254 / 4095
[  45.63s] axe 23 EQ B haut        2271 / 4095
[  45.63s] axe 23 EQ B haut        2291 / 4095
[  45.64s] axe 23 EQ B haut        2310 / 4095
[  45.64s] axe 23 EQ B haut        2326 / 4095
[  45.65s] axe 23 EQ B haut        2343 / 4095
[  45.65s] axe 23 EQ B haut        2363 / 4095
[  45.65s] axe 23 EQ B haut        2377 / 4095
[  45.66s] axe 23 EQ B haut        2391 / 4095
[  45.66s] axe 23 EQ B haut        2404 / 4095
[  45.66s] axe 23 EQ B haut        2419 / 4095
[  45.66s] axe 23 EQ B haut        2438 / 4095
[  45.66s] axe 23 EQ B haut        2459 / 4095
[  45.67s] axe 23 EQ B haut        2480 / 4095
[  45.67s] axe 23 EQ B haut        2501 / 4095
[  45.67s] axe 23 EQ B haut        2520 / 4095
[  45.67s] axe 23 EQ B haut        2537 / 4095
[  45.67s] axe 23 EQ B haut        2555 / 4095
[  45.68s] axe 23 EQ B haut        2573 / 4095
[  45.68s] axe 23 EQ B haut        2590 / 4095
[  45.68s] axe 23 EQ B haut        2609 / 4095
[  45.68s] axe 23 EQ B haut        2628 / 4095
[  45.69s] axe 23 EQ B haut        2647 / 4095
[  45.69s] axe 23 EQ B haut        2664 / 4095
[  45.69s] axe 23 EQ B haut        2682 / 4095
[  45.69s] axe 23 EQ B haut        2703 / 4095
[  45.69s] axe 23 EQ B haut        2721 / 4095
[  45.70s] axe 23 EQ B haut        2739 / 4095
[  45.70s] axe 23 EQ B haut        2760 / 4095
[  45.70s] axe 23 EQ B haut        2781 / 4095
[  45.70s] axe 23 EQ B haut        2803 / 4095
[  45.71s] axe 23 EQ B haut        2826 / 4095
[  45.71s] axe 23 EQ B haut        2849 / 4095
[  45.71s] axe 23 EQ B haut        2873 / 4095
[  45.71s] axe 23 EQ B haut        2901 / 4095
[  45.71s] axe 23 EQ B haut        2927 / 4095
[  45.72s] axe 23 EQ B haut        2950 / 4095
[  45.72s] axe 23 EQ B haut        2974 / 4095
[  45.72s] axe 23 EQ B haut        3000 / 4095
[  45.72s] axe 23 EQ B haut        3026 / 4095
[  45.72s] axe 23 EQ B haut        3053 / 4095
[  45.73s] axe 23 EQ B haut        3082 / 4095
[  45.73s] axe 23 EQ B haut        3109 / 4095
[  45.73s] axe 23 EQ B haut        3135 / 4095
[  45.73s] axe 23 EQ B haut        3161 / 4095
[  45.74s] axe 23 EQ B haut        3187 / 4095
[  45.74s] axe 23 EQ B haut        3214 / 4095
[  45.74s] axe 23 EQ B haut        3244 / 4095
[  45.74s] axe 23 EQ B haut        3273 / 4095
[  45.74s] axe 23 EQ B haut        3302 / 4095
[  45.75s] axe 23 EQ B haut        3330 / 4095
[  45.75s] axe 23 EQ B haut        3359 / 4095
[  45.75s] axe 23 EQ B haut        3384 / 4095
[  45.75s] axe 23 EQ B haut        3412 / 4095
[  45.76s] axe 23 EQ B haut        3438 / 4095
[  45.76s] axe 23 EQ B haut        3465 / 4095
[  45.76s] axe 23 EQ B haut        3492 / 4095
[  45.76s] axe 23 EQ B haut        3518 / 4095
[  45.76s] axe 23 EQ B haut        3544 / 4095
[  45.77s] axe 23 EQ B haut        3570 / 4095
[  45.77s] axe 23 EQ B haut        3595 / 4095
[  45.77s] axe 23 EQ B haut        3620 / 4095
[  45.77s] axe 23 EQ B haut        3645 / 4095
[  45.77s] axe 23 EQ B haut        3668 / 4095
[  45.78s] axe 23 EQ B haut        3696 / 4095
[  45.78s] axe 23 EQ B haut        3722 / 4095
[  45.78s] axe 23 EQ B haut        3750 / 4095
[  45.78s] axe 23 EQ B haut        3777 / 4095
[  45.79s] axe 23 EQ B haut        3802 / 4095
[  45.79s] axe 23 EQ B haut        3827 / 4095
[  45.79s] axe 23 EQ B haut        3855 / 4095
[  45.79s] axe 23 EQ B haut        3881 / 4095
[  45.79s] axe 23 EQ B haut        3905 / 4095
[  45.80s] axe 23 EQ B haut        3932 / 4095
[  45.80s] axe 23 EQ B haut        3961 / 4095
[  45.81s] axe 23 EQ B haut        3990 / 4095
[  45.81s] axe 23 EQ B haut        4018 / 4095
[  45.81s] axe 23 EQ B haut        4049 / 4095
[  45.81s] axe 23 EQ B haut        4095 / 4095
[  46.28s] axe 23 EQ B haut        4073 / 4095
[  46.28s] … 1788 blocs recus depuis 3 s, aucun changement (total 33008)
[  46.28s] axe 23 EQ B haut        4053 / 4095
[  46.28s] axe 23 EQ B haut        4036 / 4095
[  46.28s] axe 23 EQ B haut        4019 / 4095
[  46.29s] axe 23 EQ B haut        4002 / 4095
[  46.29s] axe 23 EQ B haut        3985 / 4095
[  46.29s] axe 23 EQ B haut        3969 / 4095
[  46.29s] axe 23 EQ B haut        3953 / 4095
[  46.29s] axe 23 EQ B haut        3934 / 4095
[  46.30s] axe 23 EQ B haut        3917 / 4095
[  46.30s] axe 23 EQ B haut        3900 / 4095
[  46.30s] axe 23 EQ B haut        3885 / 4095
[  46.30s] axe 23 EQ B haut        3869 / 4095
[  46.31s] axe 23 EQ B haut        3851 / 4095
[  46.31s] axe 23 EQ B haut        3833 / 4095
[  46.31s] axe 23 EQ B haut        3816 / 4095
[  46.31s] axe 23 EQ B haut        3799 / 4095
[  46.31s] axe 23 EQ B haut        3781 / 4095
[  46.32s] axe 23 EQ B haut        3763 / 4095
[  46.32s] axe 23 EQ B haut        3745 / 4095
[  46.32s] axe 23 EQ B haut        3726 / 4095
[  46.32s] axe 23 EQ B haut        3706 / 4095
[  46.32s] axe 23 EQ B haut        3689 / 4095
[  46.33s] axe 23 EQ B haut        3674 / 4095
[  46.33s] axe 23 EQ B haut        3655 / 4095
[  46.33s] axe 23 EQ B haut        3637 / 4095
[  46.33s] axe 23 EQ B haut        3622 / 4095
[  46.34s] axe 23 EQ B haut        3607 / 4095
[  46.34s] axe 23 EQ B haut        3591 / 4095
[  46.34s] axe 23 EQ B haut        3573 / 4095
[  46.34s] axe 23 EQ B haut        3558 / 4095
[  46.34s] axe 23 EQ B haut        3543 / 4095
[  46.35s] axe 23 EQ B haut        3528 / 4095
[  46.35s] axe 23 EQ B haut        3515 / 4095
[  46.35s] axe 23 EQ B haut        3502 / 4095
[  46.35s] axe 23 EQ B haut        3488 / 4095
[  46.36s] axe 23 EQ B haut        3475 / 4095
[  46.36s] axe 23 EQ B haut        3464 / 4095
[  46.36s] axe 23 EQ B haut        3441 / 4095
[  46.36s] axe 23 EQ B haut        3429 / 4095
[  46.37s] axe 23 EQ B haut        3418 / 4095
[  46.37s] axe 23 EQ B haut        3399 / 4095
[  46.37s] axe 23 EQ B haut        3387 / 4095
[  46.38s] axe 23 EQ B haut        3375 / 4095
[  46.38s] axe 23 EQ B haut        3355 / 4095
[  46.38s] axe 23 EQ B haut        3333 / 4095
[  46.39s] axe 23 EQ B haut        3321 / 4095
[  46.39s] axe 23 EQ B haut        3310 / 4095
[  46.39s] axe 23 EQ B haut        3299 / 4095
[  46.39s] axe 23 EQ B haut        3278 / 4095
[  46.40s] axe 23 EQ B haut        3265 / 4095
[  46.40s] axe 23 EQ B haut        3254 / 4095
[  46.40s] axe 23 EQ B haut        3243 / 4095
[  46.41s] axe 23 EQ B haut        3225 / 4095
[  46.41s] axe 23 EQ B haut        3206 / 4095
[  46.41s] axe 23 EQ B haut        3189 / 4095
[  46.42s] axe 23 EQ B haut        3170 / 4095
[  46.42s] axe 23 EQ B haut        3151 / 4095
[  46.43s] axe 23 EQ B haut        3135 / 4095
[  46.43s] axe 23 EQ B haut        3119 / 4095
[  46.44s] axe 23 EQ B haut        3099 / 4095
[  46.45s] axe 23 EQ B haut        3080 / 4095
[  46.45s] axe 23 EQ B haut        3068 / 4095
[  46.45s] axe 23 EQ B haut        3039 / 4095
[  46.45s] axe 23 EQ B haut        3018 / 4095
[  46.46s] axe 23 EQ B haut        2997 / 4095
[  46.46s] axe 23 EQ B haut        2977 / 4095
[  46.47s] axe 23 EQ B haut        2959 / 4095
[  46.47s] axe 23 EQ B haut        2947 / 4095
[  46.47s] axe 23 EQ B haut        2934 / 4095
[  46.47s] axe 23 EQ B haut        2920 / 4095
[  46.47s] axe 23 EQ B haut        2906 / 4095
[  46.48s] axe 23 EQ B haut        2894 / 4095
[  46.48s] axe 23 EQ B haut        2883 / 4095
[  46.48s] axe 23 EQ B haut        2870 / 4095
[  46.48s] axe 23 EQ B haut        2858 / 4095
[  46.49s] axe 23 EQ B haut        2845 / 4095
[  46.49s] axe 23 EQ B haut        2832 / 4095
[  46.49s] axe 23 EQ B haut        2819 / 4095
[  46.49s] axe 23 EQ B haut        2808 / 4095
[  46.49s] axe 23 EQ B haut        2796 / 4095
[  46.50s] axe 23 EQ B haut        2783 / 4095
[  46.50s] axe 23 EQ B haut        2771 / 4095
[  46.50s] axe 23 EQ B haut        2752 / 4095
[  46.50s] axe 23 EQ B haut        2741 / 4095
[  46.51s] axe 23 EQ B haut        2730 / 4095
[  46.51s] axe 23 EQ B haut        2717 / 4095
[  46.51s] axe 23 EQ B haut        2706 / 4095
[  46.52s] axe 23 EQ B haut        2688 / 4095
[  46.52s] axe 23 EQ B haut        2667 / 4095
[  46.52s] axe 23 EQ B haut        2656 / 4095
[  46.52s] axe 23 EQ B haut        2645 / 4095
[  46.53s] axe 23 EQ B haut        2634 / 4095
[  46.53s] axe 23 EQ B haut        2623 / 4095
[  46.53s] axe 23 EQ B haut        2612 / 4095
[  46.54s] axe 23 EQ B haut        2594 / 4095
[  46.54s] axe 23 EQ B haut        2575 / 4095
[  46.55s] axe 23 EQ B haut        2557 / 4095
[  46.55s] axe 23 EQ B haut        2539 / 4095
[  46.55s] axe 23 EQ B haut        2520 / 4095
[  46.56s] axe 23 EQ B haut        2502 / 4095
[  46.56s] axe 23 EQ B haut        2484 / 4095
[  46.57s] axe 23 EQ B haut        2464 / 4095
[  46.57s] axe 23 EQ B haut        2445 / 4095
[  46.57s] axe 23 EQ B haut        2430 / 4095
[  46.58s] axe 23 EQ B haut        2416 / 4095
[  46.58s] axe 23 EQ B haut        2401 / 4095
[  46.59s] axe 23 EQ B haut        2384 / 4095
[  46.59s] axe 23 EQ B haut        2370 / 4095
[  46.60s] axe 23 EQ B haut        2355 / 4095
[  46.60s] axe 23 EQ B haut        2338 / 4095
[  46.61s] axe 23 EQ B haut        2317 / 4095
[  46.61s] axe 23 EQ B haut        2299 / 4095
[  46.61s] axe 23 EQ B haut        2284 / 4095
[  46.62s] axe 23 EQ B haut        2266 / 4095
[  46.62s] axe 23 EQ B haut        2247 / 4095
[  46.63s] axe 23 EQ B haut        2228 / 4095
[  46.63s] axe 23 EQ B haut        2210 / 4095
[  46.64s] axe 23 EQ B haut        2192 / 4095
[  46.64s] axe 23 EQ B haut        2174 / 4095
[  46.64s] axe 23 EQ B haut        2163 / 4095
[  46.64s] axe 23 EQ B haut        2150 / 4095
[  46.65s] axe 23 EQ B haut        2135 / 4095
[  46.65s] axe 23 EQ B haut        2116 / 4095
[  46.65s] axe 23 EQ B haut        2104 / 4095
[  46.65s] axe 23 EQ B haut        2089 / 4095
[  46.67s] axe 23 EQ B haut        2077 / 4095
[  47.38s] axe 15 EQ D haut        2042 / 4095
[  47.39s] axe 15 EQ D haut        2030 / 4095
[  47.40s] axe 15 EQ D haut        2017 / 4095
[  47.41s] axe 15 EQ D haut        2005 / 4095
[  47.41s] axe 15 EQ D haut        1988 / 4095
[  47.42s] axe 15 EQ D haut        1967 / 4095
[  47.42s] axe 15 EQ D haut        1951 / 4095
[  47.42s] axe 15 EQ D haut        1936 / 4095
[  47.43s] axe 15 EQ D haut        1921 / 4095
[  47.43s] axe 15 EQ D haut        1902 / 4095
[  47.43s] axe 15 EQ D haut        1882 / 4095
[  47.43s] axe 15 EQ D haut        1860 / 4095
[  47.43s] axe 15 EQ D haut        1836 / 4095
[  47.44s] axe 15 EQ D haut        1810 / 4095
[  47.44s] axe 15 EQ D haut        1783 / 4095
[  47.44s] axe 15 EQ D haut        1754 / 4095
[  47.45s] axe 15 EQ D haut        1727 / 4095
[  47.45s] axe 15 EQ D haut        1699 / 4095
[  47.45s] axe 15 EQ D haut        1657 / 4095
[  47.45s] axe 15 EQ D haut        1626 / 4095
[  47.46s] axe 15 EQ D haut        1597 / 4095
[  47.46s] axe 15 EQ D haut        1568 / 4095
[  47.46s] axe 15 EQ D haut        1539 / 4095
[  47.46s] axe 15 EQ D haut        1511 / 4095
[  47.46s] axe 15 EQ D haut        1484 / 4095
[  47.46s] axe 15 EQ D haut        1457 / 4095
[  47.47s] axe 15 EQ D haut        1429 / 4095
[  47.47s] axe 15 EQ D haut        1403 / 4095
[  47.47s] axe 15 EQ D haut        1378 / 4095
[  47.48s] axe 15 EQ D haut        1353 / 4095
[  47.48s] axe 15 EQ D haut        1321 / 4095
[  47.48s] axe 15 EQ D haut        1287 / 4095
[  47.48s] axe 15 EQ D haut        1252 / 4095
[  47.49s] axe 15 EQ D haut        1228 / 4095
[  47.49s] axe 15 EQ D haut        1205 / 4095
[  47.49s] axe 15 EQ D haut        1167 / 4095
[  47.49s] axe 15 EQ D haut        1144 / 4095
[  47.49s] axe 15 EQ D haut        1122 / 4095
[  47.50s] axe 15 EQ D haut        1099 / 4095
[  47.50s] axe 15 EQ D haut        1077 / 4095
[  47.50s] axe 15 EQ D haut        1055 / 4095
[  47.50s] axe 15 EQ D haut        1033 / 4095
[  47.51s] axe 15 EQ D haut        1010 / 4095
[  47.51s] axe 15 EQ D haut         987 / 4095
[  47.51s] axe 15 EQ D haut         964 / 4095
[  47.51s] axe 15 EQ D haut         943 / 4095
[  47.51s] axe 15 EQ D haut         921 / 4095
[  47.51s] axe 15 EQ D haut         899 / 4095
[  47.52s] axe 15 EQ D haut         876 / 4095
[  47.52s] axe 15 EQ D haut         854 / 4095
[  47.52s] axe 15 EQ D haut         831 / 4095
[  47.52s] axe 15 EQ D haut         809 / 4095
[  47.53s] axe 15 EQ D haut         787 / 4095
[  47.53s] axe 15 EQ D haut         762 / 4095
[  47.53s] axe 15 EQ D haut         738 / 4095
[  47.53s] axe 15 EQ D haut         715 / 4095
[  47.53s] axe 15 EQ D haut         693 / 4095
[  47.54s] axe 15 EQ D haut         672 / 4095
[  47.54s] axe 15 EQ D haut         648 / 4095
[  47.54s] axe 15 EQ D haut         626 / 4095
[  47.54s] axe 15 EQ D haut         604 / 4095
[  47.55s] axe 15 EQ D haut         580 / 4095
[  47.55s] axe 15 EQ D haut         555 / 4095
[  47.55s] axe 15 EQ D haut         531 / 4095
[  47.55s] axe 15 EQ D haut         505 / 4095
[  47.55s] axe 15 EQ D haut         482 / 4095
[  47.56s] axe 15 EQ D haut         458 / 4095
[  47.56s] axe 15 EQ D haut         434 / 4095
[  47.56s] axe 15 EQ D haut         409 / 4095
[  47.56s] axe 15 EQ D haut         386 / 4095
[  47.56s] axe 15 EQ D haut         361 / 4095
[  47.57s] axe 15 EQ D haut         342 / 4095
[  47.57s] axe 15 EQ D haut         322 / 4095
[  47.57s] axe 15 EQ D haut         300 / 4095
[  47.57s] axe 15 EQ D haut         278 / 4095
[  47.58s] axe 15 EQ D haut         256 / 4095
[  47.58s] axe 15 EQ D haut         232 / 4095
[  47.58s] axe 15 EQ D haut         210 / 4095
[  47.58s] axe 15 EQ D haut         187 / 4095
[  47.59s] axe 15 EQ D haut         163 / 4095
[  47.59s] axe 15 EQ D haut         139 / 4095
[  47.59s] axe 15 EQ D haut         116 / 4095
[  47.59s] axe 15 EQ D haut          92 / 4095
[  47.59s] axe 15 EQ D haut          70 / 4095
[  47.60s] axe 15 EQ D haut          47 / 4095
[  47.60s] axe 15 EQ D haut          27 / 4095
[  47.60s] axe 15 EQ D haut          16 / 4095
[  47.61s] axe 15 EQ D haut           4 / 4095
[  48.08s] axe 15 EQ D haut          18 / 4095
[  48.08s] axe 15 EQ D haut          30 / 4095
[  48.09s] axe 15 EQ D haut          46 / 4095
[  48.09s] axe 15 EQ D haut          60 / 4095
[  48.09s] axe 15 EQ D haut          76 / 4095
[  48.09s] axe 15 EQ D haut          94 / 4095
[  48.09s] axe 15 EQ D haut         110 / 4095
[  48.10s] axe 15 EQ D haut         128 / 4095
[  48.10s] axe 15 EQ D haut         147 / 4095
[  48.10s] axe 15 EQ D haut         165 / 4095
[  48.10s] axe 15 EQ D haut         185 / 4095
[  48.10s] axe 15 EQ D haut         201 / 4095
[  48.11s] axe 15 EQ D haut         220 / 4095
[  48.11s] axe 15 EQ D haut         239 / 4095
[  48.11s] axe 15 EQ D haut         257 / 4095
[  48.11s] axe 15 EQ D haut         277 / 4095
[  48.12s] axe 15 EQ D haut         294 / 4095
[  48.12s] axe 15 EQ D haut         312 / 4095
[  48.12s] axe 15 EQ D haut         326 / 4095
[  48.12s] axe 15 EQ D haut         345 / 4095
[  48.12s] axe 15 EQ D haut         363 / 4095
[  48.13s] axe 15 EQ D haut         382 / 4095
[  48.13s] axe 15 EQ D haut         402 / 4095
[  48.13s] axe 15 EQ D haut         421 / 4095
[  48.13s] axe 15 EQ D haut         441 / 4095
[  48.14s] axe 15 EQ D haut         459 / 4095
[  48.14s] axe 15 EQ D haut         477 / 4095
[  48.14s] axe 15 EQ D haut         497 / 4095
[  48.14s] axe 15 EQ D haut         515 / 4095
[  48.14s] axe 15 EQ D haut         534 / 4095
[  48.15s] axe 15 EQ D haut         553 / 4095
[  48.15s] axe 15 EQ D haut         572 / 4095
[  48.15s] axe 15 EQ D haut         587 / 4095
[  48.15s] axe 15 EQ D haut         604 / 4095
[  48.16s] axe 15 EQ D haut         623 / 4095
[  48.16s] axe 15 EQ D haut         640 / 4095
[  48.16s] axe 15 EQ D haut         657 / 4095
[  48.16s] axe 15 EQ D haut         673 / 4095
[  48.16s] axe 15 EQ D haut         691 / 4095
[  48.17s] axe 15 EQ D haut         709 / 4095
[  48.17s] axe 15 EQ D haut         729 / 4095
[  48.17s] axe 15 EQ D haut         748 / 4095
[  48.17s] axe 15 EQ D haut         765 / 4095
[  48.17s] axe 15 EQ D haut         783 / 4095
[  48.18s] axe 15 EQ D haut         801 / 4095
[  48.18s] axe 15 EQ D haut         817 / 4095
[  48.18s] axe 15 EQ D haut         835 / 4095
[  48.18s] axe 15 EQ D haut         852 / 4095
[  48.19s] axe 15 EQ D haut         869 / 4095
[  48.19s] axe 15 EQ D haut         885 / 4095
[  48.19s] axe 15 EQ D haut         900 / 4095
[  48.19s] axe 15 EQ D haut         915 / 4095
[  48.19s] axe 15 EQ D haut         931 / 4095
[  48.20s] axe 15 EQ D haut         947 / 4095
[  48.20s] axe 15 EQ D haut         961 / 4095
[  48.20s] axe 15 EQ D haut         975 / 4095
[  48.20s] axe 15 EQ D haut         990 / 4095
[  48.20s] axe 15 EQ D haut        1003 / 4095
[  48.21s] axe 15 EQ D haut        1016 / 4095
[  48.21s] axe 15 EQ D haut        1031 / 4095
[  48.21s] axe 15 EQ D haut        1043 / 4095
[  48.21s] axe 15 EQ D haut        1057 / 4095
[  48.22s] axe 15 EQ D haut        1070 / 4095
[  48.22s] axe 15 EQ D haut        1082 / 4095
[  48.22s] axe 15 EQ D haut        1095 / 4095
[  48.22s] axe 15 EQ D haut        1107 / 4095
[  48.22s] axe 15 EQ D haut        1119 / 4095
[  48.23s] axe 15 EQ D haut        1131 / 4095
[  48.23s] axe 15 EQ D haut        1142 / 4095
[  48.23s] axe 15 EQ D haut        1154 / 4095
[  48.23s] axe 15 EQ D haut        1165 / 4095
[  48.24s] axe 15 EQ D haut        1186 / 4095
[  48.24s] axe 15 EQ D haut        1206 / 4095
[  48.24s] axe 15 EQ D haut        1217 / 4095
[  48.25s] axe 15 EQ D haut        1228 / 4095
[  48.25s] axe 15 EQ D haut        1250 / 4095
[  48.25s] axe 15 EQ D haut        1261 / 4095
[  48.26s] axe 15 EQ D haut        1272 / 4095
[  48.26s] axe 15 EQ D haut        1283 / 4095
[  48.26s] axe 15 EQ D haut        1297 / 4095
[  48.26s] axe 15 EQ D haut        1309 / 4095
[  48.26s] axe 15 EQ D haut        1321 / 4095
[  48.27s] axe 15 EQ D haut        1342 / 4095
[  48.27s] axe 15 EQ D haut        1353 / 4095
[  48.27s] axe 15 EQ D haut        1365 / 4095
[  48.27s] axe 15 EQ D haut        1377 / 4095
[  48.28s] axe 15 EQ D haut        1388 / 4095
[  48.28s] axe 15 EQ D haut        1410 / 4095
[  48.28s] axe 15 EQ D haut        1421 / 4095
[  48.29s] axe 15 EQ D haut        1432 / 4095
[  48.29s] axe 15 EQ D haut        1444 / 4095
[  48.29s] axe 15 EQ D haut        1455 / 4095
[  48.29s] axe 15 EQ D haut        1477 / 4095
[  48.30s] axe 15 EQ D haut        1488 / 4095
[  48.30s] axe 15 EQ D haut        1499 / 4095
[  48.30s] axe 15 EQ D haut        1510 / 4095
[  48.30s] axe 15 EQ D haut        1521 / 4095
[  48.30s] axe 15 EQ D haut        1533 / 4095
[  48.31s] axe 15 EQ D haut        1547 / 4095
[  48.31s] axe 15 EQ D haut        1559 / 4095
[  48.31s] axe 15 EQ D haut        1572 / 4095
[  48.31s] axe 15 EQ D haut        1587 / 4095
[  48.32s] axe 15 EQ D haut        1603 / 4095
[  48.32s] axe 15 EQ D haut        1619 / 4095
[  48.32s] axe 15 EQ D haut        1634 / 4095
[  48.32s] axe 15 EQ D haut        1650 / 4095
[  48.32s] axe 15 EQ D haut        1666 / 4095
[  48.33s] axe 15 EQ D haut        1681 / 4095
[  48.33s] axe 15 EQ D haut        1696 / 4095
[  48.33s] axe 15 EQ D haut        1713 / 4095
[  48.33s] axe 15 EQ D haut        1729 / 4095
[  48.34s] axe 15 EQ D haut        1745 / 4095
[  48.34s] axe 15 EQ D haut        1761 / 4095
[  48.34s] axe 15 EQ D haut        1778 / 4095
[  48.34s] axe 15 EQ D haut        1793 / 4095
[  48.34s] axe 15 EQ D haut        1809 / 4095
[  48.35s] axe 15 EQ D haut        1824 / 4095
[  48.35s] axe 15 EQ D haut        1839 / 4095
[  48.36s] axe 15 EQ D haut        1852 / 4095
[  48.36s] axe 15 EQ D haut        1866 / 4095
[  48.36s] axe 15 EQ D haut        1896 / 4095
[  48.36s] axe 15 EQ D haut        1908 / 4095
[  48.36s] axe 15 EQ D haut        1923 / 4095
[  48.36s] axe 15 EQ D haut        1935 / 4095
[  48.37s] axe 15 EQ D haut        1946 / 4095
[  48.37s] axe 15 EQ D haut        1963 / 4095
[  48.38s] axe 15 EQ D haut        1979 / 4095
[  48.38s] axe 15 EQ D haut        1997 / 4095
[  48.38s] axe 15 EQ D haut        2009 / 4095
[  48.38s] axe 15 EQ D haut        2023 / 4095
[  48.39s] axe 15 EQ D haut        2039 / 4095
[  48.40s] axe 15 EQ D haut        2050 / 4095
[  48.82s] axe 15 EQ D haut        2061 / 4095
[  48.87s] axe 15 EQ D haut        2072 / 4095
[  48.87s] axe 15 EQ D haut        2085 / 4095
[  48.88s] axe 15 EQ D haut        2103 / 4095
[  48.88s] axe 15 EQ D haut        2114 / 4095
[  48.88s] axe 15 EQ D haut        2127 / 4095
[  48.89s] axe 15 EQ D haut        2144 / 4095
[  48.89s] axe 15 EQ D haut        2161 / 4095
[  48.89s] axe 15 EQ D haut        2179 / 4095
[  48.89s] axe 15 EQ D haut        2199 / 4095
[  48.90s] axe 15 EQ D haut        2220 / 4095
[  48.90s] axe 15 EQ D haut        2242 / 4095
[  48.90s] axe 15 EQ D haut        2266 / 4095
[  48.90s] axe 15 EQ D haut        2290 / 4095
[  48.90s] axe 15 EQ D haut        2314 / 4095
[  48.91s] axe 15 EQ D haut        2337 / 4095
[  48.91s] axe 15 EQ D haut        2360 / 4095
[  48.91s] axe 15 EQ D haut        2384 / 4095
[  48.91s] axe 15 EQ D haut        2406 / 4095
[  48.92s] axe 15 EQ D haut        2427 / 4095
[  48.92s] axe 15 EQ D haut        2449 / 4095
[  48.92s] axe 15 EQ D haut        2471 / 4095
[  48.92s] axe 15 EQ D haut        2495 / 4095
[  48.92s] axe 15 EQ D haut        2516 / 4095
[  48.93s] axe 15 EQ D haut        2539 / 4095
[  48.93s] axe 15 EQ D haut        2561 / 4095
[  48.93s] axe 15 EQ D haut        2583 / 4095
[  48.93s] axe 15 EQ D haut        2603 / 4095
[  48.93s] axe 15 EQ D haut        2623 / 4095
[  48.94s] axe 15 EQ D haut        2644 / 4095
[  48.94s] axe 15 EQ D haut        2665 / 4095
[  48.94s] axe 15 EQ D haut        2685 / 4095
[  48.94s] axe 15 EQ D haut        2706 / 4095
[  48.95s] axe 15 EQ D haut        2729 / 4095
[  48.95s] axe 15 EQ D haut        2751 / 4095
[  48.95s] axe 15 EQ D haut        2772 / 4095
[  48.95s] axe 15 EQ D haut        2797 / 4095
[  48.95s] axe 15 EQ D haut        2820 / 4095
[  48.96s] axe 15 EQ D haut        2844 / 4095
[  48.96s] axe 15 EQ D haut        2868 / 4095
[  48.96s] axe 15 EQ D haut        2892 / 4095
[  48.96s] axe 15 EQ D haut        2917 / 4095
[  48.97s] axe 15 EQ D haut        2943 / 4095
[  48.97s] axe 15 EQ D haut        2969 / 4095
[  48.97s] axe 15 EQ D haut        2995 / 4095
[  48.97s] axe 15 EQ D haut        3023 / 4095
[  48.97s] axe 15 EQ D haut        3051 / 4095
[  48.98s] axe 15 EQ D haut        3080 / 4095
[  48.98s] axe 15 EQ D haut        3108 / 4095
[  48.98s] axe 15 EQ D haut        3138 / 4095
[  48.98s] axe 15 EQ D haut        3169 / 4095
[  48.98s] axe 15 EQ D haut        3200 / 4095
[  48.99s] axe 15 EQ D haut        3233 / 4095
[  48.99s] axe 15 EQ D haut        3267 / 4095
[  48.99s] axe 15 EQ D haut        3301 / 4095
[  48.99s] axe 15 EQ D haut        3338 / 4095
[  49.00s] axe 15 EQ D haut        3375 / 4095
[  49.00s] axe 15 EQ D haut        3413 / 4095
[  49.00s] axe 15 EQ D haut        3450 / 4095
[  49.00s] axe 15 EQ D haut        3488 / 4095
[  49.01s] axe 15 EQ D haut        3525 / 4095
[  49.01s] axe 15 EQ D haut        3559 / 4095
[  49.01s] axe 15 EQ D haut        3596 / 4095
[  49.01s] axe 15 EQ D haut        3633 / 4095
[  49.01s] axe 15 EQ D haut        3667 / 4095
[  49.02s] axe 15 EQ D haut        3701 / 4095
[  49.02s] axe 15 EQ D haut        3735 / 4095
[  49.02s] axe 15 EQ D haut        3769 / 4095
[  49.02s] axe 15 EQ D haut        3805 / 4095
[  49.02s] axe 15 EQ D haut        3837 / 4095
[  49.03s] axe 15 EQ D haut        3871 / 4095
[  49.03s] axe 15 EQ D haut        3906 / 4095
[  49.03s] axe 15 EQ D haut        3939 / 4095
[  49.03s] axe 15 EQ D haut        3972 / 4095
[  49.04s] axe 15 EQ D haut        4003 / 4095
[  49.04s] axe 15 EQ D haut        4039 / 4095
[  49.04s] axe 15 EQ D haut        4066 / 4095
[  49.05s] axe 15 EQ D haut        4092 / 4095
[  49.32s] … 2544 blocs recus depuis 3 s, aucun changement (total 35552)
[  49.48s] axe 15 EQ D haut        4075 / 4095
[  49.48s] axe 15 EQ D haut        4063 / 4095
[  49.49s] axe 15 EQ D haut        4049 / 4095
[  49.49s] axe 15 EQ D haut        4036 / 4095
[  49.49s] axe 15 EQ D haut        4023 / 4095
[  49.49s] axe 15 EQ D haut        4008 / 4095
[  49.49s] axe 15 EQ D haut        3994 / 4095
[  49.50s] axe 15 EQ D haut        3979 / 4095
[  49.50s] axe 15 EQ D haut        3965 / 4095
[  49.50s] axe 15 EQ D haut        3950 / 4095
[  49.50s] axe 15 EQ D haut        3935 / 4095
[  49.51s] axe 15 EQ D haut        3919 / 4095
[  49.51s] axe 15 EQ D haut        3904 / 4095
[  49.51s] axe 15 EQ D haut        3886 / 4095
[  49.51s] axe 15 EQ D haut        3873 / 4095
[  49.51s] axe 15 EQ D haut        3860 / 4095
[  49.52s] axe 15 EQ D haut        3845 / 4095
[  49.52s] axe 15 EQ D haut        3827 / 4095
[  49.52s] axe 15 EQ D haut        3811 / 4095
[  49.52s] axe 15 EQ D haut        3795 / 4095
[  49.53s] axe 15 EQ D haut        3778 / 4095
[  49.53s] axe 15 EQ D haut        3762 / 4095
[  49.53s] axe 15 EQ D haut        3745 / 4095
[  49.53s] axe 15 EQ D haut        3728 / 4095
[  49.53s] axe 15 EQ D haut        3712 / 4095
[  49.54s] axe 15 EQ D haut        3697 / 4095
[  49.54s] axe 15 EQ D haut        3679 / 4095
[  49.54s] axe 15 EQ D haut        3661 / 4095
[  49.54s] axe 15 EQ D haut        3644 / 4095
[  49.54s] axe 15 EQ D haut        3626 / 4095
[  49.55s] axe 15 EQ D haut        3610 / 4095
[  49.55s] axe 15 EQ D haut        3595 / 4095
[  49.55s] axe 15 EQ D haut        3577 / 4095
[  49.55s] axe 15 EQ D haut        3562 / 4095
[  49.56s] axe 15 EQ D haut        3544 / 4095
[  49.56s] axe 15 EQ D haut        3529 / 4095
[  49.56s] axe 15 EQ D haut        3512 / 4095
[  49.56s] axe 15 EQ D haut        3495 / 4095
[  49.56s] axe 15 EQ D haut        3480 / 4095
[  49.57s] axe 15 EQ D haut        3464 / 4095
[  49.57s] axe 15 EQ D haut        3449 / 4095
[  49.57s] axe 15 EQ D haut        3434 / 4095
[  49.57s] axe 15 EQ D haut        3419 / 4095
[  49.58s] axe 15 EQ D haut        3404 / 4095
[  49.58s] axe 15 EQ D haut        3389 / 4095
[  49.58s] axe 15 EQ D haut        3374 / 4095
[  49.59s] axe 15 EQ D haut        3359 / 4095
[  49.59s] axe 15 EQ D haut        3345 / 4095
[  49.59s] axe 15 EQ D haut        3331 / 4095
[  49.59s] axe 15 EQ D haut        3286 / 4095
[  49.59s] axe 15 EQ D haut        3272 / 4095
[  49.60s] axe 15 EQ D haut        3259 / 4095
[  49.60s] axe 15 EQ D haut        3245 / 4095
[  49.60s] axe 15 EQ D haut        3232 / 4095
[  49.61s] axe 15 EQ D haut        3220 / 4095
[  49.61s] axe 15 EQ D haut        3208 / 4095
[  49.61s] axe 15 EQ D haut        3196 / 4095
[  49.61s] axe 15 EQ D haut        3170 / 4095
[  49.61s] axe 15 EQ D haut        3157 / 4095
[  49.62s] axe 15 EQ D haut        3144 / 4095
[  49.62s] axe 15 EQ D haut        3133 / 4095
[  49.62s] axe 15 EQ D haut        3112 / 4095
[  49.63s] axe 15 EQ D haut        3099 / 4095
[  49.63s] axe 15 EQ D haut        3088 / 4095
[  49.63s] axe 15 EQ D haut        3077 / 4095
[  49.63s] axe 15 EQ D haut        3063 / 4095
[  49.63s] axe 15 EQ D haut        3051 / 4095
[  49.64s] axe 15 EQ D haut        3040 / 4095
[  49.64s] axe 15 EQ D haut        3029 / 4095
[  49.64s] axe 15 EQ D haut        3016 / 4095
[  49.64s] axe 15 EQ D haut        3005 / 4095
[  49.64s] axe 15 EQ D haut        2994 / 4095
[  49.65s] axe 15 EQ D haut        2982 / 4095
[  49.65s] axe 15 EQ D haut        2969 / 4095
[  49.65s] axe 15 EQ D haut        2957 / 4095
[  49.66s] axe 15 EQ D haut        2945 / 4095
[  49.66s] axe 15 EQ D haut        2933 / 4095
[  49.66s] axe 15 EQ D haut        2922 / 4095
[  49.66s] axe 15 EQ D haut        2911 / 4095
[  49.66s] axe 15 EQ D haut        2899 / 4095
[  49.66s] axe 15 EQ D haut        2888 / 4095
[  49.67s] axe 15 EQ D haut        2876 / 4095
[  49.67s] axe 15 EQ D haut        2857 / 4095
[  49.68s] axe 15 EQ D haut        2838 / 4095
[  49.68s] axe 15 EQ D haut        2818 / 4095
[  49.68s] axe 15 EQ D haut        2802 / 4095
[  49.69s] axe 15 EQ D haut        2790 / 4095
[  49.69s] axe 15 EQ D haut        2777 / 4095
[  49.70s] axe 15 EQ D haut        2761 / 4095
[  49.70s] axe 15 EQ D haut        2749 / 4095
[  49.71s] axe 15 EQ D haut        2737 / 4095
[  49.71s] axe 15 EQ D haut        2724 / 4095
[  49.71s] axe 15 EQ D haut        2712 / 4095
[  49.72s] axe 15 EQ D haut        2701 / 4095
[  49.72s] axe 15 EQ D haut        2690 / 4095
[  49.73s] axe 15 EQ D haut        2679 / 4095
[  49.73s] axe 15 EQ D haut        2667 / 4095
[  49.74s] axe 15 EQ D haut        2656 / 4095
[  49.74s] axe 15 EQ D haut        2644 / 4095
[  49.75s] axe 15 EQ D haut        2631 / 4095
[  49.75s] axe 15 EQ D haut        2620 / 4095
[  49.75s] axe 15 EQ D haut        2609 / 4095
[  49.76s] axe 15 EQ D haut        2596 / 4095
[  49.76s] axe 15 EQ D haut        2585 / 4095
[  49.77s] axe 15 EQ D haut        2573 / 4095
[  49.77s] axe 15 EQ D haut        2561 / 4095
[  49.78s] axe 15 EQ D haut        2549 / 4095
[  49.78s] axe 15 EQ D haut        2537 / 4095
[  49.78s] axe 15 EQ D haut        2523 / 4095
[  49.79s] axe 15 EQ D haut        2508 / 4095
[  49.79s] axe 15 EQ D haut        2495 / 4095
[  49.80s] axe 15 EQ D haut        2481 / 4095
[  49.81s] axe 15 EQ D haut        2468 / 4095
[  49.81s] axe 15 EQ D haut        2457 / 4095
[  49.81s] axe 15 EQ D haut        2441 / 4095
[  49.82s] axe 15 EQ D haut        2429 / 4095
[  49.82s] axe 15 EQ D haut        2418 / 4095
[  49.83s] axe 15 EQ D haut        2405 / 4095
[  49.83s] axe 15 EQ D haut        2392 / 4095
[  49.83s] axe 15 EQ D haut        2380 / 4095
[  49.84s] axe 15 EQ D haut        2369 / 4095
[  49.85s] axe 15 EQ D haut        2356 / 4095
[  49.85s] axe 15 EQ D haut        2344 / 4095
[  49.85s] axe 15 EQ D haut        2332 / 4095
[  49.86s] axe 15 EQ D haut        2320 / 4095
[  49.86s] axe 15 EQ D haut        2304 / 4095
[  49.87s] axe 15 EQ D haut        2288 / 4095
[  49.87s] axe 15 EQ D haut        2272 / 4095
[  49.88s] axe 15 EQ D haut        2255 / 4095
[  49.88s] axe 15 EQ D haut        2238 / 4095
[  49.88s] axe 15 EQ D haut        2220 / 4095
[  49.89s] axe 15 EQ D haut        2202 / 4095
[  49.89s] axe 15 EQ D haut        2183 / 4095
[  49.90s] axe 15 EQ D haut        2172 / 4095
[  49.90s] axe 15 EQ D haut        2152 / 4095
[  49.91s] axe 15 EQ D haut        2141 / 4095
[  49.91s] axe 15 EQ D haut        2129 / 4095
[  49.91s] axe 15 EQ D haut        2090 / 4095
[  49.91s] axe 15 EQ D haut        2075 / 4095
[  49.92s] axe 15 EQ D haut        2059 / 4095
[  49.93s] axe 15 EQ D haut        2048 / 4095
[  52.35s] … 846 blocs recus depuis 3 s, aucun changement (total 36398)
[  55.41s] … plus aucun bloc ne parvient (total 36398)

Arret. 36398 blocs recus au total.
