sonde-s4mk1 — surveillance (17cc:baff)
Ctrl-C pour arreter.

✅ S4 arme.
   (GET_DEVICE_INFO sans reponse — non bloquant)
   Bouge un controle : seuls les blocs qui changent s'affichent.

[   2.71s] bouton 20  enfonce
[   2.71s] bouton 23  enfonce
[   2.71s] bouton 86  enfonce
[   2.71s] bouton 87  enfonce
[   2.71s] jog G  position    2 / 1023  (horodatage 0x0003)
[   2.71s] jog D  position    1 / 1023  (horodatage 0x0004)
[   2.71s] encodeur 1  cran 15 / 15
[   2.71s] encodeur 3  cran 15 / 15
[   2.71s] encodeur 4  cran 15 / 15
[   2.71s] encodeur 5  cran 15 / 15
[   2.71s] encodeur 6  cran 15 / 15
[   2.71s] encodeur 7  cran 15 / 15
[   2.71s] encodeur 8  cran 15 / 15
[   2.71s] axe  0 volume canal D      2 / 4095
[   2.71s] axe  1 volume canal B      2 / 4095
[   2.71s] axe  2 volume canal A      3 / 4095
[   2.71s] axe  7 crossfader       2038 / 4095
[   2.71s] axe  6 tempo droit      2056 / 4095
[   2.71s] axe  5 tempo gauche     2411 / 4095
[   2.71s] axe  8 volume micro      394 / 4095
[   2.71s] axe 10 proximite jog G  3048 / 4095
[   2.71s] axe 11 proximite jog D  3091 / 4095
[   2.71s] axe 12 EQ D filtre      2092 / 4095
[   2.71s] axe 13 EQ D bas         2090 / 4095
[   2.71s] axe 14 EQ D medium      2086 / 4095
[   2.71s] axe 15 EQ D haut        2048 / 4095
[   2.71s] axe 16 FX2 dry/wet      2102 / 4095
[   2.71s] axe 17 FX2 1            2063 / 4095
[   2.71s] axe 18 FX2 2            2059 / 4095
[   2.71s] axe 19 FX2 3            2118 / 4095
[   2.71s] axe 20 EQ B filtre      2055 / 4095
[   2.71s] axe 21 EQ B bas         2086 / 4095
[   2.71s] axe 22 EQ B medium      2131 / 4095
[   2.71s] axe 23 EQ B haut        2077 / 4095
[   2.71s] axe 24 EQ A filtre      2064 / 4095
[   2.71s] axe 25 EQ A bas         2055 / 4095
[   2.71s] axe 26 EQ A medium      2110 / 4095
[   2.71s] axe 27 EQ A haut        2079 / 4095
[   2.71s] axe 28 EQ C filtre      2075 / 4095
[   2.71s] axe 29 EQ C bas         2081 / 4095
[   2.71s] axe 30 EQ C medium      2102 / 4095
[   2.71s] axe 31 EQ C haut        2086 / 4095
[   2.71s] axe 32 FX1 dry/wet      2020 / 4095
[   2.71s] axe 33 FX1 1            2073 / 4095
[   2.71s] axe 34 FX1 2            2103 / 4095
[   2.71s] axe 35 FX1 3            2073 / 4095
[   2.71s] axe  7 crossfader       2019 / 4095
[   2.71s] axe  6 tempo droit      2042 / 4095
[   2.71s] axe  5 tempo gauche     2391 / 4095
[   2.71s] axe 10 proximite jog G  3021 / 4095
[   2.71s] axe 11 proximite jog D  3064 / 4095
[   2.71s] axe 12 EQ D filtre      2075 / 4095
[   2.71s] axe 13 EQ D bas         2076 / 4095
[   2.71s] axe 14 EQ D medium      2070 / 4095
[   2.71s] axe 15 EQ D haut        2031 / 4095
[   2.71s] axe 16 FX2 dry/wet      2087 / 4095
[   2.71s] axe 17 FX2 1            2051 / 4095
[   2.71s] axe 18 FX2 2            2042 / 4095
[   2.71s] axe 19 FX2 3            2099 / 4095
[   2.71s] axe 20 EQ B filtre      2039 / 4095
[   2.71s] axe 21 EQ B bas         2071 / 4095
[   2.71s] axe 22 EQ B medium      2116 / 4095
[   2.71s] axe 23 EQ B haut        2063 / 4095
[   2.71s] axe 24 EQ A filtre      2044 / 4095
[   2.71s] axe 25 EQ A bas         2037 / 4095
[   2.71s] axe 26 EQ A medium      2094 / 4095
[   2.71s] axe 27 EQ A haut        2064 / 4095
[   2.71s] axe 28 EQ C filtre      2059 / 4095
[   2.71s] axe 29 EQ C bas         2063 / 4095
[   2.71s] axe 30 EQ C medium      2085 / 4095
[   2.71s] axe 31 EQ C haut        2067 / 4095
[   2.71s] axe 32 FX1 dry/wet      2004 / 4095
[   2.71s] axe 33 FX1 1            2054 / 4095
[   2.71s] axe 34 FX1 2            2086 / 4095
[   2.71s] axe 35 FX1 3            2056 / 4095
[   2.74s] axe 28 EQ C filtre      2070 / 4095
[   2.74s] axe 29 EQ C bas         2074 / 4095
[   2.74s] axe 30 EQ C medium      2096 / 4095
[   2.74s] axe 31 EQ C haut        2078 / 4095
[   2.74s] axe 34 FX1 2            2097 / 4095
[   2.74s] axe 11 proximite jog D  3075 / 4095
[   2.74s] axe 32 FX1 dry/wet      2015 / 4095
[   2.74s] axe 33 FX1 1            2065 / 4095
[   2.74s] axe 35 FX1 3            2067 / 4095
[   2.75s] axe 10 proximite jog G  3032 / 4095
[   2.76s] axe  5 tempo gauche     2402 / 4095
[   2.76s] axe  7 crossfader       2030 / 4095
[   2.77s] axe  6 tempo droit      2053 / 4095
[   2.77s] axe 18 FX2 2            2053 / 4095
[   2.77s] axe 20 EQ B filtre      2050 / 4095
[   2.77s] axe 24 EQ A filtre      2055 / 4095
[   2.77s] axe 25 EQ A bas         2048 / 4095
[   2.78s] axe 12 EQ D filtre      2086 / 4095
[   2.78s] axe 16 FX2 dry/wet      2098 / 4095
[   2.78s] axe 22 EQ B medium      2127 / 4095
[   2.78s] axe 26 EQ A medium      2105 / 4095
[   2.78s] axe 13 EQ D bas         2087 / 4095
[   2.78s] axe 14 EQ D medium      2081 / 4095
[   2.78s] axe 19 FX2 3            2110 / 4095
[   2.78s] axe 21 EQ B bas         2082 / 4095
[   2.78s] axe 23 EQ B haut        2074 / 4095
[   2.79s] axe 15 EQ D haut        2042 / 4095
[   2.79s] axe 27 EQ A haut        2075 / 4095
[   2.79s] axe 17 FX2 1            2062 / 4095
[   2.82s] axe 11 proximite jog D  3086 / 4095
[   2.85s] axe 10 proximite jog G  3043 / 4095
[   3.12s] … 122 blocs recus depuis 3 s, aucun changement (total 122)
[   3.72s] axe 35 FX1 3            2056 / 4095
[   3.76s] axe 35 FX1 3            2045 / 4095
[   3.83s] axe 35 FX1 3            2034 / 4095
[   4.05s] axe 35 FX1 3            2023 / 4095
[   4.07s] axe 35 FX1 3            2012 / 4095
[   4.09s] axe 35 FX1 3            2000 / 4095
[   4.09s] axe 35 FX1 3            1988 / 4095
[   4.10s] axe 35 FX1 3            1977 / 4095
[   4.11s] axe 35 FX1 3            1965 / 4095
[   4.12s] axe 35 FX1 3            1952 / 4095
[   4.12s] axe 35 FX1 3            1939 / 4095
[   4.13s] axe 35 FX1 3            1923 / 4095
[   4.14s] axe 35 FX1 3            1911 / 4095
[   4.15s] axe 35 FX1 3            1899 / 4095
[   4.15s] axe 35 FX1 3            1888 / 4095
[   4.16s] axe 35 FX1 3            1874 / 4095
[   4.17s] axe 35 FX1 3            1860 / 4095
[   4.18s] axe 35 FX1 3            1846 / 4095
[   4.18s] axe 35 FX1 3            1835 / 4095
[   4.19s] axe 35 FX1 3            1822 / 4095
[   4.19s] axe 35 FX1 3            1808 / 4095
[   4.20s] axe 35 FX1 3            1794 / 4095
[   4.20s] axe 35 FX1 3            1777 / 4095
[   4.20s] axe 35 FX1 3            1765 / 4095
[   4.20s] axe 35 FX1 3            1747 / 4095
[   4.21s] axe 35 FX1 3            1732 / 4095
[   4.21s] axe 35 FX1 3            1721 / 4095
[   4.22s] axe 35 FX1 3            1702 / 4095
[   4.22s] axe 35 FX1 3            1686 / 4095
[   4.22s] axe 35 FX1 3            1671 / 4095
[   4.23s] axe 35 FX1 3            1656 / 4095
[   4.23s] axe 35 FX1 3            1638 / 4095
[   4.24s] axe 35 FX1 3            1619 / 4095
[   4.24s] axe 35 FX1 3            1601 / 4095
[   4.25s] axe 35 FX1 3            1587 / 4095
[   4.25s] axe 35 FX1 3            1574 / 4095
[   4.25s] axe 35 FX1 3            1562 / 4095
[   4.25s] axe 35 FX1 3            1550 / 4095
[   4.26s] axe 35 FX1 3            1531 / 4095
[   4.26s] axe 35 FX1 3            1515 / 4095
[   4.27s] axe 35 FX1 3            1498 / 4095
[   4.27s] axe 35 FX1 3            1479 / 4095
[   4.28s] axe 35 FX1 3            1462 / 4095
[   4.28s] axe 35 FX1 3            1446 / 4095
[   4.29s] axe 35 FX1 3            1414 / 4095
[   4.29s] axe 35 FX1 3            1403 / 4095
[   4.29s] axe 35 FX1 3            1387 / 4095
[   4.30s] axe 35 FX1 3            1372 / 4095
[   4.30s] axe 35 FX1 3            1361 / 4095
[   4.30s] axe 35 FX1 3            1349 / 4095
[   4.30s] axe 35 FX1 3            1338 / 4095
[   4.31s] axe 35 FX1 3            1318 / 4095
[   4.31s] axe 35 FX1 3            1303 / 4095
[   4.32s] axe 35 FX1 3            1289 / 4095
[   4.32s] axe 35 FX1 3            1271 / 4095
[   4.32s] axe 35 FX1 3            1254 / 4095
[   4.33s] axe 35 FX1 3            1239 / 4095
[   4.33s] axe 35 FX1 3            1221 / 4095
[   4.34s] axe 35 FX1 3            1210 / 4095
[   4.34s] axe 35 FX1 3            1191 / 4095
[   4.34s] axe 35 FX1 3            1173 / 4095
[   4.35s] axe 35 FX1 3            1154 / 4095
[   4.35s] axe 35 FX1 3            1137 / 4095
[   4.36s] axe 35 FX1 3            1119 / 4095
[   4.36s] axe 35 FX1 3            1098 / 4095
[   4.36s] axe 35 FX1 3            1087 / 4095
[   4.37s] axe 35 FX1 3            1068 / 4095
[   4.37s] axe 35 FX1 3            1051 / 4095
[   4.38s] axe 35 FX1 3            1035 / 4095
[   4.38s] axe 35 FX1 3            1019 / 4095
[   4.39s] axe 35 FX1 3            1003 / 4095
[   4.39s] axe 35 FX1 3             988 / 4095
[   4.39s] axe 35 FX1 3             968 / 4095
[   4.40s] axe 35 FX1 3             946 / 4095
[   4.40s] axe 35 FX1 3             927 / 4095
[   4.41s] axe 35 FX1 3             909 / 4095
[   4.41s] axe 35 FX1 3             889 / 4095
[   4.42s] axe 35 FX1 3             867 / 4095
[   4.42s] axe 35 FX1 3             856 / 4095
[   4.42s] axe 35 FX1 3             845 / 4095
[   4.43s] axe 35 FX1 3             825 / 4095
[   4.43s] axe 35 FX1 3             807 / 4095
[   4.43s] axe 35 FX1 3             790 / 4095
[   4.44s] axe 35 FX1 3             769 / 4095
[   4.44s] axe 35 FX1 3             757 / 4095
[   4.44s] axe 35 FX1 3             742 / 4095
[   4.44s] axe 35 FX1 3             730 / 4095
[   4.45s] axe 35 FX1 3             718 / 4095
[   4.45s] axe 35 FX1 3             705 / 4095
[   4.45s] axe 35 FX1 3             692 / 4095
[   4.45s] axe 35 FX1 3             681 / 4095
[   4.46s] axe 35 FX1 3             660 / 4095
[   4.46s] axe 35 FX1 3             641 / 4095
[   4.46s] axe 35 FX1 3             629 / 4095
[   4.47s] axe 35 FX1 3             618 / 4095
[   4.47s] axe 35 FX1 3             599 / 4095
[   4.47s] axe 35 FX1 3             578 / 4095
[   4.48s] axe 35 FX1 3             564 / 4095
[   4.48s] axe 35 FX1 3             549 / 4095
[   4.48s] axe 35 FX1 3             537 / 4095
[   4.48s] axe 35 FX1 3             526 / 4095
[   4.49s] axe 35 FX1 3             505 / 4095
[   4.49s] axe 35 FX1 3             494 / 4095
[   4.49s] axe 35 FX1 3             483 / 4095
[   4.50s] axe 35 FX1 3             472 / 4095
[   4.50s] axe 35 FX1 3             461 / 4095
[   4.50s] axe 35 FX1 3             443 / 4095
[   4.50s] axe 35 FX1 3             432 / 4095
[   4.51s] axe 35 FX1 3             413 / 4095
[   4.51s] axe 35 FX1 3             394 / 4095
[   4.52s] axe 35 FX1 3             377 / 4095
[   4.52s] axe 35 FX1 3             356 / 4095
[   4.52s] axe 35 FX1 3             343 / 4095
[   4.53s] axe 35 FX1 3             330 / 4095
[   4.53s] axe 35 FX1 3             310 / 4095
[   4.53s] axe 35 FX1 3             291 / 4095
[   4.54s] axe 35 FX1 3             278 / 4095
[   4.54s] axe 35 FX1 3             265 / 4095
[   4.54s] axe 35 FX1 3             254 / 4095
[   4.54s] axe 35 FX1 3             243 / 4095
[   4.54s] axe 35 FX1 3             232 / 4095
[   4.55s] axe 35 FX1 3             220 / 4095
[   4.55s] axe 35 FX1 3             209 / 4095
[   4.55s] axe 35 FX1 3             191 / 4095
[   4.56s] axe 35 FX1 3             177 / 4095
[   4.56s] axe 35 FX1 3             160 / 4095
[   4.57s] axe 35 FX1 3             142 / 4095
[   4.57s] axe 35 FX1 3             128 / 4095
[   4.57s] axe 35 FX1 3             116 / 4095
[   4.58s] axe 35 FX1 3              99 / 4095
[   4.58s] axe 35 FX1 3              87 / 4095
[   4.58s] axe 35 FX1 3              76 / 4095
[   4.58s] axe 35 FX1 3              59 / 4095
[   4.59s] axe 35 FX1 3              37 / 4095
[   4.59s] axe 35 FX1 3              20 / 4095
[   4.60s] axe 35 FX1 3               9 / 4095
[   5.20s] axe 35 FX1 3              29 / 4095
[   5.21s] axe 35 FX1 3              43 / 4095
[   5.21s] axe 35 FX1 3              57 / 4095
[   5.21s] axe 35 FX1 3              73 / 4095
[   5.21s] axe 35 FX1 3              88 / 4095
[   5.22s] axe 35 FX1 3             102 / 4095
[   5.22s] axe 35 FX1 3             121 / 4095
[   5.22s] axe 35 FX1 3             138 / 4095
[   5.22s] axe 35 FX1 3             151 / 4095
[   5.22s] axe 35 FX1 3             164 / 4095
[   5.23s] axe 35 FX1 3             177 / 4095
[   5.23s] axe 35 FX1 3             189 / 4095
[   5.23s] axe 35 FX1 3             202 / 4095
[   5.23s] axe 35 FX1 3             216 / 4095
[   5.23s] axe 35 FX1 3             229 / 4095
[   5.24s] axe 35 FX1 3             246 / 4095
[   5.24s] axe 35 FX1 3             264 / 4095
[   5.24s] axe 35 FX1 3             284 / 4095
[   5.24s] axe 35 FX1 3             299 / 4095
[   5.25s] axe 35 FX1 3             315 / 4095
[   5.25s] axe 35 FX1 3             332 / 4095
[   5.25s] axe 35 FX1 3             349 / 4095
[   5.25s] axe 35 FX1 3             364 / 4095
[   5.25s] axe 35 FX1 3             376 / 4095
[   5.26s] axe 35 FX1 3             387 / 4095
[   5.26s] axe 35 FX1 3             398 / 4095
[   5.26s] axe 35 FX1 3             410 / 4095
[   5.26s] axe 35 FX1 3             423 / 4095
[   5.27s] axe 35 FX1 3             435 / 4095
[   5.27s] axe 35 FX1 3             455 / 4095
[   5.27s] axe 35 FX1 3             468 / 4095
[   5.27s] axe 35 FX1 3             480 / 4095
[   5.28s] axe 35 FX1 3             492 / 4095
[   5.28s] axe 35 FX1 3             503 / 4095
[   5.28s] axe 35 FX1 3             515 / 4095
[   5.28s] axe 35 FX1 3             527 / 4095
[   5.28s] axe 35 FX1 3             543 / 4095
[   5.29s] axe 35 FX1 3             557 / 4095
[   5.29s] axe 35 FX1 3             569 / 4095
[   5.29s] axe 35 FX1 3             580 / 4095
[   5.29s] axe 35 FX1 3             591 / 4095
[   5.30s] axe 35 FX1 3             611 / 4095
[   5.30s] axe 35 FX1 3             623 / 4095
[   5.30s] axe 35 FX1 3             635 / 4095
[   5.30s] axe 35 FX1 3             647 / 4095
[   5.31s] axe 35 FX1 3             659 / 4095
[   5.31s] axe 35 FX1 3             671 / 4095
[   5.31s] axe 35 FX1 3             683 / 4095
[   5.31s] axe 35 FX1 3             696 / 4095
[   5.32s] axe 35 FX1 3             707 / 4095
[   5.32s] axe 35 FX1 3             729 / 4095
[   5.32s] axe 35 FX1 3             743 / 4095
[   5.32s] axe 35 FX1 3             756 / 4095
[   5.33s] axe 35 FX1 3             768 / 4095
[   5.33s] axe 35 FX1 3             781 / 4095
[   5.33s] axe 35 FX1 3             792 / 4095
[   5.34s] axe 35 FX1 3             813 / 4095
[   5.34s] axe 35 FX1 3             837 / 4095
[   5.34s] axe 35 FX1 3             851 / 4095
[   5.34s] axe 35 FX1 3             863 / 4095
[   5.35s] axe 35 FX1 3             877 / 4095
[   5.35s] axe 35 FX1 3             890 / 4095
[   5.35s] axe 35 FX1 3             904 / 4095
[   5.35s] axe 35 FX1 3             916 / 4095
[   5.36s] axe 35 FX1 3             937 / 4095
[   5.36s] axe 35 FX1 3             950 / 4095
[   5.36s] axe 35 FX1 3             961 / 4095
[   5.37s] axe 35 FX1 3             980 / 4095
[   5.37s] axe 35 FX1 3             997 / 4095
[   5.37s] axe 35 FX1 3            1011 / 4095
[   5.38s] axe 35 FX1 3            1030 / 4095
[   5.38s] axe 35 FX1 3            1048 / 4095
[   5.39s] axe 35 FX1 3            1066 / 4095
[   5.39s] axe 35 FX1 3            1087 / 4095
[   5.39s] axe 35 FX1 3            1100 / 4095
[   5.40s] axe 35 FX1 3            1111 / 4095
[   5.40s] axe 35 FX1 3            1131 / 4095
[   5.40s] axe 35 FX1 3            1145 / 4095
[   5.41s] axe 35 FX1 3            1157 / 4095
[   5.41s] axe 35 FX1 3            1174 / 4095
[   5.41s] axe 35 FX1 3            1193 / 4095
[   5.42s] axe 35 FX1 3            1211 / 4095
[   5.42s] axe 35 FX1 3            1230 / 4095
[   5.43s] axe 35 FX1 3            1248 / 4095
[   5.43s] axe 35 FX1 3            1266 / 4095
[   5.44s] axe 35 FX1 3            1284 / 4095
[   5.44s] axe 35 FX1 3            1303 / 4095
[   5.44s] axe 35 FX1 3            1322 / 4095
[   5.45s] axe 35 FX1 3            1344 / 4095
[   5.45s] axe 35 FX1 3            1356 / 4095
[   5.45s] axe 35 FX1 3            1367 / 4095
[   5.45s] axe 35 FX1 3            1379 / 4095
[   5.46s] axe 35 FX1 3            1393 / 4095
[   5.46s] axe 35 FX1 3            1404 / 4095
[   5.46s] axe 35 FX1 3            1416 / 4095
[   5.46s] axe 35 FX1 3            1427 / 4095
[   5.47s] axe 35 FX1 3            1440 / 4095
[   5.47s] axe 35 FX1 3            1452 / 4095
[   5.47s] axe 35 FX1 3            1464 / 4095
[   5.48s] axe 35 FX1 3            1476 / 4095
[   5.48s] axe 35 FX1 3            1494 / 4095
[   5.48s] axe 35 FX1 3            1506 / 4095
[   5.48s] axe 35 FX1 3            1526 / 4095
[   5.48s] axe 35 FX1 3            1539 / 4095
[   5.49s] axe 35 FX1 3            1553 / 4095
[   5.49s] axe 35 FX1 3            1567 / 4095
[   5.49s] axe 35 FX1 3            1580 / 4095
[   5.49s] axe 35 FX1 3            1592 / 4095
[   5.50s] axe 35 FX1 3            1611 / 4095
[   5.50s] axe 35 FX1 3            1631 / 4095
[   5.51s] axe 35 FX1 3            1651 / 4095
[   5.51s] axe 35 FX1 3            1671 / 4095
[   5.52s] axe 35 FX1 3            1692 / 4095
[   5.52s] axe 35 FX1 3            1703 / 4095
[   5.52s] axe 35 FX1 3            1723 / 4095
[   5.52s] axe 35 FX1 3            1734 / 4095
[   5.53s] axe 35 FX1 3            1746 / 4095
[   5.53s] axe 35 FX1 3            1757 / 4095
[   5.53s] axe 35 FX1 3            1777 / 4095
[   5.54s] axe 35 FX1 3            1794 / 4095
[   5.54s] axe 35 FX1 3            1811 / 4095
[   5.55s] axe 35 FX1 3            1828 / 4095
[   5.55s] axe 35 FX1 3            1846 / 4095
[   5.55s] axe 35 FX1 3            1862 / 4095
[   5.56s] axe 35 FX1 3            1880 / 4095
[   5.56s] axe 35 FX1 3            1893 / 4095
[   5.57s] axe 35 FX1 3            1908 / 4095
[   5.57s] axe 35 FX1 3            1923 / 4095
[   5.58s] axe 35 FX1 3            1936 / 4095
[   5.58s] axe 35 FX1 3            1951 / 4095
[   5.58s] axe 35 FX1 3            1965 / 4095
[   5.59s] axe 35 FX1 3            1980 / 4095
[   5.59s] axe 35 FX1 3            1995 / 4095
[   5.60s] axe 35 FX1 3            2010 / 4095
[   5.60s] axe 35 FX1 3            2022 / 4095
[   5.61s] axe 35 FX1 3            2038 / 4095
[   5.61s] axe 35 FX1 3            2053 / 4095
[   5.61s] axe 35 FX1 3            2066 / 4095
[   5.62s] axe 35 FX1 3            2077 / 4095
[   5.63s] axe 35 FX1 3            2089 / 4095
[   5.65s] axe 35 FX1 3            2100 / 4095
[   5.69s] axe 35 FX1 3            2111 / 4095
[   5.71s] axe 35 FX1 3            2122 / 4095
[   5.72s] axe 35 FX1 3            2134 / 4095
[   5.73s] axe 35 FX1 3            2145 / 4095
[   5.73s] axe 35 FX1 3            2159 / 4095
[   5.74s] axe 35 FX1 3            2171 / 4095
[   5.75s] axe 35 FX1 3            2182 / 4095
[   5.75s] axe 35 FX1 3            2197 / 4095
[   5.76s] axe 35 FX1 3            2212 / 4095
[   5.77s] axe 35 FX1 3            2224 / 4095
[   5.77s] axe 35 FX1 3            2235 / 4095
[   5.78s] axe 35 FX1 3            2249 / 4095
[   5.78s] axe 35 FX1 3            2261 / 4095
[   5.79s] axe 35 FX1 3            2272 / 4095
[   5.79s] axe 35 FX1 3            2283 / 4095
[   5.80s] axe 35 FX1 3            2298 / 4095
[   5.80s] axe 35 FX1 3            2309 / 4095
[   5.80s] axe 35 FX1 3            2323 / 4095
[   5.81s] axe 35 FX1 3            2339 / 4095
[   5.81s] axe 35 FX1 3            2357 / 4095
[   5.82s] axe 35 FX1 3            2373 / 4095
[   5.82s] axe 35 FX1 3            2394 / 4095
[   5.82s] axe 35 FX1 3            2405 / 4095
[   5.83s] axe 35 FX1 3            2425 / 4095
[   5.83s] axe 35 FX1 3            2445 / 4095
[   5.84s] axe 35 FX1 3            2465 / 4095
[   5.84s] axe 35 FX1 3            2476 / 4095
[   5.84s] axe 35 FX1 3            2487 / 4095
[   5.84s] axe 35 FX1 3            2499 / 4095
[   5.85s] axe 35 FX1 3            2510 / 4095
[   5.85s] axe 35 FX1 3            2529 / 4095
[   5.85s] axe 35 FX1 3            2549 / 4095
[   5.86s] axe 35 FX1 3            2568 / 4095
[   5.86s] axe 35 FX1 3            2584 / 4095
[   5.87s] axe 35 FX1 3            2603 / 4095
[   5.87s] axe 35 FX1 3            2620 / 4095
[   5.88s] axe 35 FX1 3            2639 / 4095
[   5.88s] axe 35 FX1 3            2650 / 4095
[   5.88s] axe 35 FX1 3            2668 / 4095
[   5.89s] axe 35 FX1 3            2683 / 4095
[   5.89s] axe 35 FX1 3            2699 / 4095
[   5.90s] axe 35 FX1 3            2716 / 4095
[   5.90s] axe 35 FX1 3            2731 / 4095
[   5.90s] axe 35 FX1 3            2746 / 4095
[   5.91s] axe 35 FX1 3            2761 / 4095
[   5.91s] axe 35 FX1 3            2776 / 4095
[   5.92s] axe 35 FX1 3            2789 / 4095
[   5.92s] axe 35 FX1 3            2800 / 4095
[   5.93s] axe 35 FX1 3            2812 / 4095
[   5.93s] axe 35 FX1 3            2824 / 4095
[   5.93s] axe 35 FX1 3            2838 / 4095
[   5.94s] axe 35 FX1 3            2849 / 4095
[   5.94s] axe 35 FX1 3            2863 / 4095
[   5.95s] axe 35 FX1 3            2881 / 4095
[   5.95s] axe 35 FX1 3            2897 / 4095
[   5.96s] axe 35 FX1 3            2911 / 4095
[   5.96s] axe 35 FX1 3            2923 / 4095
[   5.97s] axe 35 FX1 3            2940 / 4095
[   5.97s] axe 35 FX1 3            2955 / 4095
[   5.97s] axe 35 FX1 3            2971 / 4095
[   5.98s] axe 35 FX1 3            2988 / 4095
[   5.98s] axe 35 FX1 3            3006 / 4095
[   5.99s] axe 35 FX1 3            3022 / 4095
[   5.99s] axe 35 FX1 3            3041 / 4095
[   6.00s] axe 35 FX1 3            3060 / 4095
[   6.00s] axe 35 FX1 3            3079 / 4095
[   6.00s] axe 35 FX1 3            3097 / 4095
[   6.01s] axe 35 FX1 3            3115 / 4095
[   6.01s] axe 35 FX1 3            3131 / 4095
[   6.02s] axe 35 FX1 3            3151 / 4095
[   6.02s] axe 35 FX1 3            3171 / 4095
[   6.03s] axe 35 FX1 3            3190 / 4095
[   6.03s] axe 35 FX1 3            3209 / 4095
[   6.04s] axe 35 FX1 3            3225 / 4095
[   6.04s] axe 35 FX1 3            3242 / 4095
[   6.04s] axe 35 FX1 3            3262 / 4095
[   6.05s] axe 35 FX1 3            3281 / 4095
[   6.05s] axe 35 FX1 3            3293 / 4095
[   6.05s] axe 35 FX1 3            3304 / 4095
[   6.05s] axe 35 FX1 3            3315 / 4095
[   6.06s] axe 35 FX1 3            3338 / 4095
[   6.06s] axe 35 FX1 3            3351 / 4095
[   6.06s] axe 35 FX1 3            3362 / 4095
[   6.07s] axe 35 FX1 3            3373 / 4095
[   6.07s] axe 35 FX1 3            3392 / 4095
[   6.07s] axe 35 FX1 3            3403 / 4095
[   6.08s] axe 35 FX1 3            3418 / 4095
[   6.08s] axe 35 FX1 3            3431 / 4095
[   6.08s] axe 35 FX1 3            3452 / 4095
[   6.08s] axe 35 FX1 3            3463 / 4095
[   6.08s] axe 35 FX1 3            3474 / 4095
[   6.09s] axe 35 FX1 3            3485 / 4095
[   6.09s] axe 35 FX1 3            3498 / 4095
[   6.09s] axe 35 FX1 3            3511 / 4095
[   6.09s] axe 35 FX1 3            3523 / 4095
[   6.10s] axe 35 FX1 3            3542 / 4095
[   6.10s] axe 35 FX1 3            3554 / 4095
[   6.10s] axe 35 FX1 3            3566 / 4095
[   6.10s] axe 35 FX1 3            3578 / 4095
[   6.11s] axe 35 FX1 3            3597 / 4095
[   6.11s] axe 35 FX1 3            3610 / 4095
[   6.12s] axe 35 FX1 3            3628 / 4095
[   6.12s] axe 35 FX1 3            3640 / 4095
[   6.12s] … 2280 blocs recus depuis 3 s, aucun changement (total 2402)
[   6.12s] axe 35 FX1 3            3652 / 4095
[   6.12s] axe 35 FX1 3            3663 / 4095
[   6.13s] axe 35 FX1 3            3682 / 4095
[   6.14s] axe 35 FX1 3            3698 / 4095
[   6.14s] axe 35 FX1 3            3717 / 4095
[   6.14s] axe 35 FX1 3            3734 / 4095
[   6.15s] axe 35 FX1 3            3747 / 4095
[   6.15s] axe 35 FX1 3            3762 / 4095
[   6.15s] axe 35 FX1 3            3775 / 4095
[   6.16s] axe 35 FX1 3            3792 / 4095
[   6.16s] axe 35 FX1 3            3806 / 4095
[   6.17s] axe 35 FX1 3            3821 / 4095
[   6.17s] axe 35 FX1 3            3836 / 4095
[   6.18s] axe 35 FX1 3            3851 / 4095
[   6.19s] axe 35 FX1 3            3864 / 4095
[   6.19s] axe 35 FX1 3            3879 / 4095
[   6.19s] axe 35 FX1 3            3894 / 4095
[   6.19s] axe 35 FX1 3            3907 / 4095
[   6.20s] axe 35 FX1 3            3922 / 4095
[   6.20s] axe 35 FX1 3            3935 / 4095
[   6.21s] axe 35 FX1 3            3949 / 4095
[   6.21s] axe 35 FX1 3            3963 / 4095
[   6.21s] axe 35 FX1 3            3977 / 4095
[   6.22s] axe 35 FX1 3            3991 / 4095
[   6.22s] axe 35 FX1 3            4007 / 4095
[   6.23s] axe 35 FX1 3            4026 / 4095
[   6.23s] axe 35 FX1 3            4043 / 4095
[   6.24s] axe 35 FX1 3            4061 / 4095
[   6.24s] axe 35 FX1 3            4073 / 4095
[   6.25s] axe 35 FX1 3            4084 / 4095
[   6.25s] axe 35 FX1 3            4095 / 4095
[   6.60s] axe 35 FX1 3            4082 / 4095
[   6.60s] axe 35 FX1 3            4065 / 4095
[   6.61s] axe 35 FX1 3            4046 / 4095
[   6.61s] axe 35 FX1 3            4034 / 4095
[   6.61s] axe 35 FX1 3            4019 / 4095
[   6.61s] axe 35 FX1 3            4006 / 4095
[   6.61s] axe 35 FX1 3            3994 / 4095
[   6.62s] axe 35 FX1 3            3981 / 4095
[   6.62s] axe 35 FX1 3            3970 / 4095
[   6.62s] axe 35 FX1 3            3958 / 4095
[   6.62s] axe 35 FX1 3            3946 / 4095
[   6.62s] axe 35 FX1 3            3935 / 4095
[   6.63s] axe 35 FX1 3            3923 / 4095
[   6.63s] axe 35 FX1 3            3912 / 4095
[   6.63s] axe 35 FX1 3            3892 / 4095
[   6.64s] axe 35 FX1 3            3881 / 4095
[   6.64s] axe 35 FX1 3            3863 / 4095
[   6.64s] axe 35 FX1 3            3851 / 4095
[   6.65s] axe 35 FX1 3            3832 / 4095
[   6.65s] axe 35 FX1 3            3812 / 4095
[   6.66s] axe 35 FX1 3            3796 / 4095
[   6.66s] axe 35 FX1 3            3783 / 4095
[   6.66s] axe 35 FX1 3            3770 / 4095
[   6.66s] axe 35 FX1 3            3753 / 4095
[   6.67s] axe 35 FX1 3            3738 / 4095
[   6.67s] axe 35 FX1 3            3719 / 4095
[   6.68s] axe 35 FX1 3            3702 / 4095
[   6.68s] axe 35 FX1 3            3684 / 4095
[   6.69s] axe 35 FX1 3            3663 / 4095
[   6.69s] axe 35 FX1 3            3651 / 4095
[   6.69s] axe 35 FX1 3            3639 / 4095
[   6.69s] axe 35 FX1 3            3627 / 4095
[   6.70s] axe 35 FX1 3            3612 / 4095
[   6.70s] axe 35 FX1 3            3598 / 4095
[   6.71s] axe 35 FX1 3            3577 / 4095
[   6.71s] axe 35 FX1 3            3565 / 4095
[   6.71s] axe 35 FX1 3            3547 / 4095
[   6.72s] axe 35 FX1 3            3528 / 4095
[   6.72s] axe 35 FX1 3            3516 / 4095
[   6.72s] axe 35 FX1 3            3505 / 4095
[   6.72s] axe 35 FX1 3            3486 / 4095
[   6.73s] axe 35 FX1 3            3468 / 4095
[   6.73s] axe 35 FX1 3            3451 / 4095
[   6.74s] axe 35 FX1 3            3439 / 4095
[   6.74s] axe 35 FX1 3            3426 / 4095
[   6.74s] axe 35 FX1 3            3414 / 4095
[   6.75s] axe 35 FX1 3            3395 / 4095
[   6.75s] axe 35 FX1 3            3376 / 4095
[   6.75s] axe 35 FX1 3            3364 / 4095
[   6.75s] axe 35 FX1 3            3352 / 4095
[   6.76s] axe 35 FX1 3            3341 / 4095
[   6.76s] axe 35 FX1 3            3320 / 4095
[   6.76s] axe 35 FX1 3            3307 / 4095
[   6.76s] axe 35 FX1 3            3296 / 4095
[   6.77s] axe 35 FX1 3            3285 / 4095
[   6.77s] axe 35 FX1 3            3274 / 4095
[   6.77s] axe 35 FX1 3            3263 / 4095
[   6.77s] axe 35 FX1 3            3252 / 4095
[   6.78s] axe 35 FX1 3            3241 / 4095
[   6.78s] axe 35 FX1 3            3225 / 4095
[   6.78s] axe 35 FX1 3            3204 / 4095
[   6.79s] axe 35 FX1 3            3193 / 4095
[   6.79s] axe 35 FX1 3            3182 / 4095
[   6.79s] axe 35 FX1 3            3171 / 4095
[   6.79s] axe 35 FX1 3            3160 / 4095
[   6.79s] axe 35 FX1 3            3149 / 4095
[   6.80s] axe 35 FX1 3            3131 / 4095
[   6.80s] axe 35 FX1 3            3111 / 4095
[   6.81s] axe 35 FX1 3            3093 / 4095
[   6.81s] axe 35 FX1 3            3075 / 4095
[   6.82s] axe 35 FX1 3            3055 / 4095
[   6.82s] axe 35 FX1 3            3036 / 4095
[   6.82s] axe 35 FX1 3            3019 / 4095
[   6.83s] axe 35 FX1 3            3003 / 4095
[   6.83s] axe 35 FX1 3            2986 / 4095
[   6.84s] axe 35 FX1 3            2972 / 4095
[   6.84s] axe 35 FX1 3            2958 / 4095
[   6.85s] axe 35 FX1 3            2941 / 4095
[   6.85s] axe 35 FX1 3            2929 / 4095
[   6.86s] axe 35 FX1 3            2916 / 4095
[   6.86s] axe 35 FX1 3            2902 / 4095
[   6.87s] axe 35 FX1 3            2886 / 4095
[   6.87s] axe 35 FX1 3            2867 / 4095
[   6.87s] axe 35 FX1 3            2854 / 4095
[   6.88s] axe 35 FX1 3            2842 / 4095
[   6.88s] axe 35 FX1 3            2827 / 4095
[   6.89s] axe 35 FX1 3            2816 / 4095
[   6.89s] axe 35 FX1 3            2801 / 4095
[   6.90s] axe 35 FX1 3            2789 / 4095
[   6.90s] axe 35 FX1 3            2773 / 4095
[   6.91s] axe 35 FX1 3            2759 / 4095
[   6.91s] axe 35 FX1 3            2748 / 4095
[   6.92s] axe 35 FX1 3            2732 / 4095
[   6.92s] axe 35 FX1 3            2721 / 4095
[   6.93s] axe 35 FX1 3            2709 / 4095
[   6.93s] axe 35 FX1 3            2697 / 4095
[   6.94s] axe 35 FX1 3            2686 / 4095
[   6.94s] axe 35 FX1 3            2675 / 4095
[   6.95s] axe 35 FX1 3            2664 / 4095
[   6.95s] axe 35 FX1 3            2652 / 4095
[   6.95s] axe 35 FX1 3            2641 / 4095
[   6.96s] axe 35 FX1 3            2629 / 4095
[   6.96s] axe 35 FX1 3            2614 / 4095
[   6.97s] axe 35 FX1 3            2601 / 4095
[   6.98s] axe 35 FX1 3            2589 / 4095
[   6.98s] axe 35 FX1 3            2578 / 4095
[   6.99s] axe 35 FX1 3            2565 / 4095
[   7.00s] axe 35 FX1 3            2552 / 4095
[   7.00s] axe 35 FX1 3            2536 / 4095
[   7.01s] axe 35 FX1 3            2525 / 4095
[   7.01s] axe 35 FX1 3            2513 / 4095
[   7.02s] axe 35 FX1 3            2499 / 4095
[   7.03s] axe 35 FX1 3            2486 / 4095
[   7.03s] axe 35 FX1 3            2474 / 4095
[   7.03s] axe 35 FX1 3            2463 / 4095
[   7.04s] axe 35 FX1 3            2450 / 4095
[   7.05s] axe 35 FX1 3            2439 / 4095
[   7.05s] axe 35 FX1 3            2426 / 4095
[   7.06s] axe 35 FX1 3            2412 / 4095
[   7.07s] axe 35 FX1 3            2399 / 4095
[   7.07s] axe 35 FX1 3            2388 / 4095
[   7.08s] axe 35 FX1 3            2376 / 4095
[   7.09s] axe 35 FX1 3            2365 / 4095
[   7.09s] axe 35 FX1 3            2354 / 4095
[   7.10s] axe 35 FX1 3            2342 / 4095
[   7.10s] axe 35 FX1 3            2331 / 4095
[   7.11s] axe 35 FX1 3            2317 / 4095
[   7.11s] axe 35 FX1 3            2304 / 4095
[   7.12s] axe 35 FX1 3            2291 / 4095
[   7.13s] axe 35 FX1 3            2277 / 4095
[   7.13s] axe 35 FX1 3            2265 / 4095
[   7.14s] axe 35 FX1 3            2251 / 4095
[   7.15s] axe 35 FX1 3            2236 / 4095
[   7.15s] axe 35 FX1 3            2222 / 4095
[   7.16s] axe 35 FX1 3            2208 / 4095
[   7.17s] axe 35 FX1 3            2196 / 4095
[   7.17s] axe 35 FX1 3            2182 / 4095
[   7.18s] axe 35 FX1 3            2170 / 4095
[   7.18s] axe 35 FX1 3            2156 / 4095
[   7.19s] axe 35 FX1 3            2143 / 4095
[   7.19s] axe 35 FX1 3            2130 / 4095
[   7.20s] axe 35 FX1 3            2115 / 4095
[   7.20s] axe 35 FX1 3            2103 / 4095
[   7.21s] axe 35 FX1 3            2092 / 4095
[   7.23s] axe 35 FX1 3            2081 / 4095
[   7.25s] axe 35 FX1 3            2069 / 4095
[   7.26s] axe 35 FX1 3            2058 / 4095
[   7.28s] axe 35 FX1 3            2047 / 4095
[   7.30s] axe 35 FX1 3            2036 / 4095
[   7.39s] axe 35 FX1 3            2050 / 4095
[   7.40s] axe 35 FX1 3            2062 / 4095
[   7.41s] axe 35 FX1 3            2073 / 4095
[   7.92s] axe 34 FX1 2            2085 / 4095
[   7.94s] axe 34 FX1 2            2073 / 4095
[   7.96s] axe 34 FX1 2            2061 / 4095
[   7.97s] axe 34 FX1 2            2047 / 4095
[   7.98s] axe 34 FX1 2            2032 / 4095
[   7.98s] axe 34 FX1 2            2020 / 4095
[   7.99s] axe 34 FX1 2            2006 / 4095
[   7.99s] axe 34 FX1 2            1990 / 4095
[   8.00s] axe 34 FX1 2            1975 / 4095
[   8.00s] axe 34 FX1 2            1963 / 4095
[   8.01s] axe 34 FX1 2            1949 / 4095
[   8.01s] axe 34 FX1 2            1933 / 4095
[   8.02s] axe 34 FX1 2            1918 / 4095
[   8.02s] axe 34 FX1 2            1902 / 4095
[   8.02s] axe 34 FX1 2            1891 / 4095
[   8.02s] axe 34 FX1 2            1880 / 4095
[   8.03s] axe 34 FX1 2            1860 / 4095
[   8.03s] axe 34 FX1 2            1837 / 4095
[   8.04s] axe 34 FX1 2            1825 / 4095
[   8.04s] axe 34 FX1 2            1801 / 4095
[   8.04s] axe 34 FX1 2            1786 / 4095
[   8.04s] axe 34 FX1 2            1772 / 4095
[   8.05s] axe 34 FX1 2            1761 / 4095
[   8.05s] axe 34 FX1 2            1749 / 4095
[   8.05s] axe 34 FX1 2            1736 / 4095
[   8.05s] axe 34 FX1 2            1724 / 4095
[   8.05s] axe 34 FX1 2            1712 / 4095
[   8.06s] axe 34 FX1 2            1699 / 4095
[   8.06s] axe 34 FX1 2            1685 / 4095
[   8.06s] axe 34 FX1 2            1673 / 4095
[   8.06s] axe 34 FX1 2            1662 / 4095
[   8.07s] axe 34 FX1 2            1651 / 4095
[   8.07s] axe 34 FX1 2            1638 / 4095
[   8.07s] axe 34 FX1 2            1625 / 4095
[   8.07s] axe 34 FX1 2            1610 / 4095
[   8.08s] axe 34 FX1 2            1595 / 4095
[   8.08s] axe 34 FX1 2            1582 / 4095
[   8.08s] axe 34 FX1 2            1569 / 4095
[   8.08s] axe 34 FX1 2            1556 / 4095
[   8.08s] axe 34 FX1 2            1544 / 4095
[   8.09s] axe 34 FX1 2            1532 / 4095
[   8.09s] axe 34 FX1 2            1520 / 4095
[   8.09s] axe 34 FX1 2            1506 / 4095
[   8.09s] axe 34 FX1 2            1493 / 4095
[   8.09s] axe 34 FX1 2            1481 / 4095
[   8.10s] axe 34 FX1 2            1459 / 4095
[   8.10s] axe 34 FX1 2            1445 / 4095
[   8.10s] axe 34 FX1 2            1432 / 4095
[   8.10s] axe 34 FX1 2            1420 / 4095
[   8.11s] axe 34 FX1 2            1408 / 4095
[   8.11s] axe 34 FX1 2            1397 / 4095
[   8.11s] axe 34 FX1 2            1385 / 4095
[   8.12s] axe 34 FX1 2            1374 / 4095
[   8.12s] axe 34 FX1 2            1362 / 4095
[   8.12s] axe 34 FX1 2            1348 / 4095
[   8.12s] axe 34 FX1 2            1333 / 4095
[   8.12s] axe 34 FX1 2            1316 / 4095
[   8.12s] axe 34 FX1 2            1303 / 4095
[   8.13s] axe 34 FX1 2            1291 / 4095
[   8.13s] axe 34 FX1 2            1280 / 4095
[   8.14s] axe 34 FX1 2            1265 / 4095
[   8.14s] axe 34 FX1 2            1250 / 4095
[   8.14s] axe 34 FX1 2            1237 / 4095
[   8.14s] axe 34 FX1 2            1201 / 4095
[   8.14s] axe 34 FX1 2            1186 / 4095
[   8.15s] axe 34 FX1 2            1173 / 4095
[   8.15s] axe 34 FX1 2            1162 / 4095
[   8.15s] axe 34 FX1 2            1148 / 4095
[   8.15s] axe 34 FX1 2            1131 / 4095
[   8.16s] axe 34 FX1 2            1118 / 4095
[   8.16s] axe 34 FX1 2            1105 / 4095
[   8.16s] axe 34 FX1 2            1093 / 4095
[   8.16s] axe 34 FX1 2            1080 / 4095
[   8.16s] axe 34 FX1 2            1066 / 4095
[   8.17s] axe 34 FX1 2            1050 / 4095
[   8.17s] axe 34 FX1 2            1035 / 4095
[   8.17s] axe 34 FX1 2            1020 / 4095
[   8.17s] axe 34 FX1 2            1008 / 4095
[   8.17s] axe 34 FX1 2             995 / 4095
[   8.18s] axe 34 FX1 2             981 / 4095
[   8.18s] axe 34 FX1 2             966 / 4095
[   8.18s] axe 34 FX1 2             953 / 4095
[   8.18s] axe 34 FX1 2             941 / 4095
[   8.19s] axe 34 FX1 2             926 / 4095
[   8.19s] axe 34 FX1 2             912 / 4095
[   8.19s] axe 34 FX1 2             900 / 4095
[   8.19s] axe 34 FX1 2             888 / 4095
[   8.19s] axe 34 FX1 2             874 / 4095
[   8.20s] axe 34 FX1 2             859 / 4095
[   8.20s] axe 34 FX1 2             845 / 4095
[   8.20s] axe 34 FX1 2             832 / 4095
[   8.20s] axe 34 FX1 2             819 / 4095
[   8.21s] axe 34 FX1 2             805 / 4095
[   8.21s] axe 34 FX1 2             791 / 4095
[   8.21s] axe 34 FX1 2             778 / 4095
[   8.21s] axe 34 FX1 2             757 / 4095
[   8.22s] axe 34 FX1 2             745 / 4095
[   8.22s] axe 34 FX1 2             732 / 4095
[   8.22s] axe 34 FX1 2             719 / 4095
[   8.22s] axe 34 FX1 2             706 / 4095
[   8.22s] axe 34 FX1 2             694 / 4095
[   8.23s] axe 34 FX1 2             683 / 4095
[   8.23s] axe 34 FX1 2             664 / 4095
[   8.24s] axe 34 FX1 2             644 / 4095
[   8.24s] axe 34 FX1 2             624 / 4095
[   8.24s] axe 34 FX1 2             612 / 4095
[   8.24s] axe 34 FX1 2             600 / 4095
[   8.25s] axe 34 FX1 2             589 / 4095
[   8.25s] axe 34 FX1 2             577 / 4095
[   8.25s] axe 34 FX1 2             566 / 4095
[   8.25s] axe 34 FX1 2             555 / 4095
[   8.26s] axe 34 FX1 2             543 / 4095
[   8.26s] axe 34 FX1 2             532 / 4095
[   8.26s] axe 34 FX1 2             519 / 4095
[   8.26s] axe 34 FX1 2             507 / 4095
[   8.26s] axe 34 FX1 2             496 / 4095
[   8.27s] axe 34 FX1 2             477 / 4095
[   8.27s] axe 34 FX1 2             465 / 4095
[   8.27s] axe 34 FX1 2             451 / 4095
[   8.27s] axe 34 FX1 2             440 / 4095
[   8.28s] axe 34 FX1 2             420 / 4095
[   8.28s] axe 34 FX1 2             409 / 4095
[   8.28s] axe 34 FX1 2             397 / 4095
[   8.29s] axe 34 FX1 2             384 / 4095
[   8.29s] axe 34 FX1 2             370 / 4095
[   8.29s] axe 34 FX1 2             356 / 4095
[   8.29s] axe 34 FX1 2             343 / 4095
[   8.29s] axe 34 FX1 2             331 / 4095
[   8.30s] axe 34 FX1 2             319 / 4095
[   8.30s] axe 34 FX1 2             308 / 4095
[   8.30s] axe 34 FX1 2             296 / 4095
[   8.31s] axe 34 FX1 2             284 / 4095
[   8.31s] axe 34 FX1 2             271 / 4095
[   8.31s] axe 34 FX1 2             260 / 4095
[   8.31s] axe 34 FX1 2             248 / 4095
[   8.31s] axe 34 FX1 2             228 / 4095
[   8.32s] axe 34 FX1 2             216 / 4095
[   8.32s] axe 34 FX1 2             203 / 4095
[   8.32s] axe 34 FX1 2             190 / 4095
[   8.32s] axe 34 FX1 2             175 / 4095
[   8.32s] axe 34 FX1 2             160 / 4095
[   8.33s] axe 34 FX1 2             146 / 4095
[   8.33s] axe 34 FX1 2             135 / 4095
[   8.33s] axe 34 FX1 2             124 / 4095
[   8.33s] axe 34 FX1 2             113 / 4095
[   8.34s] axe 34 FX1 2             102 / 4095
[   8.34s] axe 34 FX1 2              91 / 4095
[   8.34s] axe 34 FX1 2              76 / 4095
[   8.34s] axe 34 FX1 2              62 / 4095
[   8.34s] axe 34 FX1 2              51 / 4095
[   8.35s] axe 34 FX1 2              27 / 4095
[   8.35s] axe 34 FX1 2              12 / 4095
[   8.55s] axe 34 FX1 2               1 / 4095
[   8.81s] axe 34 FX1 2              13 / 4095
[   8.81s] axe 34 FX1 2              25 / 4095
[   8.81s] axe 34 FX1 2              37 / 4095
[   8.82s] axe 34 FX1 2              61 / 4095
[   8.82s] axe 34 FX1 2              77 / 4095
[   8.82s] axe 34 FX1 2              91 / 4095
[   8.82s] axe 34 FX1 2             103 / 4095
[   8.83s] axe 34 FX1 2             116 / 4095
[   8.83s] axe 34 FX1 2             127 / 4095
[   8.83s] axe 34 FX1 2             140 / 4095
[   8.83s] axe 34 FX1 2             155 / 4095
[   8.83s] axe 34 FX1 2             171 / 4095
[   8.84s] axe 34 FX1 2             186 / 4095
[   8.84s] axe 34 FX1 2             201 / 4095
[   8.84s] axe 34 FX1 2             215 / 4095
[   8.84s] axe 34 FX1 2             226 / 4095
[   8.84s] axe 34 FX1 2             237 / 4095
[   8.85s] axe 34 FX1 2             257 / 4095
[   8.85s] axe 34 FX1 2             269 / 4095
[   8.85s] axe 34 FX1 2             281 / 4095
[   8.86s] axe 34 FX1 2             293 / 4095
[   8.86s] axe 34 FX1 2             305 / 4095
[   8.86s] axe 34 FX1 2             316 / 4095
[   8.86s] axe 34 FX1 2             328 / 4095
[   8.86s] axe 34 FX1 2             342 / 4095
[   8.87s] axe 34 FX1 2             355 / 4095
[   8.87s] axe 34 FX1 2             369 / 4095
[   8.87s] axe 34 FX1 2             383 / 4095
[   8.87s] axe 34 FX1 2             397 / 4095
[   8.88s] axe 34 FX1 2             410 / 4095
[   8.88s] axe 34 FX1 2             433 / 4095
[   8.88s] axe 34 FX1 2             448 / 4095
[   8.89s] axe 34 FX1 2             462 / 4095
[   8.89s] axe 34 FX1 2             474 / 4095
[   8.89s] axe 34 FX1 2             486 / 4095
[   8.89s] axe 34 FX1 2             502 / 4095
[   8.89s] axe 34 FX1 2             518 / 4095
[   8.90s] axe 34 FX1 2             533 / 4095
[   8.90s] axe 34 FX1 2             549 / 4095
[   8.90s] axe 34 FX1 2             565 / 4095
[   8.90s] axe 34 FX1 2             581 / 4095
[   8.90s] axe 34 FX1 2             598 / 4095
[   8.91s] axe 34 FX1 2             613 / 4095
[   8.91s] axe 34 FX1 2             628 / 4095
[   8.91s] axe 34 FX1 2             642 / 4095
[   8.91s] axe 34 FX1 2             656 / 4095
[   8.91s] axe 34 FX1 2             671 / 4095
[   8.92s] axe 34 FX1 2             687 / 4095
[   8.92s] axe 34 FX1 2             705 / 4095
[   8.92s] axe 34 FX1 2             724 / 4095
[   8.92s] axe 34 FX1 2             740 / 4095
[   8.93s] axe 34 FX1 2             757 / 4095
[   8.93s] axe 34 FX1 2             775 / 4095
[   8.93s] axe 34 FX1 2             792 / 4095
[   8.93s] axe 34 FX1 2             810 / 4095
[   8.93s] axe 34 FX1 2             830 / 4095
[   8.94s] axe 34 FX1 2             851 / 4095
[   8.94s] axe 34 FX1 2             868 / 4095
[   8.94s] axe 34 FX1 2             885 / 4095
[   8.94s] axe 34 FX1 2             905 / 4095
[   8.94s] axe 34 FX1 2             921 / 4095
[   8.95s] axe 34 FX1 2             939 / 4095
[   8.95s] axe 34 FX1 2             958 / 4095
[   8.95s] axe 34 FX1 2             975 / 4095
[   8.95s] axe 34 FX1 2             991 / 4095
[   8.96s] axe 34 FX1 2            1010 / 4095
[   8.96s] axe 34 FX1 2            1031 / 4095
[   8.96s] axe 34 FX1 2            1049 / 4095
[   8.96s] axe 34 FX1 2            1065 / 4095
[   8.96s] axe 34 FX1 2            1079 / 4095
[   8.97s] axe 34 FX1 2            1095 / 4095
[   8.97s] axe 34 FX1 2            1113 / 4095
[   8.97s] axe 34 FX1 2            1131 / 4095
[   8.97s] axe 34 FX1 2            1146 / 4095
[   8.98s] axe 34 FX1 2            1161 / 4095
[   8.98s] axe 34 FX1 2            1177 / 4095
[   8.98s] axe 34 FX1 2            1193 / 4095
[   8.98s] axe 34 FX1 2            1209 / 4095
[   8.98s] axe 34 FX1 2            1224 / 4095
[   8.99s] axe 34 FX1 2            1241 / 4095
[   8.99s] axe 34 FX1 2            1257 / 4095
[   8.99s] axe 34 FX1 2            1270 / 4095
[   8.99s] axe 34 FX1 2            1283 / 4095
[   8.99s] axe 34 FX1 2            1298 / 4095
[   9.00s] axe 34 FX1 2            1316 / 4095
[   9.00s] axe 34 FX1 2            1332 / 4095
[   9.00s] axe 34 FX1 2            1347 / 4095
[   9.00s] axe 34 FX1 2            1361 / 4095
[   9.01s] axe 34 FX1 2            1373 / 4095
[   9.01s] axe 34 FX1 2            1385 / 4095
[   9.02s] axe 34 FX1 2            1407 / 4095
[   9.02s] axe 34 FX1 2            1420 / 4095
[   9.02s] axe 34 FX1 2            1432 / 4095
[   9.02s] axe 34 FX1 2            1444 / 4095
[   9.02s] axe 34 FX1 2            1463 / 4095
[   9.03s] axe 34 FX1 2            1483 / 4095
[   9.03s] axe 34 FX1 2            1494 / 4095
[   9.03s] axe 34 FX1 2            1513 / 4095
[   9.04s] axe 34 FX1 2            1531 / 4095
[   9.04s] axe 34 FX1 2            1548 / 4095
[   9.05s] axe 34 FX1 2            1564 / 4095
[   9.05s] axe 34 FX1 2            1582 / 4095
[   9.06s] axe 34 FX1 2            1601 / 4095
[   9.06s] axe 34 FX1 2            1614 / 4095
[   9.06s] axe 34 FX1 2            1625 / 4095
[   9.07s] axe 34 FX1 2            1637 / 4095
[   9.08s] axe 34 FX1 2            1650 / 4095
[   9.09s] axe 34 FX1 2            1663 / 4095
[   9.10s] axe 34 FX1 2            1677 / 4095
[   9.10s] axe 34 FX1 2            1688 / 4095
[   9.11s] axe 34 FX1 2            1699 / 4095
[   9.11s] axe 34 FX1 2            1711 / 4095
[   9.12s] axe 34 FX1 2            1724 / 4095
[   9.12s] … 2694 blocs recus depuis 3 s, aucun changement (total 5096)
[   9.13s] axe 34 FX1 2            1737 / 4095
[   9.14s] axe 34 FX1 2            1748 / 4095
[   9.16s] axe 34 FX1 2            1759 / 4095
[   9.17s] axe 34 FX1 2            1770 / 4095
[   9.17s] axe 34 FX1 2            1781 / 4095
[   9.18s] axe 34 FX1 2            1793 / 4095
[   9.19s] axe 34 FX1 2            1805 / 4095
[   9.20s] axe 34 FX1 2            1818 / 4095
[   9.21s] axe 34 FX1 2            1831 / 4095
[   9.22s] axe 34 FX1 2            1846 / 4095
[   9.23s] axe 34 FX1 2            1858 / 4095
[   9.23s] axe 34 FX1 2            1871 / 4095
[   9.25s] axe 34 FX1 2            1883 / 4095
[   9.25s] axe 34 FX1 2            1894 / 4095
[   9.26s] axe 34 FX1 2            1907 / 4095
[   9.26s] axe 34 FX1 2            1918 / 4095
[   9.27s] axe 34 FX1 2            1930 / 4095
[   9.27s] axe 34 FX1 2            1941 / 4095
[   9.28s] axe 34 FX1 2            1956 / 4095
[   9.29s] axe 34 FX1 2            1971 / 4095
[   9.29s] axe 34 FX1 2            1985 / 4095
[   9.30s] axe 34 FX1 2            1997 / 4095
[   9.31s] axe 34 FX1 2            2010 / 4095
[   9.32s] axe 34 FX1 2            2024 / 4095
[   9.32s] axe 34 FX1 2            2038 / 4095
[   9.33s] axe 34 FX1 2            2052 / 4095
[   9.33s] axe 34 FX1 2            2068 / 4095
[   9.34s] axe 34 FX1 2            2079 / 4095
[   9.34s] axe 34 FX1 2            2092 / 4095
[   9.35s] axe 34 FX1 2            2104 / 4095
[   9.37s] axe 34 FX1 2            2115 / 4095
[   9.53s] axe 34 FX1 2            2104 / 4095
[   9.73s] axe 34 FX1 2            2115 / 4095
[   9.74s] axe 34 FX1 2            2129 / 4095
[   9.74s] axe 34 FX1 2            2144 / 4095
[   9.75s] axe 34 FX1 2            2161 / 4095
[   9.75s] axe 34 FX1 2            2180 / 4095
[   9.76s] axe 34 FX1 2            2200 / 4095
[   9.76s] axe 34 FX1 2            2212 / 4095
[   9.76s] axe 34 FX1 2            2223 / 4095
[   9.77s] axe 34 FX1 2            2240 / 4095
[   9.77s] axe 34 FX1 2            2262 / 4095
[   9.77s] axe 34 FX1 2            2275 / 4095
[   9.78s] axe 34 FX1 2            2288 / 4095
[   9.78s] axe 34 FX1 2            2302 / 4095
[   9.78s] axe 34 FX1 2            2314 / 4095
[   9.78s] axe 34 FX1 2            2325 / 4095
[   9.79s] axe 34 FX1 2            2346 / 4095
[   9.79s] axe 34 FX1 2            2357 / 4095
[   9.79s] axe 34 FX1 2            2368 / 4095
[   9.79s] axe 34 FX1 2            2379 / 4095
[   9.80s] axe 34 FX1 2            2390 / 4095
[   9.80s] axe 34 FX1 2            2401 / 4095
[   9.80s] axe 34 FX1 2            2414 / 4095
[   9.80s] axe 34 FX1 2            2426 / 4095
[   9.80s] axe 34 FX1 2            2438 / 4095
[   9.81s] axe 34 FX1 2            2450 / 4095
[   9.81s] axe 34 FX1 2            2463 / 4095
[   9.81s] axe 34 FX1 2            2475 / 4095
[   9.81s] axe 34 FX1 2            2489 / 4095
[   9.81s] axe 34 FX1 2            2504 / 4095
[   9.82s] axe 34 FX1 2            2519 / 4095
[   9.82s] axe 34 FX1 2            2532 / 4095
[   9.82s] axe 34 FX1 2            2544 / 4095
[   9.82s] axe 34 FX1 2            2557 / 4095
[   9.83s] axe 34 FX1 2            2570 / 4095
[   9.83s] axe 34 FX1 2            2583 / 4095
[   9.83s] axe 34 FX1 2            2596 / 4095
[   9.83s] axe 34 FX1 2            2609 / 4095
[   9.83s] axe 34 FX1 2            2623 / 4095
[   9.84s] axe 34 FX1 2            2638 / 4095
[   9.84s] axe 34 FX1 2            2653 / 4095
[   9.84s] axe 34 FX1 2            2667 / 4095
[   9.84s] axe 34 FX1 2            2681 / 4095
[   9.84s] axe 34 FX1 2            2695 / 4095
[   9.85s] axe 34 FX1 2            2709 / 4095
[   9.85s] axe 34 FX1 2            2723 / 4095
[   9.85s] axe 34 FX1 2            2736 / 4095
[   9.85s] axe 34 FX1 2            2750 / 4095
[   9.86s] axe 34 FX1 2            2765 / 4095
[   9.86s] axe 34 FX1 2            2779 / 4095
[   9.86s] axe 34 FX1 2            2791 / 4095
[   9.86s] axe 34 FX1 2            2804 / 4095
[   9.87s] axe 34 FX1 2            2816 / 4095
[   9.87s] axe 34 FX1 2            2828 / 4095
[   9.87s] axe 34 FX1 2            2840 / 4095
[   9.87s] axe 34 FX1 2            2852 / 4095
[   9.87s] axe 34 FX1 2            2865 / 4095
[   9.88s] axe 34 FX1 2            2876 / 4095
[   9.88s] axe 34 FX1 2            2888 / 4095
[   9.88s] axe 34 FX1 2            2899 / 4095
[   9.88s] axe 34 FX1 2            2910 / 4095
[   9.88s] axe 34 FX1 2            2922 / 4095
[   9.89s] axe 34 FX1 2            2935 / 4095
[   9.89s] axe 34 FX1 2            2948 / 4095
[   9.89s] axe 34 FX1 2            2963 / 4095
[   9.89s] axe 34 FX1 2            2977 / 4095
[   9.89s] axe 34 FX1 2            2991 / 4095
[   9.90s] axe 34 FX1 2            3004 / 4095
[   9.90s] axe 34 FX1 2            3025 / 4095
[   9.91s] axe 34 FX1 2            3045 / 4095
[   9.91s] axe 34 FX1 2            3056 / 4095
[   9.91s] axe 34 FX1 2            3077 / 4095
[   9.92s] axe 34 FX1 2            3100 / 4095
[   9.92s] axe 34 FX1 2            3113 / 4095
[   9.92s] axe 34 FX1 2            3125 / 4095
[   9.92s] axe 34 FX1 2            3136 / 4095
[   9.93s] axe 34 FX1 2            3147 / 4095
[   9.93s] axe 34 FX1 2            3159 / 4095
[   9.93s] axe 34 FX1 2            3170 / 4095
[   9.93s] axe 34 FX1 2            3191 / 4095
[   9.94s] axe 34 FX1 2            3202 / 4095
[   9.94s] axe 34 FX1 2            3213 / 4095
[   9.94s] axe 34 FX1 2            3232 / 4095
[   9.95s] axe 34 FX1 2            3244 / 4095
[   9.95s] axe 34 FX1 2            3257 / 4095
[   9.95s] axe 34 FX1 2            3269 / 4095
[   9.96s] axe 34 FX1 2            3293 / 4095
[   9.96s] axe 34 FX1 2            3312 / 4095
[   9.96s] axe 34 FX1 2            3323 / 4095
[   9.96s] axe 34 FX1 2            3334 / 4095
[   9.97s] axe 34 FX1 2            3353 / 4095
[   9.97s] axe 34 FX1 2            3371 / 4095
[   9.98s] axe 34 FX1 2            3387 / 4095
[   9.98s] axe 34 FX1 2            3402 / 4095
[   9.99s] axe 34 FX1 2            3420 / 4095
[   9.99s] axe 34 FX1 2            3439 / 4095
[   9.99s] axe 34 FX1 2            3453 / 4095
[  10.00s] axe 34 FX1 2            3466 / 4095
[  10.00s] axe 34 FX1 2            3482 / 4095
[  10.01s] axe 34 FX1 2            3499 / 4095
[  10.02s] axe 34 FX1 2            3515 / 4095
[  10.02s] axe 34 FX1 2            3533 / 4095
[  10.02s] axe 34 FX1 2            3546 / 4095
[  10.02s] axe 34 FX1 2            3558 / 4095
[  10.03s] axe 34 FX1 2            3575 / 4095
[  10.03s] axe 34 FX1 2            3586 / 4095
[  10.04s] axe 34 FX1 2            3603 / 4095
[  10.04s] axe 34 FX1 2            3615 / 4095
[  10.04s] axe 34 FX1 2            3634 / 4095
[  10.05s] axe 34 FX1 2            3645 / 4095
[  10.05s] axe 34 FX1 2            3662 / 4095
[  10.06s] axe 34 FX1 2            3679 / 4095
[  10.06s] axe 34 FX1 2            3695 / 4095
[  10.06s] axe 34 FX1 2            3713 / 4095
[  10.07s] axe 34 FX1 2            3727 / 4095
[  10.07s] axe 34 FX1 2            3745 / 4095
[  10.08s] axe 34 FX1 2            3763 / 4095
[  10.08s] axe 34 FX1 2            3778 / 4095
[  10.09s] axe 34 FX1 2            3793 / 4095
[  10.09s] axe 34 FX1 2            3810 / 4095
[  10.09s] axe 34 FX1 2            3825 / 4095
[  10.10s] axe 34 FX1 2            3838 / 4095
[  10.10s] axe 34 FX1 2            3851 / 4095
[  10.11s] axe 34 FX1 2            3867 / 4095
[  10.11s] axe 34 FX1 2            3881 / 4095
[  10.12s] axe 34 FX1 2            3895 / 4095
[  10.12s] axe 34 FX1 2            3907 / 4095
[  10.12s] axe 34 FX1 2            3918 / 4095
[  10.13s] axe 34 FX1 2            3932 / 4095
[  10.14s] axe 34 FX1 2            3949 / 4095
[  10.14s] axe 34 FX1 2            3964 / 4095
[  10.14s] axe 34 FX1 2            3984 / 4095
[  10.15s] axe 34 FX1 2            4001 / 4095
[  10.15s] axe 34 FX1 2            4016 / 4095
[  10.16s] axe 34 FX1 2            4033 / 4095
[  10.16s] axe 34 FX1 2            4048 / 4095
[  10.17s] axe 34 FX1 2            4065 / 4095
[  10.17s] axe 34 FX1 2            4082 / 4095
[  10.19s] axe 34 FX1 2            4095 / 4095
[  10.59s] axe 34 FX1 2            4076 / 4095
[  10.60s] axe 34 FX1 2            4065 / 4095
[  10.60s] axe 34 FX1 2            4049 / 4095
[  10.61s] axe 34 FX1 2            4029 / 4095
[  10.61s] axe 34 FX1 2            4017 / 4095
[  10.61s] axe 34 FX1 2            4000 / 4095
[  10.62s] axe 34 FX1 2            3977 / 4095
[  10.62s] axe 34 FX1 2            3955 / 4095
[  10.62s] axe 34 FX1 2            3943 / 4095
[  10.63s] axe 34 FX1 2            3927 / 4095
[  10.63s] axe 34 FX1 2            3914 / 4095
[  10.64s] axe 34 FX1 2            3899 / 4095
[  10.64s] axe 34 FX1 2            3886 / 4095
[  10.65s] axe 34 FX1 2            3868 / 4095
[  10.65s] axe 34 FX1 2            3857 / 4095
[  10.65s] axe 34 FX1 2            3840 / 4095
[  10.66s] axe 34 FX1 2            3824 / 4095
[  10.66s] axe 34 FX1 2            3806 / 4095
[  10.66s] axe 34 FX1 2            3794 / 4095
[  10.67s] axe 34 FX1 2            3775 / 4095
[  10.67s] axe 34 FX1 2            3757 / 4095
[  10.68s] axe 34 FX1 2            3738 / 4095
[  10.68s] axe 34 FX1 2            3721 / 4095
[  10.68s] axe 34 FX1 2            3704 / 4095
[  10.69s] axe 34 FX1 2            3687 / 4095
[  10.69s] axe 34 FX1 2            3671 / 4095
[  10.70s] axe 34 FX1 2            3656 / 4095
[  10.70s] axe 34 FX1 2            3634 / 4095
[  10.71s] axe 34 FX1 2            3619 / 4095
[  10.71s] axe 34 FX1 2            3608 / 4095
[  10.71s] axe 34 FX1 2            3595 / 4095
[  10.72s] axe 34 FX1 2            3576 / 4095
[  10.72s] axe 34 FX1 2            3563 / 4095
[  10.73s] axe 34 FX1 2            3551 / 4095
[  10.73s] axe 34 FX1 2            3539 / 4095
[  10.74s] axe 34 FX1 2            3522 / 4095
[  10.74s] axe 34 FX1 2            3507 / 4095
[  10.75s] axe 34 FX1 2            3491 / 4095
[  10.75s] axe 34 FX1 2            3475 / 4095
[  10.75s] axe 34 FX1 2            3462 / 4095
[  10.76s] axe 34 FX1 2            3451 / 4095
[  10.76s] axe 34 FX1 2            3435 / 4095
[  10.77s] axe 34 FX1 2            3417 / 4095
[  10.77s] axe 34 FX1 2            3402 / 4095
[  10.78s] axe 34 FX1 2            3389 / 4095
[  10.78s] axe 34 FX1 2            3375 / 4095
[  10.78s] axe 34 FX1 2            3361 / 4095
[  10.79s] axe 34 FX1 2            3346 / 4095
[  10.79s] axe 34 FX1 2            3328 / 4095
[  10.80s] axe 34 FX1 2            3312 / 4095
[  10.80s] axe 34 FX1 2            3299 / 4095
[  10.81s] axe 34 FX1 2            3286 / 4095
[  10.81s] axe 34 FX1 2            3271 / 4095
[  10.82s] axe 34 FX1 2            3253 / 4095
[  10.82s] axe 34 FX1 2            3238 / 4095
[  10.82s] axe 34 FX1 2            3224 / 4095
[  10.83s] axe 34 FX1 2            3210 / 4095
[  10.83s] axe 34 FX1 2            3196 / 4095
[  10.84s] axe 34 FX1 2            3184 / 4095
[  10.84s] axe 34 FX1 2            3170 / 4095
[  10.85s] axe 34 FX1 2            3155 / 4095
[  10.85s] axe 34 FX1 2            3142 / 4095
[  10.85s] axe 34 FX1 2            3131 / 4095
[  10.86s] axe 34 FX1 2            3117 / 4095
[  10.86s] axe 34 FX1 2            3100 / 4095
[  10.87s] axe 34 FX1 2            3087 / 4095
[  10.87s] axe 34 FX1 2            3076 / 4095
[  10.88s] axe 34 FX1 2            3062 / 4095
[  10.88s] axe 34 FX1 2            3050 / 4095
[  10.88s] axe 34 FX1 2            3038 / 4095
[  10.89s] axe 34 FX1 2            3027 / 4095
[  10.89s] axe 34 FX1 2            3014 / 4095
[  10.90s] axe 34 FX1 2            3000 / 4095
[  10.90s] axe 34 FX1 2            2984 / 4095
[  10.91s] axe 34 FX1 2            2966 / 4095
[  10.91s] axe 34 FX1 2            2951 / 4095
[  10.92s] axe 34 FX1 2            2935 / 4095
[  10.92s] axe 34 FX1 2            2922 / 4095
[  10.92s] axe 34 FX1 2            2909 / 4095
[  10.93s] axe 34 FX1 2            2897 / 4095
[  10.93s] axe 34 FX1 2            2885 / 4095
[  10.94s] axe 34 FX1 2            2873 / 4095
[  10.94s] axe 34 FX1 2            2860 / 4095
[  10.95s] axe 34 FX1 2            2848 / 4095
[  10.95s] axe 34 FX1 2            2832 / 4095
[  10.96s] axe 34 FX1 2            2821 / 4095
[  10.96s] axe 34 FX1 2            2809 / 4095
[  10.97s] axe 34 FX1 2            2798 / 4095
[  10.97s] axe 34 FX1 2            2786 / 4095
[  10.97s] axe 34 FX1 2            2773 / 4095
[  10.98s] axe 34 FX1 2            2761 / 4095
[  10.98s] axe 34 FX1 2            2749 / 4095
[  10.99s] axe 34 FX1 2            2738 / 4095
[  10.99s] axe 34 FX1 2            2727 / 4095
[  11.00s] axe 34 FX1 2            2715 / 4095
[  11.00s] axe 34 FX1 2            2700 / 4095
[  11.01s] axe 34 FX1 2            2686 / 4095
[  11.02s] axe 34 FX1 2            2672 / 4095
[  11.02s] axe 34 FX1 2            2657 / 4095
[  11.03s] axe 34 FX1 2            2646 / 4095
[  11.03s] axe 34 FX1 2            2635 / 4095
[  11.04s] axe 34 FX1 2            2623 / 4095
[  11.04s] axe 34 FX1 2            2610 / 4095
[  11.05s] axe 34 FX1 2            2596 / 4095
[  11.06s] axe 34 FX1 2            2584 / 4095
[  11.06s] axe 34 FX1 2            2572 / 4095
[  11.07s] axe 34 FX1 2            2559 / 4095
[  11.08s] axe 34 FX1 2            2547 / 4095
[  11.09s] axe 34 FX1 2            2533 / 4095
[  11.09s] axe 34 FX1 2            2518 / 4095
[  11.10s] axe 34 FX1 2            2507 / 4095
[  11.10s] axe 34 FX1 2            2495 / 4095
[  11.11s] axe 34 FX1 2            2484 / 4095
[  11.11s] axe 34 FX1 2            2469 / 4095
[  11.12s] axe 34 FX1 2            2453 / 4095
[  11.13s] axe 34 FX1 2            2438 / 4095
[  11.13s] axe 34 FX1 2            2427 / 4095
[  11.13s] axe 34 FX1 2            2416 / 4095
[  11.14s] axe 34 FX1 2            2405 / 4095
[  11.15s] axe 34 FX1 2            2392 / 4095
[  11.15s] axe 34 FX1 2            2381 / 4095
[  11.16s] axe 34 FX1 2            2368 / 4095
[  11.16s] axe 34 FX1 2            2353 / 4095
[  11.17s] axe 34 FX1 2            2341 / 4095
[  11.17s] axe 34 FX1 2            2330 / 4095
[  11.18s] axe 34 FX1 2            2318 / 4095
[  11.19s] axe 34 FX1 2            2305 / 4095
[  11.19s] axe 34 FX1 2            2293 / 4095
[  11.20s] axe 34 FX1 2            2279 / 4095
[  11.21s] axe 34 FX1 2            2268 / 4095
[  11.21s] axe 34 FX1 2            2257 / 4095
[  11.22s] axe 34 FX1 2            2245 / 4095
[  11.24s] axe 34 FX1 2            2232 / 4095
[  11.25s] axe 34 FX1 2            2218 / 4095
[  11.26s] axe 34 FX1 2            2205 / 4095
[  11.27s] axe 34 FX1 2            2193 / 4095
[  11.27s] axe 34 FX1 2            2181 / 4095
[  11.28s] axe 34 FX1 2            2168 / 4095
[  11.30s] axe 34 FX1 2            2157 / 4095
[  11.31s] axe 34 FX1 2            2146 / 4095
[  11.32s] axe 34 FX1 2            2132 / 4095
[  11.32s] axe 34 FX1 2            2120 / 4095
[  11.33s] axe 34 FX1 2            2108 / 4095
[  11.38s] axe 34 FX1 2            2097 / 4095
[  11.42s] axe 34 FX1 2            2086 / 4095
[  11.60s] axe 34 FX1 2            2097 / 4095
[  12.17s] … 1896 blocs recus depuis 3 s, aucun changement (total 6992)
[  12.17s] axe 33 FX1 1            2054 / 4095
[  12.19s] axe 33 FX1 1            2043 / 4095
[  12.20s] axe 33 FX1 1            2031 / 4095
[  12.21s] axe 33 FX1 1            2017 / 4095
[  12.22s] axe 33 FX1 1            2003 / 4095
[  12.22s] axe 33 FX1 1            1989 / 4095
[  12.23s] axe 33 FX1 1            1977 / 4095
[  12.23s] axe 33 FX1 1            1962 / 4095
[  12.24s] axe 33 FX1 1            1950 / 4095
[  12.24s] axe 33 FX1 1            1937 / 4095
[  12.25s] axe 33 FX1 1            1922 / 4095
[  12.25s] axe 33 FX1 1            1909 / 4095
[  12.26s] axe 33 FX1 1            1895 / 4095
[  12.26s] axe 33 FX1 1            1881 / 4095
[  12.27s] axe 33 FX1 1            1867 / 4095
[  12.27s] axe 33 FX1 1            1851 / 4095
[  12.28s] axe 33 FX1 1            1835 / 4095
[  12.28s] axe 33 FX1 1            1818 / 4095
[  12.28s] axe 33 FX1 1            1799 / 4095
[  12.29s] axe 33 FX1 1            1777 / 4095
[  12.29s] axe 33 FX1 1            1765 / 4095
[  12.29s] axe 33 FX1 1            1753 / 4095
[  12.29s] axe 33 FX1 1            1741 / 4095
[  12.30s] axe 33 FX1 1            1730 / 4095
[  12.30s] axe 33 FX1 1            1718 / 4095
[  12.30s] axe 33 FX1 1            1707 / 4095
[  12.31s] axe 33 FX1 1            1686 / 4095
[  12.31s] axe 33 FX1 1            1675 / 4095
[  12.31s] axe 33 FX1 1            1664 / 4095
[  12.31s] axe 33 FX1 1            1652 / 4095
[  12.32s] axe 33 FX1 1            1641 / 4095
[  12.32s] axe 33 FX1 1            1628 / 4095
[  12.32s] axe 33 FX1 1            1614 / 4095
[  12.32s] axe 33 FX1 1            1601 / 4095
[  12.32s] axe 33 FX1 1            1589 / 4095
[  12.33s] axe 33 FX1 1            1575 / 4095
[  12.33s] axe 33 FX1 1            1562 / 4095
[  12.33s] axe 33 FX1 1            1549 / 4095
[  12.33s] axe 33 FX1 1            1537 / 4095
[  12.33s] axe 33 FX1 1            1525 / 4095
[  12.34s] axe 33 FX1 1            1512 / 4095
[  12.34s] axe 33 FX1 1            1497 / 4095
[  12.34s] axe 33 FX1 1            1481 / 4095
[  12.34s] axe 33 FX1 1            1468 / 4095
[  12.34s] axe 33 FX1 1            1455 / 4095
[  12.35s] axe 33 FX1 1            1443 / 4095
[  12.35s] axe 33 FX1 1            1431 / 4095
[  12.35s] axe 33 FX1 1            1418 / 4095
[  12.35s] axe 33 FX1 1            1404 / 4095
[  12.36s] axe 33 FX1 1            1390 / 4095
[  12.36s] axe 33 FX1 1            1377 / 4095
[  12.36s] axe 33 FX1 1            1365 / 4095
[  12.36s] axe 33 FX1 1            1352 / 4095
[  12.36s] axe 33 FX1 1            1338 / 4095
[  12.37s] axe 33 FX1 1            1325 / 4095
[  12.37s] axe 33 FX1 1            1312 / 4095
[  12.37s] axe 33 FX1 1            1301 / 4095
[  12.37s] axe 33 FX1 1            1289 / 4095
[  12.38s] axe 33 FX1 1            1274 / 4095
[  12.38s] axe 33 FX1 1            1259 / 4095
[  12.38s] axe 33 FX1 1            1247 / 4095
[  12.38s] axe 33 FX1 1            1234 / 4095
[  12.38s] axe 33 FX1 1            1222 / 4095
[  12.39s] axe 33 FX1 1            1209 / 4095
[  12.39s] axe 33 FX1 1            1196 / 4095
[  12.39s] axe 33 FX1 1            1183 / 4095
[  12.39s] axe 33 FX1 1            1169 / 4095
[  12.39s] axe 33 FX1 1            1156 / 4095
[  12.40s] axe 33 FX1 1            1144 / 4095
[  12.40s] axe 33 FX1 1            1133 / 4095
[  12.40s] axe 33 FX1 1            1112 / 4095
[  12.41s] axe 33 FX1 1            1101 / 4095
[  12.41s] axe 33 FX1 1            1089 / 4095
[  12.41s] axe 33 FX1 1            1076 / 4095
[  12.41s] axe 33 FX1 1            1065 / 4095
[  12.41s] axe 33 FX1 1            1053 / 4095
[  12.42s] axe 33 FX1 1            1040 / 4095
[  12.42s] axe 33 FX1 1            1028 / 4095
[  12.42s] axe 33 FX1 1            1015 / 4095
[  12.43s] axe 33 FX1 1             995 / 4095
[  12.43s] axe 33 FX1 1             984 / 4095
[  12.43s] axe 33 FX1 1             973 / 4095
[  12.43s] axe 33 FX1 1             962 / 4095
[  12.44s] axe 33 FX1 1             933 / 4095
[  12.44s] axe 33 FX1 1             921 / 4095
[  12.44s] axe 33 FX1 1             910 / 4095
[  12.44s] axe 33 FX1 1             899 / 4095
[  12.45s] axe 33 FX1 1             879 / 4095
[  12.45s] axe 33 FX1 1             866 / 4095
[  12.45s] axe 33 FX1 1             853 / 4095
[  12.46s] axe 33 FX1 1             841 / 4095
[  12.46s] axe 33 FX1 1             828 / 4095
[  12.46s] axe 33 FX1 1             817 / 4095
[  12.46s] axe 33 FX1 1             805 / 4095
[  12.46s] axe 33 FX1 1             793 / 4095
[  12.47s] axe 33 FX1 1             780 / 4095
[  12.47s] axe 33 FX1 1             768 / 4095
[  12.47s] axe 33 FX1 1             756 / 4095
[  12.47s] axe 33 FX1 1             742 / 4095
[  12.47s] axe 33 FX1 1             728 / 4095
[  12.48s] axe 33 FX1 1             715 / 4095
[  12.48s] axe 33 FX1 1             701 / 4095
[  12.48s] axe 33 FX1 1             689 / 4095
[  12.49s] axe 33 FX1 1             676 / 4095
[  12.49s] axe 33 FX1 1             654 / 4095
[  12.49s] axe 33 FX1 1             640 / 4095
[  12.49s] axe 33 FX1 1             626 / 4095
[  12.50s] axe 33 FX1 1             613 / 4095
[  12.50s] axe 33 FX1 1             602 / 4095
[  12.50s] axe 33 FX1 1             589 / 4095
[  12.50s] axe 33 FX1 1             573 / 4095
[  12.50s] axe 33 FX1 1             561 / 4095
[  12.51s] axe 33 FX1 1             547 / 4095
[  12.51s] axe 33 FX1 1             533 / 4095
[  12.51s] axe 33 FX1 1             520 / 4095
[  12.51s] axe 33 FX1 1             507 / 4095
[  12.51s] axe 33 FX1 1             495 / 4095
[  12.52s] axe 33 FX1 1             482 / 4095
[  12.52s] axe 33 FX1 1             469 / 4095
[  12.52s] axe 33 FX1 1             457 / 4095
[  12.52s] axe 33 FX1 1             445 / 4095
[  12.53s] axe 33 FX1 1             432 / 4095
[  12.53s] axe 33 FX1 1             419 / 4095
[  12.53s] axe 33 FX1 1             405 / 4095
[  12.53s] axe 33 FX1 1             391 / 4095
[  12.53s] axe 33 FX1 1             378 / 4095
[  12.54s] axe 33 FX1 1             366 / 4095
[  12.54s] axe 33 FX1 1             351 / 4095
[  12.54s] axe 33 FX1 1             338 / 4095
[  12.54s] axe 33 FX1 1             327 / 4095
[  12.54s] axe 33 FX1 1             316 / 4095
[  12.55s] axe 33 FX1 1             302 / 4095
[  12.55s] axe 33 FX1 1             287 / 4095
[  12.55s] axe 33 FX1 1             273 / 4095
[  12.55s] axe 33 FX1 1             261 / 4095
[  12.56s] axe 33 FX1 1             247 / 4095
[  12.56s] axe 33 FX1 1             231 / 4095
[  12.56s] axe 33 FX1 1             215 / 4095
[  12.56s] axe 33 FX1 1             200 / 4095
[  12.56s] axe 33 FX1 1             187 / 4095
[  12.57s] axe 33 FX1 1             173 / 4095
[  12.57s] axe 33 FX1 1             157 / 4095
[  12.57s] axe 33 FX1 1             144 / 4095
[  12.57s] axe 33 FX1 1             132 / 4095
[  12.57s] axe 33 FX1 1             119 / 4095
[  12.58s] axe 33 FX1 1             103 / 4095
[  12.58s] axe 33 FX1 1              87 / 4095
[  12.58s] axe 33 FX1 1              73 / 4095
[  12.58s] axe 33 FX1 1              60 / 4095
[  12.59s] axe 33 FX1 1              47 / 4095
[  12.59s] axe 33 FX1 1              33 / 4095
[  12.59s] axe 33 FX1 1              22 / 4095
[  12.60s] axe 33 FX1 1              11 / 4095
[  13.17s] axe 33 FX1 1              31 / 4095
[  13.18s] axe 33 FX1 1              43 / 4095
[  13.18s] axe 33 FX1 1              62 / 4095
[  13.18s] axe 33 FX1 1              85 / 4095
[  13.19s] axe 33 FX1 1              98 / 4095
[  13.19s] axe 33 FX1 1             110 / 4095
[  13.19s] axe 33 FX1 1             121 / 4095
[  13.20s] axe 33 FX1 1             139 / 4095
[  13.20s] axe 33 FX1 1             151 / 4095
[  13.20s] axe 33 FX1 1             164 / 4095
[  13.20s] axe 33 FX1 1             175 / 4095
[  13.20s] axe 33 FX1 1             186 / 4095
[  13.21s] axe 33 FX1 1             198 / 4095
[  13.21s] axe 33 FX1 1             212 / 4095
[  13.21s] axe 33 FX1 1             228 / 4095
[  13.21s] axe 33 FX1 1             240 / 4095
[  13.21s] axe 33 FX1 1             251 / 4095
[  13.22s] axe 33 FX1 1             262 / 4095
[  13.22s] axe 33 FX1 1             276 / 4095
[  13.22s] axe 33 FX1 1             291 / 4095
[  13.22s] axe 33 FX1 1             302 / 4095
[  13.23s] axe 33 FX1 1             313 / 4095
[  13.23s] axe 33 FX1 1             334 / 4095
[  13.23s] axe 33 FX1 1             347 / 4095
[  13.23s] axe 33 FX1 1             358 / 4095
[  13.24s] axe 33 FX1 1             370 / 4095
[  13.24s] axe 33 FX1 1             383 / 4095
[  13.24s] axe 33 FX1 1             396 / 4095
[  13.24s] axe 33 FX1 1             408 / 4095
[  13.25s] axe 33 FX1 1             420 / 4095
[  13.25s] axe 33 FX1 1             432 / 4095
[  13.25s] axe 33 FX1 1             443 / 4095
[  13.25s] axe 33 FX1 1             455 / 4095
[  13.25s] axe 33 FX1 1             467 / 4095
[  13.26s] axe 33 FX1 1             478 / 4095
[  13.26s] axe 33 FX1 1             499 / 4095
[  13.26s] axe 33 FX1 1             512 / 4095
[  13.26s] axe 33 FX1 1             524 / 4095
[  13.27s] axe 33 FX1 1             536 / 4095
[  13.27s] axe 33 FX1 1             549 / 4095
[  13.27s] axe 33 FX1 1             560 / 4095
[  13.27s] axe 33 FX1 1             572 / 4095
[  13.28s] axe 33 FX1 1             583 / 4095
[  13.28s] axe 33 FX1 1             604 / 4095
[  13.28s] axe 33 FX1 1             617 / 4095
[  13.28s] axe 33 FX1 1             630 / 4095
[  13.29s] axe 33 FX1 1             642 / 4095
[  13.29s] axe 33 FX1 1             662 / 4095
[  13.29s] axe 33 FX1 1             673 / 4095
[  13.30s] axe 33 FX1 1             684 / 4095
[  13.30s] axe 33 FX1 1             706 / 4095
[  13.30s] axe 33 FX1 1             719 / 4095
[  13.30s] axe 33 FX1 1             733 / 4095
[  13.31s] axe 33 FX1 1             745 / 4095
[  13.31s] axe 33 FX1 1             756 / 4095
[  13.31s] axe 33 FX1 1             768 / 4095
[  13.31s] axe 33 FX1 1             779 / 4095
[  13.31s] axe 33 FX1 1             790 / 4095
[  13.32s] axe 33 FX1 1             801 / 4095
[  13.32s] axe 33 FX1 1             812 / 4095
[  13.32s] axe 33 FX1 1             823 / 4095
[  13.32s] axe 33 FX1 1             834 / 4095
[  13.33s] axe 33 FX1 1             847 / 4095
[  13.33s] axe 33 FX1 1             859 / 4095
[  13.33s] axe 33 FX1 1             878 / 4095
[  13.34s] axe 33 FX1 1             897 / 4095
[  13.34s] axe 33 FX1 1             908 / 4095
[  13.34s] axe 33 FX1 1             919 / 4095
[  13.34s] axe 33 FX1 1             930 / 4095
[  13.35s] axe 33 FX1 1             949 / 4095
[  13.35s] axe 33 FX1 1             969 / 4095
[  13.36s] axe 33 FX1 1             987 / 4095
[  13.36s] axe 33 FX1 1            1002 / 4095
[  13.37s] axe 33 FX1 1            1019 / 4095
[  13.37s] axe 33 FX1 1            1031 / 4095
[  13.37s] axe 33 FX1 1            1048 / 4095
[  13.38s] axe 33 FX1 1            1066 / 4095
[  13.38s] axe 33 FX1 1            1084 / 4095
[  13.38s] axe 33 FX1 1            1101 / 4095
[  13.39s] axe 33 FX1 1            1115 / 4095
[  13.39s] axe 33 FX1 1            1128 / 4095
[  13.40s] axe 33 FX1 1            1141 / 4095
[  13.40s] axe 33 FX1 1            1159 / 4095
[  13.40s] axe 33 FX1 1            1170 / 4095
[  13.41s] axe 33 FX1 1            1186 / 4095
[  13.41s] axe 33 FX1 1            1203 / 4095
[  13.42s] axe 33 FX1 1            1219 / 4095
[  13.42s] axe 33 FX1 1            1233 / 4095
[  13.42s] axe 33 FX1 1            1244 / 4095
[  13.43s] axe 33 FX1 1            1256 / 4095
[  13.43s] axe 33 FX1 1            1274 / 4095
[  13.44s] axe 33 FX1 1            1289 / 4095
[  13.44s] axe 33 FX1 1            1303 / 4095
[  13.44s] axe 33 FX1 1            1319 / 4095
[  13.45s] axe 33 FX1 1            1336 / 4095
[  13.45s] axe 33 FX1 1            1353 / 4095
[  13.46s] axe 33 FX1 1            1368 / 4095
[  13.46s] axe 33 FX1 1            1380 / 4095
[  13.47s] axe 33 FX1 1            1394 / 4095
[  13.47s] axe 33 FX1 1            1408 / 4095
[  13.47s] axe 33 FX1 1            1421 / 4095
[  13.48s] axe 33 FX1 1            1432 / 4095
[  13.48s] axe 33 FX1 1            1448 / 4095
[  13.49s] axe 33 FX1 1            1461 / 4095
[  13.49s] axe 33 FX1 1            1476 / 4095
[  13.50s] axe 33 FX1 1            1490 / 4095
[  13.50s] axe 33 FX1 1            1501 / 4095
[  13.51s] axe 33 FX1 1            1515 / 4095
[  13.52s] axe 33 FX1 1            1529 / 4095
[  13.52s] axe 33 FX1 1            1540 / 4095
[  13.52s] axe 33 FX1 1            1551 / 4095
[  13.53s] axe 33 FX1 1            1566 / 4095
[  13.54s] axe 33 FX1 1            1580 / 4095
[  13.54s] axe 33 FX1 1            1593 / 4095
[  13.55s] axe 33 FX1 1            1607 / 4095
[  13.56s] axe 33 FX1 1            1621 / 4095
[  13.56s] axe 33 FX1 1            1635 / 4095
[  13.57s] axe 33 FX1 1            1648 / 4095
[  13.58s] axe 33 FX1 1            1660 / 4095
[  13.58s] axe 33 FX1 1            1671 / 4095
[  13.59s] axe 33 FX1 1            1684 / 4095
[  13.60s] axe 33 FX1 1            1697 / 4095
[  13.61s] axe 33 FX1 1            1711 / 4095
[  13.62s] axe 33 FX1 1            1724 / 4095
[  13.62s] axe 33 FX1 1            1735 / 4095
[  13.63s] axe 33 FX1 1            1746 / 4095
[  13.64s] axe 33 FX1 1            1760 / 4095
[  13.64s] axe 33 FX1 1            1771 / 4095
[  13.65s] axe 33 FX1 1            1782 / 4095
[  13.65s] axe 33 FX1 1            1796 / 4095
[  13.66s] axe 33 FX1 1            1810 / 4095
[  13.66s] axe 33 FX1 1            1821 / 4095
[  13.67s] axe 33 FX1 1            1837 / 4095
[  13.67s] axe 33 FX1 1            1848 / 4095
[  13.68s] axe 33 FX1 1            1859 / 4095
[  13.69s] axe 33 FX1 1            1875 / 4095
[  13.69s] axe 33 FX1 1            1886 / 4095
[  13.69s] axe 33 FX1 1            1897 / 4095
[  13.70s] axe 33 FX1 1            1910 / 4095
[  13.70s] axe 33 FX1 1            1922 / 4095
[  13.71s] axe 33 FX1 1            1937 / 4095
[  13.72s] axe 33 FX1 1            1949 / 4095
[  13.72s] axe 33 FX1 1            1962 / 4095
[  13.72s] axe 33 FX1 1            1975 / 4095
[  13.73s] axe 33 FX1 1            1986 / 4095
[  13.73s] axe 33 FX1 1            2001 / 4095
[  13.74s] axe 33 FX1 1            2013 / 4095
[  13.74s] axe 33 FX1 1            2031 / 4095
[  13.75s] axe 33 FX1 1            2049 / 4095
[  13.75s] axe 33 FX1 1            2061 / 4095
[  13.78s] axe 33 FX1 1            2072 / 4095
[  14.22s] axe 33 FX1 1            2084 / 4095
[  14.23s] axe 33 FX1 1            2095 / 4095
[  14.24s] axe 33 FX1 1            2108 / 4095
[  14.24s] axe 33 FX1 1            2125 / 4095
[  14.25s] axe 33 FX1 1            2142 / 4095
[  14.25s] axe 33 FX1 1            2157 / 4095
[  14.26s] axe 33 FX1 1            2173 / 4095
[  14.26s] axe 33 FX1 1            2193 / 4095
[  14.27s] axe 33 FX1 1            2213 / 4095
[  14.27s] axe 33 FX1 1            2233 / 4095
[  14.27s] axe 33 FX1 1            2244 / 4095
[  14.28s] axe 33 FX1 1            2255 / 4095
[  14.28s] axe 33 FX1 1            2266 / 4095
[  14.28s] axe 33 FX1 1            2278 / 4095
[  14.28s] axe 33 FX1 1            2291 / 4095
[  14.28s] axe 33 FX1 1            2305 / 4095
[  14.29s] axe 33 FX1 1            2317 / 4095
[  14.29s] axe 33 FX1 1            2330 / 4095
[  14.29s] axe 33 FX1 1            2344 / 4095
[  14.29s] axe 33 FX1 1            2359 / 4095
[  14.29s] axe 33 FX1 1            2374 / 4095
[  14.30s] axe 33 FX1 1            2389 / 4095
[  14.30s] axe 33 FX1 1            2406 / 4095
[  14.30s] axe 33 FX1 1            2425 / 4095
[  14.30s] axe 33 FX1 1            2444 / 4095
[  14.31s] axe 33 FX1 1            2462 / 4095
[  14.31s] axe 33 FX1 1            2479 / 4095
[  14.31s] axe 33 FX1 1            2498 / 4095
[  14.31s] axe 33 FX1 1            2518 / 4095
[  14.31s] axe 33 FX1 1            2536 / 4095
[  14.32s] axe 33 FX1 1            2555 / 4095
[  14.32s] axe 33 FX1 1            2576 / 4095
[  14.32s] axe 33 FX1 1            2595 / 4095
[  14.32s] axe 33 FX1 1            2615 / 4095
[  14.32s] axe 33 FX1 1            2634 / 4095
[  14.33s] axe 33 FX1 1            2651 / 4095
[  14.33s] axe 33 FX1 1            2669 / 4095
[  14.33s] axe 33 FX1 1            2688 / 4095
[  14.33s] axe 33 FX1 1            2708 / 4095
[  14.34s] axe 33 FX1 1            2726 / 4095
[  14.34s] axe 33 FX1 1            2743 / 4095
[  14.34s] axe 33 FX1 1            2761 / 4095
[  14.34s] axe 33 FX1 1            2779 / 4095
[  14.34s] axe 33 FX1 1            2798 / 4095
[  14.35s] axe 33 FX1 1            2816 / 4095
[  14.35s] axe 33 FX1 1            2834 / 4095
[  14.35s] axe 33 FX1 1            2851 / 4095
[  14.35s] axe 33 FX1 1            2869 / 4095
[  14.36s] axe 33 FX1 1            2885 / 4095
[  14.36s] axe 33 FX1 1            2903 / 4095
[  14.36s] axe 33 FX1 1            2920 / 4095
[  14.36s] axe 33 FX1 1            2939 / 4095
[  14.36s] axe 33 FX1 1            2957 / 4095
[  14.37s] axe 33 FX1 1            2979 / 4095
[  14.37s] axe 33 FX1 1            3000 / 4095
[  14.37s] axe 33 FX1 1            3018 / 4095
[  14.37s] axe 33 FX1 1            3035 / 4095
[  14.38s] axe 33 FX1 1            3053 / 4095
[  14.38s] axe 33 FX1 1            3069 / 4095
[  14.38s] axe 33 FX1 1            3088 / 4095
[  14.38s] axe 33 FX1 1            3106 / 4095
[  14.38s] axe 33 FX1 1            3123 / 4095
[  14.39s] axe 33 FX1 1            3139 / 4095
[  14.39s] axe 33 FX1 1            3155 / 4095
[  14.39s] axe 33 FX1 1            3172 / 4095
[  14.39s] axe 33 FX1 1            3191 / 4095
[  14.39s] axe 33 FX1 1            3208 / 4095
[  14.40s] axe 33 FX1 1            3223 / 4095
[  14.40s] axe 33 FX1 1            3239 / 4095
[  14.40s] axe 33 FX1 1            3258 / 4095
[  14.40s] axe 33 FX1 1            3275 / 4095
[  14.41s] axe 33 FX1 1            3292 / 4095
[  14.41s] axe 33 FX1 1            3309 / 4095
[  14.41s] axe 33 FX1 1            3325 / 4095
[  14.41s] axe 33 FX1 1            3341 / 4095
[  14.41s] axe 33 FX1 1            3356 / 4095
[  14.42s] axe 33 FX1 1            3370 / 4095
[  14.42s] axe 33 FX1 1            3384 / 4095
[  14.42s] axe 33 FX1 1            3399 / 4095
[  14.42s] axe 33 FX1 1            3413 / 4095
[  14.43s] axe 33 FX1 1            3426 / 4095
[  14.43s] axe 33 FX1 1            3438 / 4095
[  14.43s] axe 33 FX1 1            3451 / 4095
[  14.43s] axe 33 FX1 1            3465 / 4095
[  14.43s] axe 33 FX1 1            3477 / 4095
[  14.44s] axe 33 FX1 1            3489 / 4095
[  14.44s] axe 33 FX1 1            3501 / 4095
[  14.44s] axe 33 FX1 1            3512 / 4095
[  14.45s] axe 33 FX1 1            3531 / 4095
[  14.45s] axe 33 FX1 1            3551 / 4095
[  14.45s] axe 33 FX1 1            3572 / 4095
[  14.46s] axe 33 FX1 1            3586 / 4095
[  14.46s] axe 33 FX1 1            3599 / 4095
[  14.46s] axe 33 FX1 1            3610 / 4095
[  14.46s] axe 33 FX1 1            3630 / 4095
[  14.47s] axe 33 FX1 1            3648 / 4095
[  14.47s] axe 33 FX1 1            3659 / 4095
[  14.48s] axe 33 FX1 1            3679 / 4095
[  14.48s] axe 33 FX1 1            3700 / 4095
[  14.48s] axe 33 FX1 1            3711 / 4095
[  14.48s] axe 33 FX1 1            3722 / 4095
[  14.49s] axe 33 FX1 1            3742 / 4095
[  14.49s] axe 33 FX1 1            3761 / 4095
[  14.50s] axe 33 FX1 1            3780 / 4095
[  14.50s] axe 33 FX1 1            3796 / 4095
[  14.51s] axe 33 FX1 1            3815 / 4095
[  14.51s] axe 33 FX1 1            3826 / 4095
[  14.51s] axe 33 FX1 1            3837 / 4095
[  14.51s] axe 33 FX1 1            3856 / 4095
[  14.52s] axe 33 FX1 1            3875 / 4095
[  14.52s] axe 33 FX1 1            3886 / 4095
[  14.53s] axe 33 FX1 1            3903 / 4095
[  14.53s] axe 33 FX1 1            3926 / 4095
[  14.53s] axe 33 FX1 1            3939 / 4095
[  14.53s] axe 33 FX1 1            3951 / 4095
[  14.54s] axe 33 FX1 1            3963 / 4095
[  14.54s] axe 33 FX1 1            3983 / 4095
[  14.54s] axe 33 FX1 1            3995 / 4095
[  14.54s] axe 33 FX1 1            4007 / 4095
[  14.55s] axe 33 FX1 1            4021 / 4095
[  14.55s] axe 33 FX1 1            4032 / 4095
[  14.55s] axe 33 FX1 1            4043 / 4095
[  14.56s] axe 33 FX1 1            4054 / 4095
[  14.56s] axe 33 FX1 1            4065 / 4095
[  14.56s] axe 33 FX1 1            4078 / 4095
[  14.56s] axe 33 FX1 1            4095 / 4095
[  14.87s] axe 33 FX1 1            4084 / 4095
[  14.87s] axe 33 FX1 1            4073 / 4095
[  14.88s] axe 33 FX1 1            4052 / 4095
[  14.88s] axe 33 FX1 1            4041 / 4095
[  14.88s] axe 33 FX1 1            4029 / 4095
[  14.89s] axe 33 FX1 1            4017 / 4095
[  14.89s] axe 33 FX1 1            4004 / 4095
[  14.89s] axe 33 FX1 1            3993 / 4095
[  14.89s] axe 33 FX1 1            3971 / 4095
[  14.90s] axe 33 FX1 1            3960 / 4095
[  14.90s] axe 33 FX1 1            3947 / 4095
[  14.90s] axe 33 FX1 1            3930 / 4095
[  14.90s] axe 33 FX1 1            3915 / 4095
[  14.91s] axe 33 FX1 1            3904 / 4095
[  14.91s] axe 33 FX1 1            3891 / 4095
[  14.91s] axe 33 FX1 1            3878 / 4095
[  14.91s] axe 33 FX1 1            3866 / 4095
[  14.91s] axe 33 FX1 1            3853 / 4095
[  14.92s] axe 33 FX1 1            3840 / 4095
[  14.92s] axe 33 FX1 1            3825 / 4095
[  14.92s] axe 33 FX1 1            3811 / 4095
[  14.92s] axe 33 FX1 1            3791 / 4095
[  14.93s] axe 33 FX1 1            3779 / 4095
[  14.93s] axe 33 FX1 1            3767 / 4095
[  14.93s] axe 33 FX1 1            3755 / 4095
[  14.94s] axe 33 FX1 1            3734 / 4095
[  14.94s] axe 33 FX1 1            3721 / 4095
[  14.94s] axe 33 FX1 1            3709 / 4095
[  14.94s] axe 33 FX1 1            3697 / 4095
[  14.94s] axe 33 FX1 1            3686 / 4095
[  14.95s] axe 33 FX1 1            3675 / 4095
[  14.95s] axe 33 FX1 1            3664 / 4095
[  14.95s] axe 33 FX1 1            3653 / 4095
[  14.96s] axe 33 FX1 1            3634 / 4095
[  14.96s] axe 33 FX1 1            3615 / 4095
[  14.96s] axe 33 FX1 1            3603 / 4095
[  14.96s] axe 33 FX1 1            3589 / 4095
[  14.97s] axe 33 FX1 1            3577 / 4095
[  14.97s] axe 33 FX1 1            3566 / 4095
[  14.97s] axe 33 FX1 1            3555 / 4095
[  14.97s] axe 33 FX1 1            3537 / 4095
[  14.98s] axe 33 FX1 1            3519 / 4095
[  14.98s] axe 33 FX1 1            3500 / 4095
[  14.99s] axe 33 FX1 1            3479 / 4095
[  14.99s] axe 33 FX1 1            3459 / 4095
[  15.00s] axe 33 FX1 1            3439 / 4095
[  15.00s] axe 33 FX1 1            3418 / 4095
[  15.00s] axe 33 FX1 1            3406 / 4095
[  15.01s] axe 33 FX1 1            3394 / 4095
[  15.01s] axe 33 FX1 1            3383 / 4095
[  15.01s] axe 33 FX1 1            3361 / 4095
[  15.02s] axe 33 FX1 1            3338 / 4095
[  15.02s] axe 33 FX1 1            3326 / 4095
[  15.02s] axe 33 FX1 1            3314 / 4095
[  15.02s] axe 33 FX1 1            3303 / 4095
[  15.03s] axe 33 FX1 1            3290 / 4095
[  15.03s] axe 33 FX1 1            3275 / 4095
[  15.03s] axe 33 FX1 1            3262 / 4095
[  15.03s] axe 33 FX1 1            3249 / 4095
[  15.04s] axe 33 FX1 1            3229 / 4095
[  15.04s] axe 33 FX1 1            3215 / 4095
[  15.04s] axe 33 FX1 1            3201 / 4095
[  15.04s] axe 33 FX1 1            3189 / 4095
[  15.04s] axe 33 FX1 1            3178 / 4095
[  15.05s] axe 33 FX1 1            3166 / 4095
[  15.05s] axe 33 FX1 1            3155 / 4095
[  15.05s] axe 33 FX1 1            3144 / 4095
[  15.05s] axe 33 FX1 1            3133 / 4095
[  15.06s] axe 33 FX1 1            3120 / 4095
[  15.06s] axe 33 FX1 1            3109 / 4095
[  15.06s] axe 33 FX1 1            3098 / 4095
[  15.06s] axe 33 FX1 1            3087 / 4095
[  15.06s] axe 33 FX1 1            3076 / 4095
[  15.07s] axe 33 FX1 1            3064 / 4095
[  15.07s] axe 33 FX1 1            3045 / 4095
[  15.07s] axe 33 FX1 1            3025 / 4095
[  15.08s] axe 33 FX1 1            3013 / 4095
[  15.08s] axe 33 FX1 1            3000 / 4095
[  15.08s] axe 33 FX1 1            2989 / 4095
[  15.09s] axe 33 FX1 1            2968 / 4095
[  15.09s] axe 33 FX1 1            2957 / 4095
[  15.09s] axe 33 FX1 1            2935 / 4095
[  15.10s] axe 33 FX1 1            2916 / 4095
[  15.10s] axe 33 FX1 1            2897 / 4095
[  15.11s] axe 33 FX1 1            2879 / 4095
[  15.11s] axe 33 FX1 1            2861 / 4095
[  15.11s] axe 33 FX1 1            2843 / 4095
[  15.12s] axe 33 FX1 1            2823 / 4095
[  15.12s] axe 33 FX1 1            2804 / 4095
[  15.13s] axe 33 FX1 1            2784 / 4095
[  15.13s] axe 33 FX1 1            2766 / 4095
[  15.14s] axe 33 FX1 1            2750 / 4095
[  15.14s] axe 33 FX1 1            2729 / 4095
[  15.14s] axe 33 FX1 1            2718 / 4095
[  15.15s] axe 33 FX1 1            2698 / 4095
[  15.15s] axe 33 FX1 1            2681 / 4095
[  15.16s] axe 33 FX1 1            2664 / 4095
[  15.16s] axe 33 FX1 1            2646 / 4095
[  15.17s] axe 33 FX1 1            2628 / 4095
[  15.17s] axe 33 FX1 1            2608 / 4095
[  15.17s] … 3180 blocs recus depuis 3 s, aucun changement (total 10172)
[  15.18s] axe 33 FX1 1            2588 / 4095
[  15.18s] axe 33 FX1 1            2572 / 4095
[  15.18s] axe 33 FX1 1            2556 / 4095
[  15.19s] axe 33 FX1 1            2539 / 4095
[  15.19s] axe 33 FX1 1            2520 / 4095
[  15.20s] axe 33 FX1 1            2506 / 4095
[  15.20s] axe 33 FX1 1            2492 / 4095
[  15.20s] axe 33 FX1 1            2476 / 4095
[  15.21s] axe 33 FX1 1            2458 / 4095
[  15.21s] axe 33 FX1 1            2440 / 4095
[  15.22s] axe 33 FX1 1            2423 / 4095
[  15.22s] axe 33 FX1 1            2408 / 4095
[  15.23s] axe 33 FX1 1            2393 / 4095
[  15.23s] axe 33 FX1 1            2379 / 4095
[  15.23s] axe 33 FX1 1            2365 / 4095
[  15.24s] axe 33 FX1 1            2351 / 4095
[  15.24s] axe 33 FX1 1            2336 / 4095
[  15.25s] axe 33 FX1 1            2319 / 4095
[  15.25s] axe 33 FX1 1            2302 / 4095
[  15.26s] axe 33 FX1 1            2287 / 4095
[  15.26s] axe 33 FX1 1            2272 / 4095
[  15.26s] axe 33 FX1 1            2259 / 4095
[  15.27s] axe 33 FX1 1            2247 / 4095
[  15.27s] axe 33 FX1 1            2236 / 4095
[  15.28s] axe 33 FX1 1            2223 / 4095
[  15.29s] axe 33 FX1 1            2211 / 4095
[  15.29s] axe 33 FX1 1            2199 / 4095
[  15.30s] axe 33 FX1 1            2186 / 4095
[  15.31s] axe 33 FX1 1            2175 / 4095
[  15.32s] axe 33 FX1 1            2162 / 4095
[  15.33s] axe 33 FX1 1            2151 / 4095
[  15.33s] axe 33 FX1 1            2139 / 4095
[  15.34s] axe 33 FX1 1            2124 / 4095
[  15.34s] axe 33 FX1 1            2112 / 4095
[  15.35s] axe 33 FX1 1            2094 / 4095
[  15.35s] axe 33 FX1 1            2080 / 4095
[  15.36s] axe 33 FX1 1            2069 / 4095
[  15.84s] axe 32 FX1 dry/wet      2004 / 4095
[  15.85s] axe 32 FX1 dry/wet      1993 / 4095
[  15.85s] axe 32 FX1 dry/wet      1981 / 4095
[  15.86s] axe 32 FX1 dry/wet      1970 / 4095
[  15.86s] axe 32 FX1 dry/wet      1959 / 4095
[  15.87s] axe 32 FX1 dry/wet      1943 / 4095
[  15.87s] axe 32 FX1 dry/wet      1931 / 4095
[  15.87s] axe 32 FX1 dry/wet      1917 / 4095
[  15.87s] axe 32 FX1 dry/wet      1903 / 4095
[  15.88s] axe 32 FX1 dry/wet      1889 / 4095
[  15.88s] axe 32 FX1 dry/wet      1876 / 4095
[  15.88s] axe 32 FX1 dry/wet      1863 / 4095
[  15.88s] axe 32 FX1 dry/wet      1850 / 4095
[  15.88s] axe 32 FX1 dry/wet      1836 / 4095
[  15.89s] axe 32 FX1 dry/wet      1823 / 4095
[  15.89s] axe 32 FX1 dry/wet      1811 / 4095
[  15.89s] axe 32 FX1 dry/wet      1798 / 4095
[  15.89s] axe 32 FX1 dry/wet      1785 / 4095
[  15.90s] axe 32 FX1 dry/wet      1767 / 4095
[  15.90s] axe 32 FX1 dry/wet      1750 / 4095
[  15.90s] axe 32 FX1 dry/wet      1734 / 4095
[  15.90s] axe 32 FX1 dry/wet      1718 / 4095
[  15.90s] axe 32 FX1 dry/wet      1701 / 4095
[  15.91s] axe 32 FX1 dry/wet      1683 / 4095
[  15.91s] axe 32 FX1 dry/wet      1664 / 4095
[  15.91s] axe 32 FX1 dry/wet      1646 / 4095
[  15.91s] axe 32 FX1 dry/wet      1627 / 4095
[  15.92s] axe 32 FX1 dry/wet      1606 / 4095
[  15.92s] axe 32 FX1 dry/wet      1587 / 4095
[  15.92s] axe 32 FX1 dry/wet      1569 / 4095
[  15.92s] axe 32 FX1 dry/wet      1549 / 4095
[  15.92s] axe 32 FX1 dry/wet      1528 / 4095
[  15.93s] axe 32 FX1 dry/wet      1508 / 4095
[  15.93s] axe 32 FX1 dry/wet      1490 / 4095
[  15.93s] axe 32 FX1 dry/wet      1472 / 4095
[  15.93s] axe 32 FX1 dry/wet      1449 / 4095
[  15.94s] axe 32 FX1 dry/wet      1429 / 4095
[  15.94s] axe 32 FX1 dry/wet      1410 / 4095
[  15.94s] axe 32 FX1 dry/wet      1391 / 4095
[  15.94s] axe 32 FX1 dry/wet      1371 / 4095
[  15.94s] axe 32 FX1 dry/wet      1351 / 4095
[  15.95s] axe 32 FX1 dry/wet      1333 / 4095
[  15.95s] axe 32 FX1 dry/wet      1314 / 4095
[  15.95s] axe 32 FX1 dry/wet      1293 / 4095
[  15.95s] axe 32 FX1 dry/wet      1273 / 4095
[  15.95s] axe 32 FX1 dry/wet      1254 / 4095
[  15.96s] axe 32 FX1 dry/wet      1234 / 4095
[  15.96s] axe 32 FX1 dry/wet      1215 / 4095
[  15.96s] axe 32 FX1 dry/wet      1198 / 4095
[  15.96s] axe 32 FX1 dry/wet      1182 / 4095
[  15.97s] axe 32 FX1 dry/wet      1164 / 4095
[  15.97s] axe 32 FX1 dry/wet      1146 / 4095
[  15.97s] axe 32 FX1 dry/wet      1129 / 4095
[  15.97s] axe 32 FX1 dry/wet      1112 / 4095
[  15.97s] axe 32 FX1 dry/wet      1096 / 4095
[  15.98s] axe 32 FX1 dry/wet      1079 / 4095
[  15.98s] axe 32 FX1 dry/wet      1062 / 4095
[  15.98s] axe 32 FX1 dry/wet      1047 / 4095
[  15.98s] axe 32 FX1 dry/wet      1031 / 4095
[  15.98s] axe 32 FX1 dry/wet      1013 / 4095
[  15.99s] axe 32 FX1 dry/wet       996 / 4095
[  15.99s] axe 32 FX1 dry/wet       979 / 4095
[  15.99s] axe 32 FX1 dry/wet       964 / 4095
[  15.99s] axe 32 FX1 dry/wet       948 / 4095
[  16.00s] axe 32 FX1 dry/wet       932 / 4095
[  16.00s] axe 32 FX1 dry/wet       915 / 4095
[  16.00s] axe 32 FX1 dry/wet       899 / 4095
[  16.00s] axe 32 FX1 dry/wet       884 / 4095
[  16.00s] axe 32 FX1 dry/wet       867 / 4095
[  16.01s] axe 32 FX1 dry/wet       850 / 4095
[  16.01s] axe 32 FX1 dry/wet       831 / 4095
[  16.01s] axe 32 FX1 dry/wet       815 / 4095
[  16.01s] axe 32 FX1 dry/wet       800 / 4095
[  16.02s] axe 32 FX1 dry/wet       783 / 4095
[  16.02s] axe 32 FX1 dry/wet       766 / 4095
[  16.02s] axe 32 FX1 dry/wet       749 / 4095
[  16.02s] axe 32 FX1 dry/wet       731 / 4095
[  16.02s] axe 32 FX1 dry/wet       715 / 4095
[  16.03s] axe 32 FX1 dry/wet       700 / 4095
[  16.03s] axe 32 FX1 dry/wet       682 / 4095
[  16.03s] axe 32 FX1 dry/wet       663 / 4095
[  16.03s] axe 32 FX1 dry/wet       646 / 4095
[  16.04s] axe 32 FX1 dry/wet       627 / 4095
[  16.04s] axe 32 FX1 dry/wet       608 / 4095
[  16.04s] axe 32 FX1 dry/wet       590 / 4095
[  16.04s] axe 32 FX1 dry/wet       570 / 4095
[  16.04s] axe 32 FX1 dry/wet       551 / 4095
[  16.05s] axe 32 FX1 dry/wet       535 / 4095
[  16.05s] axe 32 FX1 dry/wet       517 / 4095
[  16.05s] axe 32 FX1 dry/wet       500 / 4095
[  16.05s] axe 32 FX1 dry/wet       481 / 4095
[  16.05s] axe 32 FX1 dry/wet       460 / 4095
[  16.06s] axe 32 FX1 dry/wet       442 / 4095
[  16.06s] axe 32 FX1 dry/wet       425 / 4095
[  16.06s] axe 32 FX1 dry/wet       408 / 4095
[  16.06s] axe 32 FX1 dry/wet       388 / 4095
[  16.07s] axe 32 FX1 dry/wet       366 / 4095
[  16.07s] axe 32 FX1 dry/wet       347 / 4095
[  16.07s] axe 32 FX1 dry/wet       325 / 4095
[  16.07s] axe 32 FX1 dry/wet       307 / 4095
[  16.07s] axe 32 FX1 dry/wet       290 / 4095
[  16.08s] axe 32 FX1 dry/wet       272 / 4095
[  16.08s] axe 32 FX1 dry/wet       251 / 4095
[  16.08s] axe 32 FX1 dry/wet       232 / 4095
[  16.08s] axe 32 FX1 dry/wet       215 / 4095
[  16.09s] axe 32 FX1 dry/wet       194 / 4095
[  16.09s] axe 32 FX1 dry/wet       163 / 4095
[  16.09s] axe 32 FX1 dry/wet       146 / 4095
[  16.09s] axe 32 FX1 dry/wet       128 / 4095
[  16.09s] axe 32 FX1 dry/wet       107 / 4095
[  16.10s] axe 32 FX1 dry/wet        83 / 4095
[  16.10s] axe 32 FX1 dry/wet        64 / 4095
[  16.10s] axe 32 FX1 dry/wet        41 / 4095
[  16.10s] axe 32 FX1 dry/wet        25 / 4095
[  16.11s] axe 32 FX1 dry/wet        13 / 4095
[  16.12s] axe 32 FX1 dry/wet         2 / 4095
[  16.58s] axe 32 FX1 dry/wet        17 / 4095
[  16.58s] axe 32 FX1 dry/wet        31 / 4095
[  16.58s] axe 32 FX1 dry/wet        45 / 4095
[  16.59s] axe 32 FX1 dry/wet        58 / 4095
[  16.59s] axe 32 FX1 dry/wet        72 / 4095
[  16.59s] axe 32 FX1 dry/wet        90 / 4095
[  16.59s] axe 32 FX1 dry/wet       106 / 4095
[  16.59s] axe 32 FX1 dry/wet       120 / 4095
[  16.60s] axe 32 FX1 dry/wet       133 / 4095
[  16.60s] axe 32 FX1 dry/wet       145 / 4095
[  16.60s] axe 32 FX1 dry/wet       163 / 4095
[  16.60s] axe 32 FX1 dry/wet       183 / 4095
[  16.61s] axe 32 FX1 dry/wet       197 / 4095
[  16.61s] axe 32 FX1 dry/wet       212 / 4095
[  16.61s] axe 32 FX1 dry/wet       229 / 4095
[  16.61s] axe 32 FX1 dry/wet       244 / 4095
[  16.61s] axe 32 FX1 dry/wet       263 / 4095
[  16.62s] axe 32 FX1 dry/wet       277 / 4095
[  16.62s] axe 32 FX1 dry/wet       291 / 4095
[  16.62s] axe 32 FX1 dry/wet       307 / 4095
[  16.62s] axe 32 FX1 dry/wet       324 / 4095
[  16.63s] axe 32 FX1 dry/wet       340 / 4095
[  16.63s] axe 32 FX1 dry/wet       359 / 4095
[  16.63s] axe 32 FX1 dry/wet       377 / 4095
[  16.63s] axe 32 FX1 dry/wet       396 / 4095
[  16.64s] axe 32 FX1 dry/wet       412 / 4095
[  16.64s] axe 32 FX1 dry/wet       430 / 4095
[  16.64s] axe 32 FX1 dry/wet       449 / 4095
[  16.64s] axe 32 FX1 dry/wet       467 / 4095
[  16.64s] axe 32 FX1 dry/wet       485 / 4095
[  16.64s] axe 32 FX1 dry/wet       502 / 4095
[  16.65s] axe 32 FX1 dry/wet       518 / 4095
[  16.65s] axe 32 FX1 dry/wet       537 / 4095
[  16.65s] axe 32 FX1 dry/wet       555 / 4095
[  16.65s] axe 32 FX1 dry/wet       574 / 4095
[  16.66s] axe 32 FX1 dry/wet       593 / 4095
[  16.66s] axe 32 FX1 dry/wet       612 / 4095
[  16.66s] axe 32 FX1 dry/wet       632 / 4095
[  16.66s] axe 32 FX1 dry/wet       654 / 4095
[  16.66s] axe 32 FX1 dry/wet       672 / 4095
[  16.67s] axe 32 FX1 dry/wet       690 / 4095
[  16.67s] axe 32 FX1 dry/wet       712 / 4095
[  16.67s] axe 32 FX1 dry/wet       732 / 4095
[  16.67s] axe 32 FX1 dry/wet       754 / 4095
[  16.68s] axe 32 FX1 dry/wet       773 / 4095
[  16.68s] axe 32 FX1 dry/wet       795 / 4095
[  16.68s] axe 32 FX1 dry/wet       818 / 4095
[  16.68s] axe 32 FX1 dry/wet       838 / 4095
[  16.68s] axe 32 FX1 dry/wet       857 / 4095
[  16.69s] axe 32 FX1 dry/wet       876 / 4095
[  16.69s] axe 32 FX1 dry/wet       897 / 4095
[  16.69s] axe 32 FX1 dry/wet       916 / 4095
[  16.69s] axe 32 FX1 dry/wet       934 / 4095
[  16.70s] axe 32 FX1 dry/wet       953 / 4095
[  16.70s] axe 32 FX1 dry/wet       970 / 4095
[  16.70s] axe 32 FX1 dry/wet       989 / 4095
[  16.70s] axe 32 FX1 dry/wet      1006 / 4095
[  16.70s] axe 32 FX1 dry/wet      1024 / 4095
[  16.71s] axe 32 FX1 dry/wet      1042 / 4095
[  16.71s] axe 32 FX1 dry/wet      1059 / 4095
[  16.71s] axe 32 FX1 dry/wet      1075 / 4095
[  16.71s] axe 32 FX1 dry/wet      1091 / 4095
[  16.71s] axe 32 FX1 dry/wet      1107 / 4095
[  16.72s] axe 32 FX1 dry/wet      1124 / 4095
[  16.72s] axe 32 FX1 dry/wet      1140 / 4095
[  16.72s] axe 32 FX1 dry/wet      1154 / 4095
[  16.72s] axe 32 FX1 dry/wet      1168 / 4095
[  16.73s] axe 32 FX1 dry/wet      1182 / 4095
[  16.73s] axe 32 FX1 dry/wet      1198 / 4095
[  16.73s] axe 32 FX1 dry/wet      1212 / 4095
[  16.73s] axe 32 FX1 dry/wet      1227 / 4095
[  16.73s] axe 32 FX1 dry/wet      1243 / 4095
[  16.74s] axe 32 FX1 dry/wet      1257 / 4095
[  16.74s] axe 32 FX1 dry/wet      1273 / 4095
[  16.74s] axe 32 FX1 dry/wet      1288 / 4095
[  16.74s] axe 32 FX1 dry/wet      1301 / 4095
[  16.75s] axe 32 FX1 dry/wet      1313 / 4095
[  16.75s] axe 32 FX1 dry/wet      1328 / 4095
[  16.75s] axe 32 FX1 dry/wet      1344 / 4095
[  16.75s] axe 32 FX1 dry/wet      1359 / 4095
[  16.75s] axe 32 FX1 dry/wet      1372 / 4095
[  16.76s] axe 32 FX1 dry/wet      1386 / 4095
[  16.76s] axe 32 FX1 dry/wet      1401 / 4095
[  16.76s] axe 32 FX1 dry/wet      1417 / 4095
[  16.76s] axe 32 FX1 dry/wet      1432 / 4095
[  16.76s] axe 32 FX1 dry/wet      1446 / 4095
[  16.77s] axe 32 FX1 dry/wet      1460 / 4095
[  16.77s] axe 32 FX1 dry/wet      1474 / 4095
[  16.77s] axe 32 FX1 dry/wet      1487 / 4095
[  16.77s] axe 32 FX1 dry/wet      1501 / 4095
[  16.78s] axe 32 FX1 dry/wet      1514 / 4095
[  16.78s] axe 32 FX1 dry/wet      1527 / 4095
[  16.78s] axe 32 FX1 dry/wet      1540 / 4095
[  16.78s] axe 32 FX1 dry/wet      1554 / 4095
[  16.78s] axe 32 FX1 dry/wet      1567 / 4095
[  16.79s] axe 32 FX1 dry/wet      1579 / 4095
[  16.79s] axe 32 FX1 dry/wet      1592 / 4095
[  16.79s] axe 32 FX1 dry/wet      1604 / 4095
[  16.79s] axe 32 FX1 dry/wet      1616 / 4095
[  16.80s] axe 32 FX1 dry/wet      1629 / 4095
[  16.80s] axe 32 FX1 dry/wet      1640 / 4095
[  16.80s] axe 32 FX1 dry/wet      1651 / 4095
[  16.80s] axe 32 FX1 dry/wet      1671 / 4095
[  16.81s] axe 32 FX1 dry/wet      1690 / 4095
[  16.81s] axe 32 FX1 dry/wet      1706 / 4095
[  16.82s] axe 32 FX1 dry/wet      1722 / 4095
[  16.82s] axe 32 FX1 dry/wet      1738 / 4095
[  16.83s] axe 32 FX1 dry/wet      1754 / 4095
[  16.83s] axe 32 FX1 dry/wet      1769 / 4095
[  16.83s] axe 32 FX1 dry/wet      1784 / 4095
[  16.84s] axe 32 FX1 dry/wet      1800 / 4095
[  16.84s] axe 32 FX1 dry/wet      1811 / 4095
[  16.85s] axe 32 FX1 dry/wet      1824 / 4095
[  16.85s] axe 32 FX1 dry/wet      1838 / 4095
[  16.86s] axe 32 FX1 dry/wet      1851 / 4095
[  16.86s] axe 32 FX1 dry/wet      1866 / 4095
[  16.86s] axe 32 FX1 dry/wet      1880 / 4095
[  16.87s] axe 32 FX1 dry/wet      1895 / 4095
[  16.87s] axe 32 FX1 dry/wet      1911 / 4095
[  16.88s] axe 32 FX1 dry/wet      1932 / 4095
[  16.88s] axe 32 FX1 dry/wet      1943 / 4095
[  16.88s] axe 32 FX1 dry/wet      1956 / 4095
[  16.89s] axe 32 FX1 dry/wet      1972 / 4095
[  16.89s] axe 32 FX1 dry/wet      1983 / 4095
[  16.89s] axe 32 FX1 dry/wet      1999 / 4095
[  16.93s] axe 32 FX1 dry/wet      2010 / 4095
[  17.43s] axe 32 FX1 dry/wet      2023 / 4095
[  17.44s] axe 32 FX1 dry/wet      2036 / 4095
[  17.44s] axe 32 FX1 dry/wet      2049 / 4095
[  17.45s] axe 32 FX1 dry/wet      2064 / 4095
[  17.46s] axe 32 FX1 dry/wet      2080 / 4095
[  17.46s] axe 32 FX1 dry/wet      2096 / 4095
[  17.47s] axe 32 FX1 dry/wet      2118 / 4095
[  17.47s] axe 32 FX1 dry/wet      2131 / 4095
[  17.47s] axe 32 FX1 dry/wet      2143 / 4095
[  17.47s] axe 32 FX1 dry/wet      2156 / 4095
[  17.47s] axe 32 FX1 dry/wet      2168 / 4095
[  17.48s] axe 32 FX1 dry/wet      2183 / 4095
[  17.48s] axe 32 FX1 dry/wet      2200 / 4095
[  17.48s] axe 32 FX1 dry/wet      2218 / 4095
[  17.48s] axe 32 FX1 dry/wet      2235 / 4095
[  17.49s] axe 32 FX1 dry/wet      2250 / 4095
[  17.49s] axe 32 FX1 dry/wet      2269 / 4095
[  17.49s] axe 32 FX1 dry/wet      2286 / 4095
[  17.49s] axe 32 FX1 dry/wet      2305 / 4095
[  17.49s] axe 32 FX1 dry/wet      2324 / 4095
[  17.50s] axe 32 FX1 dry/wet      2343 / 4095
[  17.50s] axe 32 FX1 dry/wet      2362 / 4095
[  17.50s] axe 32 FX1 dry/wet      2381 / 4095
[  17.50s] axe 32 FX1 dry/wet      2399 / 4095
[  17.51s] axe 32 FX1 dry/wet      2420 / 4095
[  17.51s] axe 32 FX1 dry/wet      2440 / 4095
[  17.51s] axe 32 FX1 dry/wet      2460 / 4095
[  17.51s] axe 32 FX1 dry/wet      2480 / 4095
[  17.51s] axe 32 FX1 dry/wet      2499 / 4095
[  17.52s] axe 32 FX1 dry/wet      2520 / 4095
[  17.52s] axe 32 FX1 dry/wet      2540 / 4095
[  17.52s] axe 32 FX1 dry/wet      2563 / 4095
[  17.52s] axe 32 FX1 dry/wet      2585 / 4095
[  17.53s] axe 32 FX1 dry/wet      2606 / 4095
[  17.53s] axe 32 FX1 dry/wet      2626 / 4095
[  17.53s] axe 32 FX1 dry/wet      2646 / 4095
[  17.53s] axe 32 FX1 dry/wet      2667 / 4095
[  17.53s] axe 32 FX1 dry/wet      2688 / 4095
[  17.54s] axe 32 FX1 dry/wet      2708 / 4095
[  17.54s] axe 32 FX1 dry/wet      2728 / 4095
[  17.54s] axe 32 FX1 dry/wet      2749 / 4095
[  17.54s] axe 32 FX1 dry/wet      2769 / 4095
[  17.54s] axe 32 FX1 dry/wet      2789 / 4095
[  17.55s] axe 32 FX1 dry/wet      2809 / 4095
[  17.55s] axe 32 FX1 dry/wet      2827 / 4095
[  17.55s] axe 32 FX1 dry/wet      2844 / 4095
[  17.55s] axe 32 FX1 dry/wet      2861 / 4095
[  17.56s] axe 32 FX1 dry/wet      2880 / 4095
[  17.56s] axe 32 FX1 dry/wet      2899 / 4095
[  17.56s] axe 32 FX1 dry/wet      2916 / 4095
[  17.56s] axe 32 FX1 dry/wet      2933 / 4095
[  17.56s] axe 32 FX1 dry/wet      2950 / 4095
[  17.57s] axe 32 FX1 dry/wet      2968 / 4095
[  17.57s] axe 32 FX1 dry/wet      2986 / 4095
[  17.57s] axe 32 FX1 dry/wet      3006 / 4095
[  17.57s] axe 32 FX1 dry/wet      3027 / 4095
[  17.58s] axe 32 FX1 dry/wet      3045 / 4095
[  17.58s] axe 32 FX1 dry/wet      3064 / 4095
[  17.58s] axe 32 FX1 dry/wet      3086 / 4095
[  17.58s] axe 32 FX1 dry/wet      3105 / 4095
[  17.58s] axe 32 FX1 dry/wet      3125 / 4095
[  17.59s] axe 32 FX1 dry/wet      3144 / 4095
[  17.59s] axe 32 FX1 dry/wet      3161 / 4095
[  17.59s] axe 32 FX1 dry/wet      3179 / 4095
[  17.59s] axe 32 FX1 dry/wet      3198 / 4095
[  17.59s] axe 32 FX1 dry/wet      3217 / 4095
[  17.60s] axe 32 FX1 dry/wet      3235 / 4095
[  17.60s] axe 32 FX1 dry/wet      3251 / 4095
[  17.60s] axe 32 FX1 dry/wet      3267 / 4095
[  17.60s] axe 32 FX1 dry/wet      3284 / 4095
[  17.61s] axe 32 FX1 dry/wet      3301 / 4095
[  17.61s] axe 32 FX1 dry/wet      3317 / 4095
[  17.61s] axe 32 FX1 dry/wet      3332 / 4095
[  17.61s] axe 32 FX1 dry/wet      3347 / 4095
[  17.62s] axe 32 FX1 dry/wet      3363 / 4095
[  17.62s] axe 32 FX1 dry/wet      3378 / 4095
[  17.62s] axe 32 FX1 dry/wet      3391 / 4095
[  17.62s] axe 32 FX1 dry/wet      3404 / 4095
[  17.62s] axe 32 FX1 dry/wet      3415 / 4095
[  17.63s] axe 32 FX1 dry/wet      3427 / 4095
[  17.63s] axe 32 FX1 dry/wet      3441 / 4095
[  17.63s] axe 32 FX1 dry/wet      3455 / 4095
[  17.63s] axe 32 FX1 dry/wet      3468 / 4095
[  17.63s] axe 32 FX1 dry/wet      3480 / 4095
[  17.64s] axe 32 FX1 dry/wet      3493 / 4095
[  17.64s] axe 32 FX1 dry/wet      3505 / 4095
[  17.64s] axe 32 FX1 dry/wet      3523 / 4095
[  17.65s] axe 32 FX1 dry/wet      3544 / 4095
[  17.65s] axe 32 FX1 dry/wet      3563 / 4095
[  17.66s] axe 32 FX1 dry/wet      3584 / 4095
[  17.66s] axe 32 FX1 dry/wet      3595 / 4095
[  17.66s] axe 32 FX1 dry/wet      3612 / 4095
[  17.67s] axe 32 FX1 dry/wet      3627 / 4095
[  17.67s] axe 32 FX1 dry/wet      3641 / 4095
[  17.68s] axe 32 FX1 dry/wet      3656 / 4095
[  17.68s] axe 32 FX1 dry/wet      3669 / 4095
[  17.69s] axe 32 FX1 dry/wet      3684 / 4095
[  17.69s] axe 32 FX1 dry/wet      3701 / 4095
[  17.69s] axe 32 FX1 dry/wet      3715 / 4095
[  17.70s] axe 32 FX1 dry/wet      3728 / 4095
[  17.70s] axe 32 FX1 dry/wet      3740 / 4095
[  17.71s] axe 32 FX1 dry/wet      3751 / 4095
[  17.71s] axe 32 FX1 dry/wet      3767 / 4095
[  17.72s] axe 32 FX1 dry/wet      3779 / 4095
[  17.72s] axe 32 FX1 dry/wet      3796 / 4095
[  17.73s] axe 32 FX1 dry/wet      3812 / 4095
[  17.73s] axe 32 FX1 dry/wet      3827 / 4095
[  17.73s] axe 32 FX1 dry/wet      3844 / 4095
[  17.74s] axe 32 FX1 dry/wet      3861 / 4095
[  17.74s] axe 32 FX1 dry/wet      3880 / 4095
[  17.75s] axe 32 FX1 dry/wet      3896 / 4095
[  17.75s] axe 32 FX1 dry/wet      3915 / 4095
[  17.76s] axe 32 FX1 dry/wet      3932 / 4095
[  17.76s] axe 32 FX1 dry/wet      3952 / 4095
[  17.76s] axe 32 FX1 dry/wet      3963 / 4095
[  17.77s] axe 32 FX1 dry/wet      3983 / 4095
[  17.77s] axe 32 FX1 dry/wet      3995 / 4095
[  17.77s] axe 32 FX1 dry/wet      4007 / 4095
[  17.77s] axe 32 FX1 dry/wet      4020 / 4095
[  17.78s] axe 32 FX1 dry/wet      4033 / 4095
[  17.78s] axe 32 FX1 dry/wet      4046 / 4095
[  17.78s] axe 32 FX1 dry/wet      4060 / 4095
[  17.78s] axe 32 FX1 dry/wet      4075 / 4095
[  17.78s] axe 32 FX1 dry/wet      4090 / 4095
[  18.29s] axe 32 FX1 dry/wet      4061 / 4095
[  18.29s] … 2424 blocs recus depuis 3 s, aucun changement (total 12596)
[  18.29s] axe 32 FX1 dry/wet      4044 / 4095
[  18.29s] axe 32 FX1 dry/wet      4026 / 4095
[  18.30s] axe 32 FX1 dry/wet      4007 / 4095
[  18.30s] axe 32 FX1 dry/wet      3990 / 4095
[  18.30s] axe 32 FX1 dry/wet      3974 / 4095
[  18.30s] axe 32 FX1 dry/wet      3956 / 4095
[  18.30s] axe 32 FX1 dry/wet      3940 / 4095
[  18.31s] axe 32 FX1 dry/wet      3923 / 4095
[  18.31s] axe 32 FX1 dry/wet      3906 / 4095
[  18.31s] axe 32 FX1 dry/wet      3891 / 4095
[  18.31s] axe 32 FX1 dry/wet      3875 / 4095
[  18.32s] axe 32 FX1 dry/wet      3857 / 4095
[  18.32s] axe 32 FX1 dry/wet      3841 / 4095
[  18.32s] axe 32 FX1 dry/wet      3826 / 4095
[  18.32s] axe 32 FX1 dry/wet      3810 / 4095
[  18.32s] axe 32 FX1 dry/wet      3793 / 4095
[  18.33s] axe 32 FX1 dry/wet      3778 / 4095
[  18.33s] axe 32 FX1 dry/wet      3766 / 4095
[  18.33s] axe 32 FX1 dry/wet      3754 / 4095
[  18.33s] axe 32 FX1 dry/wet      3743 / 4095
[  18.33s] axe 32 FX1 dry/wet      3730 / 4095
[  18.34s] axe 32 FX1 dry/wet      3716 / 4095
[  18.34s] axe 32 FX1 dry/wet      3699 / 4095
[  18.34s] axe 32 FX1 dry/wet      3684 / 4095
[  18.34s] axe 32 FX1 dry/wet      3671 / 4095
[  18.35s] axe 32 FX1 dry/wet      3659 / 4095
[  18.35s] axe 32 FX1 dry/wet      3647 / 4095
[  18.35s] axe 32 FX1 dry/wet      3634 / 4095
[  18.35s] axe 32 FX1 dry/wet      3622 / 4095
[  18.36s] axe 32 FX1 dry/wet      3609 / 4095
[  18.36s] axe 32 FX1 dry/wet      3595 / 4095
[  18.36s] axe 32 FX1 dry/wet      3581 / 4095
[  18.36s] axe 32 FX1 dry/wet      3569 / 4095
[  18.36s] axe 32 FX1 dry/wet      3557 / 4095
[  18.37s] axe 32 FX1 dry/wet      3545 / 4095
[  18.37s] axe 32 FX1 dry/wet      3524 / 4095
[  18.37s] axe 32 FX1 dry/wet      3513 / 4095
[  18.37s] axe 32 FX1 dry/wet      3500 / 4095
[  18.38s] axe 32 FX1 dry/wet      3488 / 4095
[  18.38s] axe 32 FX1 dry/wet      3476 / 4095
[  18.38s] axe 32 FX1 dry/wet      3462 / 4095
[  18.38s] axe 32 FX1 dry/wet      3448 / 4095
[  18.38s] axe 32 FX1 dry/wet      3435 / 4095
[  18.39s] axe 32 FX1 dry/wet      3415 / 4095
[  18.39s] axe 32 FX1 dry/wet      3404 / 4095
[  18.39s] axe 32 FX1 dry/wet      3392 / 4095
[  18.40s] axe 32 FX1 dry/wet      3379 / 4095
[  18.40s] axe 32 FX1 dry/wet      3367 / 4095
[  18.40s] axe 32 FX1 dry/wet      3356 / 4095
[  18.40s] axe 32 FX1 dry/wet      3345 / 4095
[  18.40s] axe 32 FX1 dry/wet      3333 / 4095
[  18.41s] axe 32 FX1 dry/wet      3321 / 4095
[  18.41s] axe 32 FX1 dry/wet      3309 / 4095
[  18.41s] axe 32 FX1 dry/wet      3297 / 4095
[  18.41s] axe 32 FX1 dry/wet      3286 / 4095
[  18.42s] axe 32 FX1 dry/wet      3267 / 4095
[  18.42s] axe 32 FX1 dry/wet      3250 / 4095
[  18.42s] axe 32 FX1 dry/wet      3239 / 4095
[  18.43s] axe 32 FX1 dry/wet      3228 / 4095
[  18.43s] axe 32 FX1 dry/wet      3217 / 4095
[  18.43s] axe 32 FX1 dry/wet      3198 / 4095
[  18.44s] axe 32 FX1 dry/wet      3181 / 4095
[  18.44s] axe 32 FX1 dry/wet      3166 / 4095
[  18.45s] axe 32 FX1 dry/wet      3150 / 4095
[  18.45s] axe 32 FX1 dry/wet      3134 / 4095
[  18.45s] axe 32 FX1 dry/wet      3117 / 4095
[  18.46s] axe 32 FX1 dry/wet      3102 / 4095
[  18.46s] axe 32 FX1 dry/wet      3088 / 4095
[  18.47s] axe 32 FX1 dry/wet      3076 / 4095
[  18.47s] axe 32 FX1 dry/wet      3063 / 4095
[  18.48s] axe 32 FX1 dry/wet      3049 / 4095
[  18.48s] axe 32 FX1 dry/wet      3037 / 4095
[  18.48s] axe 32 FX1 dry/wet      3024 / 4095
[  18.49s] axe 32 FX1 dry/wet      3011 / 4095
[  18.49s] axe 32 FX1 dry/wet      2998 / 4095
[  18.50s] axe 32 FX1 dry/wet      2985 / 4095
[  18.50s] axe 32 FX1 dry/wet      2969 / 4095
[  18.51s] axe 32 FX1 dry/wet      2958 / 4095
[  18.52s] axe 32 FX1 dry/wet      2944 / 4095
[  18.52s] axe 32 FX1 dry/wet      2931 / 4095
[  18.53s] axe 32 FX1 dry/wet      2916 / 4095
[  18.53s] axe 32 FX1 dry/wet      2900 / 4095
[  18.54s] axe 32 FX1 dry/wet      2887 / 4095
[  18.55s] axe 32 FX1 dry/wet      2873 / 4095
[  18.55s] axe 32 FX1 dry/wet      2860 / 4095
[  18.56s] axe 32 FX1 dry/wet      2845 / 4095
[  18.57s] axe 32 FX1 dry/wet      2832 / 4095
[  18.57s] axe 32 FX1 dry/wet      2819 / 4095
[  18.58s] axe 32 FX1 dry/wet      2807 / 4095
[  18.59s] axe 32 FX1 dry/wet      2794 / 4095
[  18.59s] axe 32 FX1 dry/wet      2780 / 4095
[  18.60s] axe 32 FX1 dry/wet      2767 / 4095
[  18.61s] axe 32 FX1 dry/wet      2753 / 4095
[  18.61s] axe 32 FX1 dry/wet      2740 / 4095
[  18.62s] axe 32 FX1 dry/wet      2728 / 4095
[  18.63s] axe 32 FX1 dry/wet      2715 / 4095
[  18.63s] axe 32 FX1 dry/wet      2699 / 4095
[  18.64s] axe 32 FX1 dry/wet      2683 / 4095
[  18.65s] axe 32 FX1 dry/wet      2669 / 4095
[  18.65s] axe 32 FX1 dry/wet      2655 / 4095
[  18.66s] axe 32 FX1 dry/wet      2641 / 4095
[  18.67s] axe 32 FX1 dry/wet      2625 / 4095
[  18.67s] axe 32 FX1 dry/wet      2614 / 4095
[  18.67s] axe 32 FX1 dry/wet      2601 / 4095
[  18.68s] axe 32 FX1 dry/wet      2587 / 4095
[  18.68s] axe 32 FX1 dry/wet      2572 / 4095
[  18.69s] axe 32 FX1 dry/wet      2560 / 4095
[  18.69s] axe 32 FX1 dry/wet      2546 / 4095
[  18.70s] axe 32 FX1 dry/wet      2533 / 4095
[  18.70s] axe 32 FX1 dry/wet      2522 / 4095
[  18.71s] axe 32 FX1 dry/wet      2511 / 4095
[  18.71s] axe 32 FX1 dry/wet      2495 / 4095
[  18.72s] axe 32 FX1 dry/wet      2484 / 4095
[  18.72s] axe 32 FX1 dry/wet      2470 / 4095
[  18.73s] axe 32 FX1 dry/wet      2459 / 4095
[  18.73s] axe 32 FX1 dry/wet      2448 / 4095
[  18.74s] axe 32 FX1 dry/wet      2435 / 4095
[  18.74s] axe 32 FX1 dry/wet      2421 / 4095
[  18.75s] axe 32 FX1 dry/wet      2408 / 4095
[  18.76s] axe 32 FX1 dry/wet      2395 / 4095
[  18.76s] axe 32 FX1 dry/wet      2383 / 4095
[  18.77s] axe 32 FX1 dry/wet      2370 / 4095
[  18.77s] axe 32 FX1 dry/wet      2359 / 4095
[  18.78s] axe 32 FX1 dry/wet      2346 / 4095
[  18.79s] axe 32 FX1 dry/wet      2334 / 4095
[  18.79s] axe 32 FX1 dry/wet      2323 / 4095
[  18.80s] axe 32 FX1 dry/wet      2312 / 4095
[  18.81s] axe 32 FX1 dry/wet      2298 / 4095
[  18.82s] axe 32 FX1 dry/wet      2285 / 4095
[  18.82s] axe 32 FX1 dry/wet      2273 / 4095
[  18.83s] axe 32 FX1 dry/wet      2261 / 4095
[  18.84s] axe 32 FX1 dry/wet      2249 / 4095
[  18.85s] axe 32 FX1 dry/wet      2236 / 4095
[  18.85s] axe 32 FX1 dry/wet      2221 / 4095
[  18.86s] axe 32 FX1 dry/wet      2209 / 4095
[  18.87s] axe 32 FX1 dry/wet      2196 / 4095
[  18.88s] axe 32 FX1 dry/wet      2185 / 4095
[  18.89s] axe 32 FX1 dry/wet      2173 / 4095
[  18.89s] axe 32 FX1 dry/wet      2160 / 4095
[  18.90s] axe 32 FX1 dry/wet      2148 / 4095
[  18.91s] axe 32 FX1 dry/wet      2134 / 4095
[  18.91s] axe 32 FX1 dry/wet      2122 / 4095
[  18.92s] axe 32 FX1 dry/wet      2107 / 4095
[  18.92s] axe 32 FX1 dry/wet      2092 / 4095
[  18.92s] axe 32 FX1 dry/wet      2073 / 4095
[  18.93s] axe 32 FX1 dry/wet      2061 / 4095
[  18.93s] axe 32 FX1 dry/wet      2043 / 4095
[  18.94s] axe 32 FX1 dry/wet      2032 / 4095
[  18.98s] axe 32 FX1 dry/wet      2021 / 4095
[  19.01s] axe 32 FX1 dry/wet      2010 / 4095
[  19.94s] axe 19 FX2 3            2099 / 4095
[  19.97s] axe 19 FX2 3            2088 / 4095
[  19.98s] axe 19 FX2 3            2077 / 4095
[  19.99s] axe 19 FX2 3            2064 / 4095
[  20.00s] axe 19 FX2 3            2050 / 4095
[  20.00s] axe 19 FX2 3            2038 / 4095
[  20.01s] axe 19 FX2 3            2024 / 4095
[  20.01s] axe 19 FX2 3            2008 / 4095
[  20.02s] axe 19 FX2 3            1993 / 4095
[  20.02s] axe 19 FX2 3            1973 / 4095
[  20.02s] axe 19 FX2 3            1960 / 4095
[  20.03s] axe 19 FX2 3            1946 / 4095
[  20.03s] axe 19 FX2 3            1932 / 4095
[  20.03s] axe 19 FX2 3            1918 / 4095
[  20.03s] axe 19 FX2 3            1902 / 4095
[  20.04s] axe 19 FX2 3            1885 / 4095
[  20.04s] axe 19 FX2 3            1865 / 4095
[  20.04s] axe 19 FX2 3            1847 / 4095
[  20.04s] axe 19 FX2 3            1829 / 4095
[  20.04s] axe 19 FX2 3            1811 / 4095
[  20.05s] axe 19 FX2 3            1794 / 4095
[  20.05s] axe 19 FX2 3            1775 / 4095
[  20.05s] axe 19 FX2 3            1757 / 4095
[  20.05s] axe 19 FX2 3            1740 / 4095
[  20.05s] axe 19 FX2 3            1721 / 4095
[  20.06s] axe 19 FX2 3            1704 / 4095
[  20.06s] axe 19 FX2 3            1688 / 4095
[  20.06s] axe 19 FX2 3            1673 / 4095
[  20.06s] axe 19 FX2 3            1656 / 4095
[  20.07s] axe 19 FX2 3            1639 / 4095
[  20.07s] axe 19 FX2 3            1622 / 4095
[  20.07s] axe 19 FX2 3            1605 / 4095
[  20.07s] axe 19 FX2 3            1590 / 4095
[  20.07s] axe 19 FX2 3            1575 / 4095
[  20.08s] axe 19 FX2 3            1560 / 4095
[  20.08s] axe 19 FX2 3            1545 / 4095
[  20.08s] axe 19 FX2 3            1529 / 4095
[  20.08s] axe 19 FX2 3            1513 / 4095
[  20.08s] axe 19 FX2 3            1497 / 4095
[  20.09s] axe 19 FX2 3            1482 / 4095
[  20.09s] axe 19 FX2 3            1466 / 4095
[  20.09s] axe 19 FX2 3            1452 / 4095
[  20.09s] axe 19 FX2 3            1438 / 4095
[  20.10s] axe 19 FX2 3            1421 / 4095
[  20.10s] axe 19 FX2 3            1408 / 4095
[  20.10s] axe 19 FX2 3            1395 / 4095
[  20.10s] axe 19 FX2 3            1381 / 4095
[  20.11s] axe 19 FX2 3            1368 / 4095
[  20.11s] axe 19 FX2 3            1355 / 4095
[  20.11s] axe 19 FX2 3            1342 / 4095
[  20.11s] axe 19 FX2 3            1331 / 4095
[  20.11s] axe 19 FX2 3            1317 / 4095
[  20.12s] axe 19 FX2 3            1304 / 4095
[  20.12s] axe 19 FX2 3            1291 / 4095
[  20.12s] axe 19 FX2 3            1277 / 4095
[  20.13s] axe 19 FX2 3            1264 / 4095
[  20.13s] axe 19 FX2 3            1249 / 4095
[  20.13s] axe 19 FX2 3            1232 / 4095
[  20.13s] axe 19 FX2 3            1219 / 4095
[  20.13s] axe 19 FX2 3            1206 / 4095
[  20.13s] axe 19 FX2 3            1192 / 4095
[  20.14s] axe 19 FX2 3            1179 / 4095
[  20.14s] axe 19 FX2 3            1167 / 4095
[  20.14s] axe 19 FX2 3            1154 / 4095
[  20.14s] axe 19 FX2 3            1141 / 4095
[  20.15s] axe 19 FX2 3            1128 / 4095
[  20.15s] axe 19 FX2 3            1114 / 4095
[  20.15s] axe 19 FX2 3            1100 / 4095
[  20.15s] axe 19 FX2 3            1087 / 4095
[  20.15s] axe 19 FX2 3            1073 / 4095
[  20.16s] axe 19 FX2 3            1061 / 4095
[  20.16s] axe 19 FX2 3            1047 / 4095
[  20.16s] axe 19 FX2 3            1034 / 4095
[  20.16s] axe 19 FX2 3            1020 / 4095
[  20.16s] axe 19 FX2 3            1007 / 4095
[  20.17s] axe 19 FX2 3             993 / 4095
[  20.17s] axe 19 FX2 3             979 / 4095
[  20.17s] axe 19 FX2 3             966 / 4095
[  20.17s] axe 19 FX2 3             954 / 4095
[  20.18s] axe 19 FX2 3             942 / 4095
[  20.18s] axe 19 FX2 3             929 / 4095
[  20.18s] axe 19 FX2 3             917 / 4095
[  20.18s] axe 19 FX2 3             901 / 4095
[  20.19s] axe 19 FX2 3             872 / 4095
[  20.19s] axe 19 FX2 3             861 / 4095
[  20.19s] axe 19 FX2 3             849 / 4095
[  20.19s] axe 19 FX2 3             835 / 4095
[  20.20s] axe 19 FX2 3             822 / 4095
[  20.20s] axe 19 FX2 3             808 / 4095
[  20.20s] axe 19 FX2 3             794 / 4095
[  20.20s] axe 19 FX2 3             783 / 4095
[  20.21s] axe 19 FX2 3             762 / 4095
[  20.21s] axe 19 FX2 3             741 / 4095
[  20.21s] axe 19 FX2 3             729 / 4095
[  20.22s] axe 19 FX2 3             717 / 4095
[  20.22s] axe 19 FX2 3             706 / 4095
[  20.22s] axe 19 FX2 3             685 / 4095
[  20.22s] axe 19 FX2 3             674 / 4095
[  20.23s] axe 19 FX2 3             653 / 4095
[  20.23s] axe 19 FX2 3             641 / 4095
[  20.23s] axe 19 FX2 3             629 / 4095
[  20.24s] axe 19 FX2 3             608 / 4095
[  20.24s] axe 19 FX2 3             588 / 4095
[  20.25s] axe 19 FX2 3             568 / 4095
[  20.25s] axe 19 FX2 3             548 / 4095
[  20.25s] axe 19 FX2 3             537 / 4095
[  20.25s] axe 19 FX2 3             525 / 4095
[  20.26s] axe 19 FX2 3             514 / 4095
[  20.26s] axe 19 FX2 3             502 / 4095
[  20.26s] axe 19 FX2 3             482 / 4095
[  20.27s] axe 19 FX2 3             463 / 4095
[  20.27s] axe 19 FX2 3             444 / 4095
[  20.28s] axe 19 FX2 3             424 / 4095
[  20.28s] axe 19 FX2 3             405 / 4095
[  20.29s] axe 19 FX2 3             385 / 4095
[  20.29s] axe 19 FX2 3             366 / 4095
[  20.29s] axe 19 FX2 3             348 / 4095
[  20.30s] axe 19 FX2 3             330 / 4095
[  20.30s] axe 19 FX2 3             319 / 4095
[  20.30s] axe 19 FX2 3             308 / 4095
[  20.31s] axe 19 FX2 3             289 / 4095
[  20.31s] axe 19 FX2 3             268 / 4095
[  20.32s] axe 19 FX2 3             257 / 4095
[  20.32s] axe 19 FX2 3             236 / 4095
[  20.32s] axe 19 FX2 3             225 / 4095
[  20.33s] axe 19 FX2 3             199 / 4095
[  20.33s] axe 19 FX2 3             186 / 4095
[  20.33s] axe 19 FX2 3             172 / 4095
[  20.33s] axe 19 FX2 3             160 / 4095
[  20.34s] axe 19 FX2 3             140 / 4095
[  20.34s] axe 19 FX2 3             120 / 4095
[  20.34s] axe 19 FX2 3             109 / 4095
[  20.35s] axe 19 FX2 3              98 / 4095
[  20.35s] axe 19 FX2 3              86 / 4095
[  20.35s] axe 19 FX2 3              75 / 4095
[  20.35s] axe 19 FX2 3              64 / 4095
[  20.35s] axe 19 FX2 3              53 / 4095
[  20.36s] axe 19 FX2 3              39 / 4095
[  20.36s] axe 19 FX2 3              27 / 4095
[  20.36s] axe 19 FX2 3              14 / 4095
[  20.38s] axe 19 FX2 3               3 / 4095
[  20.85s] axe 19 FX2 3              18 / 4095
[  20.86s] axe 19 FX2 3              32 / 4095
[  20.86s] axe 19 FX2 3              47 / 4095
[  20.86s] axe 19 FX2 3              61 / 4095
[  20.86s] axe 19 FX2 3              75 / 4095
[  20.87s] axe 19 FX2 3              90 / 4095
[  20.87s] axe 19 FX2 3             104 / 4095
[  20.87s] axe 19 FX2 3             118 / 4095
[  20.87s] axe 19 FX2 3             132 / 4095
[  20.87s] axe 19 FX2 3             145 / 4095
[  20.88s] axe 19 FX2 3             161 / 4095
[  20.88s] axe 19 FX2 3             179 / 4095
[  20.88s] axe 19 FX2 3             195 / 4095
[  20.88s] axe 19 FX2 3             210 / 4095
[  20.88s] axe 19 FX2 3             226 / 4095
[  20.89s] axe 19 FX2 3             240 / 4095
[  20.89s] axe 19 FX2 3             257 / 4095
[  20.89s] axe 19 FX2 3             273 / 4095
[  20.89s] axe 19 FX2 3             288 / 4095
[  20.90s] axe 19 FX2 3             306 / 4095
[  20.90s] axe 19 FX2 3             323 / 4095
[  20.90s] axe 19 FX2 3             340 / 4095
[  20.90s] axe 19 FX2 3             355 / 4095
[  20.90s] axe 19 FX2 3             372 / 4095
[  20.91s] axe 19 FX2 3             388 / 4095
[  20.91s] axe 19 FX2 3             404 / 4095
[  20.91s] axe 19 FX2 3             420 / 4095
[  20.91s] axe 19 FX2 3             436 / 4095
[  20.91s] axe 19 FX2 3             451 / 4095
[  20.92s] axe 19 FX2 3             467 / 4095
[  20.92s] axe 19 FX2 3             483 / 4095
[  20.92s] axe 19 FX2 3             499 / 4095
[  20.92s] axe 19 FX2 3             517 / 4095
[  20.93s] axe 19 FX2 3             533 / 4095
[  20.93s] axe 19 FX2 3             548 / 4095
[  20.93s] axe 19 FX2 3             563 / 4095
[  20.93s] axe 19 FX2 3             579 / 4095
[  20.93s] axe 19 FX2 3             593 / 4095
[  20.94s] axe 19 FX2 3             608 / 4095
[  20.94s] axe 19 FX2 3             624 / 4095
[  20.94s] axe 19 FX2 3             639 / 4095
[  20.94s] axe 19 FX2 3             652 / 4095
[  20.95s] axe 19 FX2 3             666 / 4095
[  20.95s] axe 19 FX2 3             681 / 4095
[  20.95s] axe 19 FX2 3             696 / 4095
[  20.95s] axe 19 FX2 3             711 / 4095
[  20.96s] axe 19 FX2 3             725 / 4095
[  20.96s] axe 19 FX2 3             737 / 4095
[  20.96s] axe 19 FX2 3             749 / 4095
[  20.96s] axe 19 FX2 3             762 / 4095
[  20.96s] axe 19 FX2 3             775 / 4095
[  20.96s] axe 19 FX2 3             789 / 4095
[  20.97s] axe 19 FX2 3             804 / 4095
[  20.97s] axe 19 FX2 3             820 / 4095
[  20.97s] axe 19 FX2 3             833 / 4095
[  20.97s] axe 19 FX2 3             845 / 4095
[  20.98s] axe 19 FX2 3             859 / 4095
[  20.98s] axe 19 FX2 3             873 / 4095
[  20.98s] axe 19 FX2 3             886 / 4095
[  20.98s] axe 19 FX2 3             899 / 4095
[  20.98s] axe 19 FX2 3             913 / 4095
[  20.99s] axe 19 FX2 3             926 / 4095
[  20.99s] axe 19 FX2 3             937 / 4095
[  20.99s] axe 19 FX2 3             949 / 4095
[  20.99s] axe 19 FX2 3             966 / 4095
[  21.00s] axe 19 FX2 3             987 / 4095
[  21.00s] axe 19 FX2 3             998 / 4095
[  21.00s] axe 19 FX2 3            1011 / 4095
[  21.00s] axe 19 FX2 3            1025 / 4095
[  21.01s] axe 19 FX2 3            1036 / 4095
[  21.01s] axe 19 FX2 3            1049 / 4095
[  21.01s] axe 19 FX2 3            1061 / 4095
[  21.01s] axe 19 FX2 3            1073 / 4095
[  21.01s] axe 19 FX2 3            1084 / 4095
[  21.02s] axe 19 FX2 3            1095 / 4095
[  21.02s] axe 19 FX2 3            1117 / 4095
[  21.02s] axe 19 FX2 3            1128 / 4095
[  21.03s] axe 19 FX2 3            1139 / 4095
[  21.03s] axe 19 FX2 3            1157 / 4095
[  21.03s] axe 19 FX2 3            1179 / 4095
[  21.04s] axe 19 FX2 3            1190 / 4095
[  21.04s] axe 19 FX2 3            1208 / 4095
[  21.04s] axe 19 FX2 3            1227 / 4095
[  21.05s] axe 19 FX2 3            1245 / 4095
[  21.05s] axe 19 FX2 3            1263 / 4095
[  21.06s] axe 19 FX2 3            1278 / 4095
[  21.06s] axe 19 FX2 3            1296 / 4095
[  21.07s] axe 19 FX2 3            1312 / 4095
[  21.07s] axe 19 FX2 3            1325 / 4095
[  21.08s] axe 19 FX2 3            1338 / 4095
[  21.08s] axe 19 FX2 3            1352 / 4095
[  21.08s] axe 19 FX2 3            1367 / 4095
[  21.09s] axe 19 FX2 3            1381 / 4095
[  21.09s] axe 19 FX2 3            1393 / 4095
[  21.10s] axe 19 FX2 3            1406 / 4095
[  21.10s] axe 19 FX2 3            1421 / 4095
[  21.11s] axe 19 FX2 3            1436 / 4095
[  21.11s] axe 19 FX2 3            1450 / 4095
[  21.11s] axe 19 FX2 3            1465 / 4095
[  21.12s] axe 19 FX2 3            1480 / 4095
[  21.12s] axe 19 FX2 3            1500 / 4095
[  21.13s] axe 19 FX2 3            1518 / 4095
[  21.13s] axe 19 FX2 3            1534 / 4095
[  21.14s] axe 19 FX2 3            1552 / 4095
[  21.14s] axe 19 FX2 3            1568 / 4095
[  21.14s] axe 19 FX2 3            1583 / 4095
[  21.15s] axe 19 FX2 3            1599 / 4095
[  21.16s] axe 19 FX2 3            1617 / 4095
[  21.16s] axe 19 FX2 3            1635 / 4095
[  21.16s] axe 19 FX2 3            1658 / 4095
[  21.17s] axe 19 FX2 3            1672 / 4095
[  21.17s] axe 19 FX2 3            1687 / 4095
[  21.18s] axe 19 FX2 3            1704 / 4095
[  21.18s] axe 19 FX2 3            1718 / 4095
[  21.19s] axe 19 FX2 3            1730 / 4095
[  21.19s] axe 19 FX2 3            1741 / 4095
[  21.19s] axe 19 FX2 3            1755 / 4095
[  21.20s] axe 19 FX2 3            1767 / 4095
[  21.20s] axe 19 FX2 3            1778 / 4095
[  21.21s] axe 19 FX2 3            1790 / 4095
[  21.21s] axe 19 FX2 3            1804 / 4095
[  21.22s] axe 19 FX2 3            1818 / 4095
[  21.22s] axe 19 FX2 3            1831 / 4095
[  21.22s] axe 19 FX2 3            1848 / 4095
[  21.23s] axe 19 FX2 3            1866 / 4095
[  21.23s] axe 19 FX2 3            1882 / 4095
[  21.24s] axe 19 FX2 3            1897 / 4095
[  21.24s] axe 19 FX2 3            1912 / 4095
[  21.25s] axe 19 FX2 3            1927 / 4095
[  21.25s] axe 19 FX2 3            1945 / 4095
[  21.25s] axe 19 FX2 3            1965 / 4095
[  21.26s] axe 19 FX2 3            1981 / 4095
[  21.26s] axe 19 FX2 3            1996 / 4095
[  21.27s] axe 19 FX2 3            2012 / 4095
[  21.27s] axe 19 FX2 3            2029 / 4095
[  21.28s] axe 19 FX2 3            2052 / 4095
[  21.28s] axe 19 FX2 3            2067 / 4095
[  21.28s] axe 19 FX2 3            2081 / 4095
[  21.29s] axe 19 FX2 3            2097 / 4095
[  21.29s] axe 19 FX2 3            2108 / 4095
[  21.29s] … 2586 blocs recus depuis 3 s, aucun changement (total 15182)
[  21.73s] axe 19 FX2 3            2119 / 4095
[  21.74s] axe 19 FX2 3            2130 / 4095
[  21.76s] axe 19 FX2 3            2141 / 4095
[  21.77s] axe 19 FX2 3            2155 / 4095
[  21.77s] axe 19 FX2 3            2169 / 4095
[  21.78s] axe 19 FX2 3            2185 / 4095
[  21.78s] axe 19 FX2 3            2203 / 4095
[  21.78s] axe 19 FX2 3            2222 / 4095
[  21.79s] axe 19 FX2 3            2235 / 4095
[  21.79s] axe 19 FX2 3            2250 / 4095
[  21.79s] axe 19 FX2 3            2266 / 4095
[  21.79s] axe 19 FX2 3            2281 / 4095
[  21.79s] axe 19 FX2 3            2296 / 4095
[  21.80s] axe 19 FX2 3            2315 / 4095
[  21.80s] axe 19 FX2 3            2333 / 4095
[  21.80s] axe 19 FX2 3            2351 / 4095
[  21.80s] axe 19 FX2 3            2369 / 4095
[  21.81s] axe 19 FX2 3            2385 / 4095
[  21.81s] axe 19 FX2 3            2402 / 4095
[  21.81s] axe 19 FX2 3            2419 / 4095
[  21.81s] axe 19 FX2 3            2436 / 4095
[  21.81s] axe 19 FX2 3            2453 / 4095
[  21.82s] axe 19 FX2 3            2470 / 4095
[  21.82s] axe 19 FX2 3            2487 / 4095
[  21.82s] axe 19 FX2 3            2502 / 4095
[  21.82s] axe 19 FX2 3            2517 / 4095
[  21.83s] axe 19 FX2 3            2530 / 4095
[  21.83s] axe 19 FX2 3            2544 / 4095
[  21.83s] axe 19 FX2 3            2561 / 4095
[  21.83s] axe 19 FX2 3            2574 / 4095
[  21.83s] axe 19 FX2 3            2586 / 4095
[  21.84s] axe 19 FX2 3            2599 / 4095
[  21.84s] axe 19 FX2 3            2613 / 4095
[  21.84s] axe 19 FX2 3            2627 / 4095
[  21.84s] axe 19 FX2 3            2640 / 4095
[  21.84s] axe 19 FX2 3            2652 / 4095
[  21.85s] axe 19 FX2 3            2663 / 4095
[  21.85s] axe 19 FX2 3            2674 / 4095
[  21.85s] axe 19 FX2 3            2696 / 4095
[  21.86s] axe 19 FX2 3            2708 / 4095
[  21.86s] axe 19 FX2 3            2720 / 4095
[  21.86s] axe 19 FX2 3            2731 / 4095
[  21.87s] axe 19 FX2 3            2759 / 4095
[  21.87s] axe 19 FX2 3            2770 / 4095
[  21.87s] axe 19 FX2 3            2790 / 4095
[  21.88s] axe 19 FX2 3            2803 / 4095
[  21.88s] axe 19 FX2 3            2814 / 4095
[  21.88s] axe 19 FX2 3            2825 / 4095
[  21.88s] axe 19 FX2 3            2837 / 4095
[  21.88s] axe 19 FX2 3            2848 / 4095
[  21.89s] axe 19 FX2 3            2860 / 4095
[  21.89s] axe 19 FX2 3            2872 / 4095
[  21.89s] axe 19 FX2 3            2884 / 4095
[  21.89s] axe 19 FX2 3            2895 / 4095
[  21.89s] axe 19 FX2 3            2913 / 4095
[  21.90s] axe 19 FX2 3            2930 / 4095
[  21.90s] axe 19 FX2 3            2944 / 4095
[  21.90s] axe 19 FX2 3            2960 / 4095
[  21.90s] axe 19 FX2 3            2975 / 4095
[  21.91s] axe 19 FX2 3            2989 / 4095
[  21.91s] axe 19 FX2 3            3001 / 4095
[  21.91s] axe 19 FX2 3            3013 / 4095
[  21.91s] axe 19 FX2 3            3027 / 4095
[  21.91s] axe 19 FX2 3            3042 / 4095
[  21.92s] axe 19 FX2 3            3059 / 4095
[  21.92s] axe 19 FX2 3            3075 / 4095
[  21.92s] axe 19 FX2 3            3087 / 4095
[  21.92s] axe 19 FX2 3            3099 / 4095
[  21.93s] axe 19 FX2 3            3113 / 4095
[  21.93s] axe 19 FX2 3            3126 / 4095
[  21.93s] axe 19 FX2 3            3141 / 4095
[  21.93s] axe 19 FX2 3            3155 / 4095
[  21.93s] axe 19 FX2 3            3167 / 4095
[  21.94s] axe 19 FX2 3            3179 / 4095
[  21.94s] axe 19 FX2 3            3191 / 4095
[  21.94s] axe 19 FX2 3            3202 / 4095
[  21.94s] axe 19 FX2 3            3214 / 4095
[  21.95s] axe 19 FX2 3            3225 / 4095
[  21.95s] axe 19 FX2 3            3247 / 4095
[  21.95s] axe 19 FX2 3            3261 / 4095
[  21.95s] axe 19 FX2 3            3272 / 4095
[  21.96s] axe 19 FX2 3            3293 / 4095
[  21.96s] axe 19 FX2 3            3304 / 4095
[  21.96s] axe 19 FX2 3            3316 / 4095
[  21.96s] axe 19 FX2 3            3328 / 4095
[  21.97s] axe 19 FX2 3            3347 / 4095
[  21.97s] axe 19 FX2 3            3358 / 4095
[  21.98s] axe 19 FX2 3            3369 / 4095
[  21.98s] axe 19 FX2 3            3381 / 4095
[  21.98s] axe 19 FX2 3            3400 / 4095
[  21.98s] axe 19 FX2 3            3419 / 4095
[  21.99s] axe 19 FX2 3            3439 / 4095
[  21.99s] axe 19 FX2 3            3459 / 4095
[  22.00s] axe 19 FX2 3            3479 / 4095
[  22.00s] axe 19 FX2 3            3499 / 4095
[  22.00s] axe 19 FX2 3            3511 / 4095
[  22.01s] axe 19 FX2 3            3522 / 4095
[  22.01s] axe 19 FX2 3            3533 / 4095
[  22.01s] axe 19 FX2 3            3553 / 4095
[  22.01s] axe 19 FX2 3            3564 / 4095
[  22.02s] axe 19 FX2 3            3584 / 4095
[  22.02s] axe 19 FX2 3            3601 / 4095
[  22.03s] axe 19 FX2 3            3620 / 4095
[  22.03s] axe 19 FX2 3            3643 / 4095
[  22.03s] axe 19 FX2 3            3656 / 4095
[  22.04s] axe 19 FX2 3            3675 / 4095
[  22.04s] axe 19 FX2 3            3695 / 4095
[  22.05s] axe 19 FX2 3            3718 / 4095
[  22.05s] axe 19 FX2 3            3730 / 4095
[  22.05s] axe 19 FX2 3            3741 / 4095
[  22.06s] axe 19 FX2 3            3752 / 4095
[  22.06s] axe 19 FX2 3            3772 / 4095
[  22.06s] axe 19 FX2 3            3784 / 4095
[  22.07s] axe 19 FX2 3            3810 / 4095
[  22.07s] axe 19 FX2 3            3833 / 4095
[  22.07s] axe 19 FX2 3            3845 / 4095
[  22.07s] axe 19 FX2 3            3856 / 4095
[  22.08s] axe 19 FX2 3            3875 / 4095
[  22.08s] axe 19 FX2 3            3886 / 4095
[  22.08s] axe 19 FX2 3            3897 / 4095
[  22.09s] axe 19 FX2 3            3916 / 4095
[  22.09s] axe 19 FX2 3            3939 / 4095
[  22.09s] axe 19 FX2 3            3951 / 4095
[  22.10s] axe 19 FX2 3            3974 / 4095
[  22.10s] axe 19 FX2 3            3985 / 4095
[  22.10s] axe 19 FX2 3            3996 / 4095
[  22.10s] axe 19 FX2 3            4007 / 4095
[  22.11s] axe 19 FX2 3            4019 / 4095
[  22.11s] axe 19 FX2 3            4030 / 4095
[  22.11s] axe 19 FX2 3            4044 / 4095
[  22.11s] axe 19 FX2 3            4056 / 4095
[  22.12s] axe 19 FX2 3            4067 / 4095
[  22.12s] axe 19 FX2 3            4081 / 4095
[  22.12s] axe 19 FX2 3            4095 / 4095
[  22.63s] axe 19 FX2 3            4084 / 4095
[  22.63s] axe 19 FX2 3            4063 / 4095
[  22.63s] axe 19 FX2 3            4051 / 4095
[  22.64s] axe 19 FX2 3            4033 / 4095
[  22.64s] axe 19 FX2 3            4012 / 4095
[  22.64s] axe 19 FX2 3            4001 / 4095
[  22.65s] axe 19 FX2 3            3979 / 4095
[  22.65s] axe 19 FX2 3            3959 / 4095
[  22.66s] axe 19 FX2 3            3938 / 4095
[  22.66s] axe 19 FX2 3            3918 / 4095
[  22.67s] axe 19 FX2 3            3902 / 4095
[  22.67s] axe 19 FX2 3            3886 / 4095
[  22.68s] axe 19 FX2 3            3869 / 4095
[  22.68s] axe 19 FX2 3            3852 / 4095
[  22.68s] axe 19 FX2 3            3835 / 4095
[  22.69s] axe 19 FX2 3            3817 / 4095
[  22.69s] axe 19 FX2 3            3800 / 4095
[  22.70s] axe 19 FX2 3            3782 / 4095
[  22.70s] axe 19 FX2 3            3767 / 4095
[  22.71s] axe 19 FX2 3            3750 / 4095
[  22.71s] axe 19 FX2 3            3730 / 4095
[  22.71s] axe 19 FX2 3            3713 / 4095
[  22.72s] axe 19 FX2 3            3693 / 4095
[  22.72s] axe 19 FX2 3            3676 / 4095
[  22.73s] axe 19 FX2 3            3655 / 4095
[  22.73s] axe 19 FX2 3            3644 / 4095
[  22.73s] axe 19 FX2 3            3632 / 4095
[  22.74s] axe 19 FX2 3            3613 / 4095
[  22.74s] axe 19 FX2 3            3596 / 4095
[  22.74s] axe 19 FX2 3            3575 / 4095
[  22.75s] axe 19 FX2 3            3563 / 4095
[  22.75s] axe 19 FX2 3            3543 / 4095
[  22.76s] axe 19 FX2 3            3521 / 4095
[  22.76s] axe 19 FX2 3            3508 / 4095
[  22.76s] axe 19 FX2 3            3497 / 4095
[  22.76s] axe 19 FX2 3            3486 / 4095
[  22.76s] axe 19 FX2 3            3475 / 4095
[  22.77s] axe 19 FX2 3            3455 / 4095
[  22.77s] axe 19 FX2 3            3435 / 4095
[  22.77s] axe 19 FX2 3            3424 / 4095
[  22.78s] axe 19 FX2 3            3403 / 4095
[  22.78s] axe 19 FX2 3            3382 / 4095
[  22.79s] axe 19 FX2 3            3369 / 4095
[  22.79s] axe 19 FX2 3            3348 / 4095
[  22.79s] axe 19 FX2 3            3337 / 4095
[  22.80s] axe 19 FX2 3            3324 / 4095
[  22.80s] axe 19 FX2 3            3312 / 4095
[  22.80s] axe 19 FX2 3            3301 / 4095
[  22.80s] axe 19 FX2 3            3280 / 4095
[  22.81s] axe 19 FX2 3            3266 / 4095
[  22.81s] axe 19 FX2 3            3254 / 4095
[  22.81s] axe 19 FX2 3            3232 / 4095
[  22.81s] axe 19 FX2 3            3221 / 4095
[  22.82s] axe 19 FX2 3            3200 / 4095
[  22.82s] axe 19 FX2 3            3189 / 4095
[  22.82s] axe 19 FX2 3            3178 / 4095
[  22.83s] axe 19 FX2 3            3167 / 4095
[  22.83s] axe 19 FX2 3            3153 / 4095
[  22.83s] axe 19 FX2 3            3141 / 4095
[  22.83s] axe 19 FX2 3            3127 / 4095
[  22.83s] axe 19 FX2 3            3116 / 4095
[  22.84s] axe 19 FX2 3            3095 / 4095
[  22.84s] axe 19 FX2 3            3082 / 4095
[  22.84s] axe 19 FX2 3            3067 / 4095
[  22.85s] axe 19 FX2 3            3052 / 4095
[  22.85s] axe 19 FX2 3            3039 / 4095
[  22.85s] axe 19 FX2 3            3027 / 4095
[  22.85s] axe 19 FX2 3            3015 / 4095
[  22.85s] axe 19 FX2 3            3004 / 4095
[  22.86s] axe 19 FX2 3            2991 / 4095
[  22.86s] axe 19 FX2 3            2977 / 4095
[  22.86s] axe 19 FX2 3            2956 / 4095
[  22.86s] axe 19 FX2 3            2940 / 4095
[  22.87s] axe 19 FX2 3            2926 / 4095
[  22.87s] axe 19 FX2 3            2913 / 4095
[  22.87s] axe 19 FX2 3            2902 / 4095
[  22.87s] axe 19 FX2 3            2891 / 4095
[  22.88s] axe 19 FX2 3            2879 / 4095
[  22.88s] axe 19 FX2 3            2867 / 4095
[  22.88s] axe 19 FX2 3            2856 / 4095
[  22.88s] axe 19 FX2 3            2843 / 4095
[  22.88s] axe 19 FX2 3            2831 / 4095
[  22.89s] axe 19 FX2 3            2817 / 4095
[  22.89s] axe 19 FX2 3            2804 / 4095
[  22.89s] axe 19 FX2 3            2791 / 4095
[  22.89s] axe 19 FX2 3            2777 / 4095
[  22.89s] axe 19 FX2 3            2763 / 4095
[  22.90s] axe 19 FX2 3            2750 / 4095
[  22.90s] axe 19 FX2 3            2735 / 4095
[  22.90s] axe 19 FX2 3            2721 / 4095
[  22.90s] axe 19 FX2 3            2708 / 4095
[  22.91s] axe 19 FX2 3            2696 / 4095
[  22.91s] axe 19 FX2 3            2683 / 4095
[  22.91s] axe 19 FX2 3            2670 / 4095
[  22.91s] axe 19 FX2 3            2657 / 4095
[  22.91s] axe 19 FX2 3            2644 / 4095
[  22.92s] axe 19 FX2 3            2631 / 4095
[  22.92s] axe 19 FX2 3            2618 / 4095
[  22.92s] axe 19 FX2 3            2606 / 4095
[  22.92s] axe 19 FX2 3            2595 / 4095
[  22.93s] axe 19 FX2 3            2583 / 4095
[  22.93s] axe 19 FX2 3            2571 / 4095
[  22.93s] axe 19 FX2 3            2560 / 4095
[  22.93s] axe 19 FX2 3            2549 / 4095
[  22.94s] axe 19 FX2 3            2529 / 4095
[  22.94s] axe 19 FX2 3            2512 / 4095
[  22.94s] axe 19 FX2 3            2495 / 4095
[  22.95s] axe 19 FX2 3            2478 / 4095
[  22.95s] axe 19 FX2 3            2461 / 4095
[  22.96s] axe 19 FX2 3            2446 / 4095
[  22.96s] axe 19 FX2 3            2433 / 4095
[  22.97s] axe 19 FX2 3            2421 / 4095
[  22.97s] axe 19 FX2 3            2409 / 4095
[  22.98s] axe 19 FX2 3            2397 / 4095
[  22.99s] axe 19 FX2 3            2383 / 4095
[  23.00s] axe 19 FX2 3            2371 / 4095
[  23.00s] axe 19 FX2 3            2357 / 4095
[  23.01s] axe 19 FX2 3            2343 / 4095
[  23.02s] axe 19 FX2 3            2331 / 4095
[  23.03s] axe 19 FX2 3            2320 / 4095
[  23.04s] axe 19 FX2 3            2309 / 4095
[  23.05s] axe 19 FX2 3            2298 / 4095
[  23.06s] axe 19 FX2 3            2287 / 4095
[  23.08s] axe 19 FX2 3            2276 / 4095
[  23.09s] axe 19 FX2 3            2264 / 4095
[  23.10s] axe 19 FX2 3            2253 / 4095
[  23.11s] axe 19 FX2 3            2242 / 4095
[  23.12s] axe 19 FX2 3            2229 / 4095
[  23.12s] axe 19 FX2 3            2218 / 4095
[  23.13s] axe 19 FX2 3            2207 / 4095
[  23.14s] axe 19 FX2 3            2193 / 4095
[  23.14s] axe 19 FX2 3            2181 / 4095
[  23.15s] axe 19 FX2 3            2168 / 4095
[  23.15s] axe 19 FX2 3            2153 / 4095
[  23.16s] axe 19 FX2 3            2131 / 4095
[  23.16s] axe 19 FX2 3            2115 / 4095
[  23.18s] axe 19 FX2 3            2104 / 4095
[  23.25s] axe 19 FX2 3            2093 / 4095
[  24.09s] axe 18 FX2 2            2042 / 4095
[  24.12s] axe 18 FX2 2            2031 / 4095
[  24.12s] axe 18 FX2 2            2018 / 4095
[  24.14s] axe 18 FX2 2            2007 / 4095
[  24.14s] axe 18 FX2 2            1996 / 4095
[  24.15s] axe 18 FX2 2            1981 / 4095
[  24.16s] axe 18 FX2 2            1965 / 4095
[  24.16s] axe 18 FX2 2            1946 / 4095
[  24.17s] axe 18 FX2 2            1930 / 4095
[  24.17s] axe 18 FX2 2            1918 / 4095
[  24.18s] axe 18 FX2 2            1902 / 4095
[  24.18s] axe 18 FX2 2            1891 / 4095
[  24.18s] axe 18 FX2 2            1874 / 4095
[  24.19s] axe 18 FX2 2            1860 / 4095
[  24.19s] axe 18 FX2 2            1849 / 4095
[  24.19s] axe 18 FX2 2            1837 / 4095
[  24.19s] axe 18 FX2 2            1825 / 4095
[  24.20s] axe 18 FX2 2            1814 / 4095
[  24.21s] axe 18 FX2 2            1802 / 4095
[  24.21s] axe 18 FX2 2            1790 / 4095
[  24.22s] axe 18 FX2 2            1778 / 4095
[  24.24s] axe 18 FX2 2            1765 / 4095
[  24.24s] axe 18 FX2 2            1751 / 4095
[  24.24s] axe 18 FX2 2            1733 / 4095
[  24.25s] axe 18 FX2 2            1713 / 4095
[  24.25s] axe 18 FX2 2            1700 / 4095
[  24.25s] axe 18 FX2 2            1669 / 4095
[  24.25s] axe 18 FX2 2            1654 / 4095
[  24.26s] axe 18 FX2 2            1634 / 4095
[  24.26s] axe 18 FX2 2            1598 / 4095
[  24.26s] axe 18 FX2 2            1576 / 4095
[  24.26s] axe 18 FX2 2            1560 / 4095
[  24.26s] axe 18 FX2 2            1537 / 4095
[  24.27s] axe 18 FX2 2            1498 / 4095
[  24.27s] axe 18 FX2 2            1464 / 4095
[  24.27s] axe 18 FX2 2            1439 / 4095
[  24.27s] axe 18 FX2 2            1407 / 4095
[  24.28s] axe 18 FX2 2            1371 / 4095
[  24.28s] axe 18 FX2 2            1348 / 4095
[  24.28s] axe 18 FX2 2            1324 / 4095
[  24.28s] axe 18 FX2 2            1301 / 4095
[  24.29s] axe 18 FX2 2            1281 / 4095
[  24.29s] axe 18 FX2 2            1262 / 4095
[  24.29s] axe 18 FX2 2            1239 / 4095
[  24.29s] axe 18 FX2 2            1217 / 4095
[  24.30s] axe 18 FX2 2            1201 / 4095
[  24.30s] … 1908 blocs recus depuis 3 s, aucun changement (total 17090)
[  24.31s] axe 18 FX2 2            1169 / 4095
[  24.31s] axe 18 FX2 2            1114 / 4095
[  24.31s] axe 18 FX2 2            1087 / 4095
[  24.31s] axe 18 FX2 2            1041 / 4095
[  24.32s] axe 18 FX2 2            1011 / 4095
[  24.32s] axe 18 FX2 2             990 / 4095
[  24.32s] axe 18 FX2 2             950 / 4095
[  24.32s] axe 18 FX2 2             919 / 4095
[  24.32s] axe 18 FX2 2             893 / 4095
[  24.33s] axe 18 FX2 2             871 / 4095
[  24.33s] axe 18 FX2 2             857 / 4095
[  24.33s] axe 18 FX2 2             825 / 4095
[  24.33s] axe 18 FX2 2             800 / 4095
[  24.34s] axe 18 FX2 2             767 / 4095
[  24.34s] axe 18 FX2 2             742 / 4095
[  24.34s] axe 18 FX2 2             712 / 4095
[  24.34s] axe 18 FX2 2             677 / 4095
[  24.34s] axe 18 FX2 2             658 / 4095
[  24.35s] axe 18 FX2 2             619 / 4095
[  24.35s] axe 18 FX2 2             591 / 4095
[  24.35s] axe 18 FX2 2             563 / 4095
[  24.36s] axe 18 FX2 2             538 / 4095
[  24.36s] axe 18 FX2 2             514 / 4095
[  24.36s] axe 18 FX2 2             493 / 4095
[  24.36s] axe 18 FX2 2             476 / 4095
[  24.36s] axe 18 FX2 2             457 / 4095
[  24.36s] axe 18 FX2 2             441 / 4095
[  24.37s] axe 18 FX2 2             419 / 4095
[  24.37s] axe 18 FX2 2             399 / 4095
[  24.37s] axe 18 FX2 2             380 / 4095
[  24.37s] axe 18 FX2 2             361 / 4095
[  24.37s] axe 18 FX2 2             344 / 4095
[  24.38s] axe 18 FX2 2             330 / 4095
[  24.38s] axe 18 FX2 2             319 / 4095
[  24.38s] axe 18 FX2 2             289 / 4095
[  24.39s] axe 18 FX2 2             267 / 4095
[  24.39s] axe 18 FX2 2             248 / 4095
[  24.39s] axe 18 FX2 2             236 / 4095
[  24.39s] axe 18 FX2 2             219 / 4095
[  24.40s] axe 18 FX2 2             195 / 4095
[  24.40s] axe 18 FX2 2             171 / 4095
[  24.40s] axe 18 FX2 2             150 / 4095
[  24.40s] axe 18 FX2 2             116 / 4095
[  24.40s] axe 18 FX2 2              83 / 4095
[  24.41s] axe 18 FX2 2              48 / 4095
[  24.41s] axe 18 FX2 2              29 / 4095
[  24.41s] axe 18 FX2 2              17 / 4095
[  24.42s] axe 18 FX2 2               6 / 4095
[  24.77s] axe 18 FX2 2              26 / 4095
[  24.77s] axe 18 FX2 2              40 / 4095
[  24.78s] axe 18 FX2 2              58 / 4095
[  24.78s] axe 18 FX2 2              84 / 4095
[  24.78s] axe 18 FX2 2             106 / 4095
[  24.78s] axe 18 FX2 2             126 / 4095
[  24.78s] axe 18 FX2 2             145 / 4095
[  24.79s] axe 18 FX2 2             162 / 4095
[  24.79s] axe 18 FX2 2             178 / 4095
[  24.79s] axe 18 FX2 2             190 / 4095
[  24.79s] axe 18 FX2 2             204 / 4095
[  24.80s] axe 18 FX2 2             222 / 4095
[  24.80s] axe 18 FX2 2             249 / 4095
[  24.80s] axe 18 FX2 2             271 / 4095
[  24.80s] axe 18 FX2 2             293 / 4095
[  24.80s] axe 18 FX2 2             314 / 4095
[  24.81s] axe 18 FX2 2             331 / 4095
[  24.81s] axe 18 FX2 2             347 / 4095
[  24.81s] axe 18 FX2 2             363 / 4095
[  24.81s] axe 18 FX2 2             382 / 4095
[  24.81s] axe 18 FX2 2             400 / 4095
[  24.82s] axe 18 FX2 2             414 / 4095
[  24.82s] axe 18 FX2 2             429 / 4095
[  24.82s] axe 18 FX2 2             445 / 4095
[  24.82s] axe 18 FX2 2             459 / 4095
[  24.83s] axe 18 FX2 2             472 / 4095
[  24.83s] axe 18 FX2 2             485 / 4095
[  24.83s] axe 18 FX2 2             497 / 4095
[  24.83s] axe 18 FX2 2             508 / 4095
[  24.83s] axe 18 FX2 2             520 / 4095
[  24.84s] axe 18 FX2 2             534 / 4095
[  24.84s] axe 18 FX2 2             547 / 4095
[  24.84s] axe 18 FX2 2             560 / 4095
[  24.84s] axe 18 FX2 2             572 / 4095
[  24.84s] axe 18 FX2 2             591 / 4095
[  24.85s] axe 18 FX2 2             605 / 4095
[  24.85s] axe 18 FX2 2             616 / 4095
[  24.85s] axe 18 FX2 2             628 / 4095
[  24.85s] axe 18 FX2 2             643 / 4095
[  24.86s] axe 18 FX2 2             662 / 4095
[  24.86s] axe 18 FX2 2             684 / 4095
[  24.86s] axe 18 FX2 2             704 / 4095
[  24.86s] axe 18 FX2 2             723 / 4095
[  24.87s] axe 18 FX2 2             736 / 4095
[  24.87s] axe 18 FX2 2             747 / 4095
[  24.87s] axe 18 FX2 2             765 / 4095
[  24.87s] axe 18 FX2 2             776 / 4095
[  24.88s] axe 18 FX2 2             788 / 4095
[  24.88s] axe 18 FX2 2             803 / 4095
[  24.88s] axe 18 FX2 2             815 / 4095
[  24.88s] axe 18 FX2 2             831 / 4095
[  24.89s] axe 18 FX2 2             843 / 4095
[  24.89s] axe 18 FX2 2             860 / 4095
[  24.90s] axe 18 FX2 2             884 / 4095
[  24.90s] axe 18 FX2 2             905 / 4095
[  24.90s] axe 18 FX2 2             919 / 4095
[  24.90s] axe 18 FX2 2             941 / 4095
[  24.91s] axe 18 FX2 2             960 / 4095
[  24.91s] axe 18 FX2 2             979 / 4095
[  24.91s] axe 18 FX2 2             999 / 4095
[  24.91s] axe 18 FX2 2            1014 / 4095
[  24.91s] axe 18 FX2 2            1026 / 4095
[  24.92s] axe 18 FX2 2            1038 / 4095
[  24.92s] axe 18 FX2 2            1052 / 4095
[  24.92s] axe 18 FX2 2            1073 / 4095
[  24.93s] axe 18 FX2 2            1087 / 4095
[  24.93s] axe 18 FX2 2            1103 / 4095
[  24.93s] axe 18 FX2 2            1119 / 4095
[  24.93s] axe 18 FX2 2            1136 / 4095
[  24.93s] axe 18 FX2 2            1152 / 4095
[  24.94s] axe 18 FX2 2            1164 / 4095
[  24.94s] axe 18 FX2 2            1182 / 4095
[  24.95s] axe 18 FX2 2            1198 / 4095
[  24.95s] axe 18 FX2 2            1213 / 4095
[  24.95s] axe 18 FX2 2            1226 / 4095
[  24.96s] axe 18 FX2 2            1244 / 4095
[  24.96s] axe 18 FX2 2            1257 / 4095
[  24.96s] axe 18 FX2 2            1270 / 4095
[  24.96s] axe 18 FX2 2            1283 / 4095
[  24.97s] axe 18 FX2 2            1294 / 4095
[  24.97s] axe 18 FX2 2            1311 / 4095
[  24.98s] axe 18 FX2 2            1328 / 4095
[  24.98s] axe 18 FX2 2            1342 / 4095
[  24.98s] axe 18 FX2 2            1354 / 4095
[  24.99s] axe 18 FX2 2            1368 / 4095
[  24.99s] axe 18 FX2 2            1384 / 4095
[  25.00s] axe 18 FX2 2            1401 / 4095
[  25.00s] axe 18 FX2 2            1417 / 4095
[  25.01s] axe 18 FX2 2            1429 / 4095
[  25.01s] axe 18 FX2 2            1441 / 4095
[  25.02s] axe 18 FX2 2            1454 / 4095
[  25.02s] axe 18 FX2 2            1465 / 4095
[  25.03s] axe 18 FX2 2            1478 / 4095
[  25.03s] axe 18 FX2 2            1493 / 4095
[  25.04s] axe 18 FX2 2            1511 / 4095
[  25.04s] axe 18 FX2 2            1529 / 4095
[  25.05s] axe 18 FX2 2            1542 / 4095
[  25.05s] axe 18 FX2 2            1554 / 4095
[  25.05s] axe 18 FX2 2            1567 / 4095
[  25.06s] axe 18 FX2 2            1583 / 4095
[  25.06s] axe 18 FX2 2            1599 / 4095
[  25.07s] axe 18 FX2 2            1612 / 4095
[  25.07s] axe 18 FX2 2            1626 / 4095
[  25.08s] axe 18 FX2 2            1641 / 4095
[  25.08s] axe 18 FX2 2            1652 / 4095
[  25.08s] axe 18 FX2 2            1668 / 4095
[  25.08s] axe 18 FX2 2            1683 / 4095
[  25.09s] axe 18 FX2 2            1695 / 4095
[  25.10s] axe 18 FX2 2            1711 / 4095
[  25.10s] axe 18 FX2 2            1724 / 4095
[  25.11s] axe 18 FX2 2            1735 / 4095
[  25.11s] axe 18 FX2 2            1746 / 4095
[  25.12s] axe 18 FX2 2            1759 / 4095
[  25.12s] axe 18 FX2 2            1771 / 4095
[  25.12s] axe 18 FX2 2            1787 / 4095
[  25.13s] axe 18 FX2 2            1800 / 4095
[  25.13s] axe 18 FX2 2            1812 / 4095
[  25.14s] axe 18 FX2 2            1828 / 4095
[  25.14s] axe 18 FX2 2            1847 / 4095
[  25.15s] axe 18 FX2 2            1873 / 4095
[  25.15s] axe 18 FX2 2            1886 / 4095
[  25.15s] axe 18 FX2 2            1901 / 4095
[  25.15s] axe 18 FX2 2            1917 / 4095
[  25.16s] axe 18 FX2 2            1931 / 4095
[  25.16s] axe 18 FX2 2            1954 / 4095
[  25.16s] axe 18 FX2 2            1983 / 4095
[  25.16s] axe 18 FX2 2            2003 / 4095
[  25.16s] axe 18 FX2 2            2022 / 4095
[  25.17s] axe 18 FX2 2            2049 / 4095
[  25.17s] axe 18 FX2 2            2060 / 4095
[  25.18s] axe 18 FX2 2            2073 / 4095
[  25.18s] axe 18 FX2 2            2085 / 4095
[  25.19s] axe 18 FX2 2            2097 / 4095
[  25.21s] axe 18 FX2 2            2108 / 4095
[  25.24s] axe 18 FX2 2            2119 / 4095
[  25.38s] axe 18 FX2 2            2108 / 4095
[  25.48s] axe 18 FX2 2            2097 / 4095
[  25.51s] axe 18 FX2 2            2086 / 4095
[  25.55s] axe 18 FX2 2            2075 / 4095
[  25.60s] axe 18 FX2 2            2086 / 4095
[  25.62s] axe 18 FX2 2            2097 / 4095
[  25.62s] axe 18 FX2 2            2109 / 4095
[  25.63s] axe 18 FX2 2            2121 / 4095
[  25.63s] axe 18 FX2 2            2136 / 4095
[  25.64s] axe 18 FX2 2            2150 / 4095
[  25.64s] axe 18 FX2 2            2167 / 4095
[  25.64s] axe 18 FX2 2            2178 / 4095
[  25.65s] axe 18 FX2 2            2197 / 4095
[  25.65s] axe 18 FX2 2            2213 / 4095
[  25.66s] axe 18 FX2 2            2231 / 4095
[  25.66s] axe 18 FX2 2            2242 / 4095
[  25.66s] axe 18 FX2 2            2253 / 4095
[  25.67s] axe 18 FX2 2            2273 / 4095
[  25.67s] axe 18 FX2 2            2284 / 4095
[  25.67s] axe 18 FX2 2            2302 / 4095
[  25.68s] axe 18 FX2 2            2323 / 4095
[  25.68s] axe 18 FX2 2            2334 / 4095
[  25.68s] axe 18 FX2 2            2353 / 4095
[  25.69s] axe 18 FX2 2            2371 / 4095
[  25.69s] axe 18 FX2 2            2384 / 4095
[  25.69s] axe 18 FX2 2            2397 / 4095
[  25.69s] axe 18 FX2 2            2412 / 4095
[  25.70s] axe 18 FX2 2            2427 / 4095
[  25.70s] axe 18 FX2 2            2443 / 4095
[  25.70s] axe 18 FX2 2            2458 / 4095
[  25.70s] axe 18 FX2 2            2477 / 4095
[  25.70s] axe 18 FX2 2            2495 / 4095
[  25.71s] axe 18 FX2 2            2512 / 4095
[  25.71s] axe 18 FX2 2            2529 / 4095
[  25.71s] axe 18 FX2 2            2547 / 4095
[  25.71s] axe 18 FX2 2            2565 / 4095
[  25.72s] axe 18 FX2 2            2583 / 4095
[  25.72s] axe 18 FX2 2            2598 / 4095
[  25.72s] axe 18 FX2 2            2614 / 4095
[  25.72s] axe 18 FX2 2            2629 / 4095
[  25.72s] axe 18 FX2 2            2642 / 4095
[  25.73s] axe 18 FX2 2            2656 / 4095
[  25.73s] axe 18 FX2 2            2670 / 4095
[  25.73s] axe 18 FX2 2            2687 / 4095
[  25.73s] axe 18 FX2 2            2702 / 4095
[  25.74s] axe 18 FX2 2            2719 / 4095
[  25.74s] axe 18 FX2 2            2736 / 4095
[  25.74s] axe 18 FX2 2            2752 / 4095
[  25.74s] axe 18 FX2 2            2766 / 4095
[  25.74s] axe 18 FX2 2            2783 / 4095
[  25.75s] axe 18 FX2 2            2798 / 4095
[  25.75s] axe 18 FX2 2            2811 / 4095
[  25.75s] axe 18 FX2 2            2823 / 4095
[  25.75s] axe 18 FX2 2            2835 / 4095
[  25.75s] axe 18 FX2 2            2848 / 4095
[  25.76s] axe 18 FX2 2            2863 / 4095
[  25.76s] axe 18 FX2 2            2878 / 4095
[  25.76s] axe 18 FX2 2            2894 / 4095
[  25.76s] axe 18 FX2 2            2910 / 4095
[  25.77s] axe 18 FX2 2            2925 / 4095
[  25.77s] axe 18 FX2 2            2939 / 4095
[  25.77s] axe 18 FX2 2            2956 / 4095
[  25.77s] axe 18 FX2 2            2974 / 4095
[  25.77s] axe 18 FX2 2            2987 / 4095
[  25.78s] axe 18 FX2 2            3000 / 4095
[  25.78s] axe 18 FX2 2            3015 / 4095
[  25.78s] axe 18 FX2 2            3032 / 4095
[  25.78s] axe 18 FX2 2            3049 / 4095
[  25.79s] axe 18 FX2 2            3065 / 4095
[  25.79s] axe 18 FX2 2            3081 / 4095
[  25.79s] axe 18 FX2 2            3097 / 4095
[  25.79s] axe 18 FX2 2            3115 / 4095
[  25.79s] axe 18 FX2 2            3133 / 4095
[  25.80s] axe 18 FX2 2            3148 / 4095
[  25.80s] axe 18 FX2 2            3162 / 4095
[  25.80s] axe 18 FX2 2            3177 / 4095
[  25.80s] axe 18 FX2 2            3194 / 4095
[  25.81s] axe 18 FX2 2            3210 / 4095
[  25.81s] axe 18 FX2 2            3225 / 4095
[  25.81s] axe 18 FX2 2            3240 / 4095
[  25.81s] axe 18 FX2 2            3255 / 4095
[  25.81s] axe 18 FX2 2            3269 / 4095
[  25.82s] axe 18 FX2 2            3284 / 4095
[  25.82s] axe 18 FX2 2            3298 / 4095
[  25.82s] axe 18 FX2 2            3313 / 4095
[  25.82s] axe 18 FX2 2            3327 / 4095
[  25.82s] axe 18 FX2 2            3342 / 4095
[  25.83s] axe 18 FX2 2            3356 / 4095
[  25.83s] axe 18 FX2 2            3372 / 4095
[  25.83s] axe 18 FX2 2            3385 / 4095
[  25.83s] axe 18 FX2 2            3400 / 4095
[  25.84s] axe 18 FX2 2            3414 / 4095
[  25.84s] axe 18 FX2 2            3428 / 4095
[  25.84s] axe 18 FX2 2            3441 / 4095
[  25.84s] axe 18 FX2 2            3456 / 4095
[  25.84s] axe 18 FX2 2            3472 / 4095
[  25.85s] axe 18 FX2 2            3488 / 4095
[  25.85s] axe 18 FX2 2            3504 / 4095
[  25.85s] axe 18 FX2 2            3518 / 4095
[  25.85s] axe 18 FX2 2            3534 / 4095
[  25.86s] axe 18 FX2 2            3550 / 4095
[  25.86s] axe 18 FX2 2            3567 / 4095
[  25.86s] axe 18 FX2 2            3582 / 4095
[  25.86s] axe 18 FX2 2            3597 / 4095
[  25.86s] axe 18 FX2 2            3610 / 4095
[  25.87s] axe 18 FX2 2            3623 / 4095
[  25.87s] axe 18 FX2 2            3641 / 4095
[  25.87s] axe 18 FX2 2            3660 / 4095
[  25.87s] axe 18 FX2 2            3678 / 4095
[  25.87s] axe 18 FX2 2            3692 / 4095
[  25.88s] axe 18 FX2 2            3705 / 4095
[  25.88s] axe 18 FX2 2            3716 / 4095
[  25.88s] axe 18 FX2 2            3727 / 4095
[  25.89s] axe 18 FX2 2            3743 / 4095
[  25.89s] axe 18 FX2 2            3761 / 4095
[  25.89s] axe 18 FX2 2            3777 / 4095
[  25.89s] axe 18 FX2 2            3791 / 4095
[  25.89s] axe 18 FX2 2            3805 / 4095
[  25.89s] axe 18 FX2 2            3818 / 4095
[  25.90s] axe 18 FX2 2            3832 / 4095
[  25.90s] axe 18 FX2 2            3847 / 4095
[  25.90s] axe 18 FX2 2            3861 / 4095
[  25.90s] axe 18 FX2 2            3879 / 4095
[  25.91s] axe 18 FX2 2            3895 / 4095
[  25.91s] axe 18 FX2 2            3910 / 4095
[  25.91s] axe 18 FX2 2            3925 / 4095
[  25.91s] axe 18 FX2 2            3938 / 4095
[  25.91s] axe 18 FX2 2            3951 / 4095
[  25.92s] axe 18 FX2 2            3964 / 4095
[  25.92s] axe 18 FX2 2            3980 / 4095
[  25.92s] axe 18 FX2 2            3996 / 4095
[  25.92s] axe 18 FX2 2            4011 / 4095
[  25.92s] axe 18 FX2 2            4022 / 4095
[  25.93s] axe 18 FX2 2            4035 / 4095
[  25.93s] axe 18 FX2 2            4054 / 4095
[  25.93s] axe 18 FX2 2            4073 / 4095
[  25.93s] axe 18 FX2 2            4089 / 4095
[  26.30s] axe 18 FX2 2            4077 / 4095
[  26.31s] axe 18 FX2 2            4054 / 4095
[  26.31s] axe 18 FX2 2            4034 / 4095
[  26.31s] axe 18 FX2 2            4017 / 4095
[  26.31s] axe 18 FX2 2            3998 / 4095
[  26.31s] axe 18 FX2 2            3981 / 4095
[  26.32s] axe 18 FX2 2            3968 / 4095
[  26.32s] axe 18 FX2 2            3954 / 4095
[  26.32s] axe 18 FX2 2            3942 / 4095
[  26.32s] axe 18 FX2 2            3928 / 4095
[  26.32s] axe 18 FX2 2            3912 / 4095
[  26.33s] axe 18 FX2 2            3896 / 4095
[  26.33s] axe 18 FX2 2            3878 / 4095
[  26.33s] axe 18 FX2 2            3864 / 4095
[  26.33s] axe 18 FX2 2            3849 / 4095
[  26.34s] axe 18 FX2 2            3835 / 4095
[  26.34s] axe 18 FX2 2            3821 / 4095
[  26.34s] axe 18 FX2 2            3806 / 4095
[  26.34s] axe 18 FX2 2            3792 / 4095
[  26.34s] axe 18 FX2 2            3774 / 4095
[  26.35s] axe 18 FX2 2            3759 / 4095
[  26.35s] axe 18 FX2 2            3747 / 4095
[  26.35s] axe 18 FX2 2            3735 / 4095
[  26.35s] axe 18 FX2 2            3723 / 4095
[  26.36s] axe 18 FX2 2            3711 / 4095
[  26.36s] axe 18 FX2 2            3694 / 4095
[  26.36s] axe 18 FX2 2            3676 / 4095
[  26.36s] axe 18 FX2 2            3659 / 4095
[  26.36s] axe 18 FX2 2            3643 / 4095
[  26.37s] axe 18 FX2 2            3629 / 4095
[  26.37s] axe 18 FX2 2            3615 / 4095
[  26.37s] axe 18 FX2 2            3601 / 4095
[  26.37s] axe 18 FX2 2            3586 / 4095
[  26.38s] axe 18 FX2 2            3569 / 4095
[  26.38s] axe 18 FX2 2            3555 / 4095
[  26.38s] axe 18 FX2 2            3539 / 4095
[  26.38s] axe 18 FX2 2            3519 / 4095
[  26.38s] axe 18 FX2 2            3499 / 4095
[  26.39s] axe 18 FX2 2            3481 / 4095
[  26.39s] axe 18 FX2 2            3466 / 4095
[  26.39s] axe 18 FX2 2            3451 / 4095
[  26.39s] axe 18 FX2 2            3435 / 4095
[  26.40s] axe 18 FX2 2            3420 / 4095
[  26.40s] axe 18 FX2 2            3403 / 4095
[  26.40s] axe 18 FX2 2            3386 / 4095
[  26.40s] axe 18 FX2 2            3369 / 4095
[  26.40s] axe 18 FX2 2            3351 / 4095
[  26.41s] axe 18 FX2 2            3335 / 4095
[  26.41s] axe 18 FX2 2            3317 / 4095
[  26.41s] axe 18 FX2 2            3299 / 4095
[  26.41s] axe 18 FX2 2            3280 / 4095
[  26.41s] axe 18 FX2 2            3264 / 4095
[  26.42s] axe 18 FX2 2            3249 / 4095
[  26.42s] axe 18 FX2 2            3228 / 4095
[  26.42s] axe 18 FX2 2            3210 / 4095
[  26.42s] axe 18 FX2 2            3194 / 4095
[  26.43s] axe 18 FX2 2            3179 / 4095
[  26.43s] axe 18 FX2 2            3162 / 4095
[  26.43s] axe 18 FX2 2            3144 / 4095
[  26.43s] axe 18 FX2 2            3130 / 4095
[  26.43s] axe 18 FX2 2            3116 / 4095
[  26.44s] axe 18 FX2 2            3101 / 4095
[  26.44s] axe 18 FX2 2            3085 / 4095
[  26.44s] axe 18 FX2 2            3069 / 4095
[  26.44s] axe 18 FX2 2            3053 / 4095
[  26.45s] axe 18 FX2 2            3039 / 4095
[  26.45s] axe 18 FX2 2            3026 / 4095
[  26.45s] axe 18 FX2 2            3014 / 4095
[  26.45s] axe 18 FX2 2            3001 / 4095
[  26.45s] axe 18 FX2 2            2988 / 4095
[  26.46s] axe 18 FX2 2            2975 / 4095
[  26.46s] axe 18 FX2 2            2960 / 4095
[  26.46s] axe 18 FX2 2            2945 / 4095
[  26.46s] axe 18 FX2 2            2929 / 4095
[  26.46s] axe 18 FX2 2            2917 / 4095
[  26.47s] axe 18 FX2 2            2902 / 4095
[  26.47s] axe 18 FX2 2            2889 / 4095
[  26.47s] axe 18 FX2 2            2877 / 4095
[  26.47s] axe 18 FX2 2            2866 / 4095
[  26.48s] axe 18 FX2 2            2855 / 4095
[  26.48s] axe 18 FX2 2            2837 / 4095
[  26.49s] axe 18 FX2 2            2819 / 4095
[  26.49s] axe 18 FX2 2            2808 / 4095
[  26.49s] axe 18 FX2 2            2790 / 4095
[  26.49s] axe 18 FX2 2            2772 / 4095
[  26.50s] axe 18 FX2 2            2759 / 4095
[  26.50s] axe 18 FX2 2            2739 / 4095
[  26.51s] axe 18 FX2 2            2721 / 4095
[  26.51s] axe 18 FX2 2            2710 / 4095
[  26.51s] axe 18 FX2 2            2691 / 4095
[  26.52s] axe 18 FX2 2            2677 / 4095
[  26.52s] axe 18 FX2 2            2665 / 4095
[  26.53s] axe 18 FX2 2            2651 / 4095
[  26.53s] axe 18 FX2 2            2638 / 4095
[  26.53s] axe 18 FX2 2            2625 / 4095
[  26.54s] axe 18 FX2 2            2609 / 4095
[  26.54s] axe 18 FX2 2            2590 / 4095
[  26.55s] axe 18 FX2 2            2571 / 4095
[  26.55s] axe 18 FX2 2            2554 / 4095
[  26.56s] axe 18 FX2 2            2543 / 4095
[  26.56s] axe 18 FX2 2            2531 / 4095
[  26.56s] axe 18 FX2 2            2517 / 4095
[  26.57s] axe 18 FX2 2            2498 / 4095
[  26.57s] axe 18 FX2 2            2482 / 4095
[  26.58s] axe 18 FX2 2            2470 / 4095
[  26.58s] axe 18 FX2 2            2458 / 4095
[  26.59s] axe 18 FX2 2            2446 / 4095
[  26.59s] axe 18 FX2 2            2435 / 4095
[  26.59s] axe 18 FX2 2            2422 / 4095
[  26.60s] axe 18 FX2 2            2406 / 4095
[  26.60s] axe 18 FX2 2            2392 / 4095
[  26.61s] axe 18 FX2 2            2378 / 4095
[  26.61s] axe 18 FX2 2            2363 / 4095
[  26.62s] axe 18 FX2 2            2352 / 4095
[  26.62s] axe 18 FX2 2            2341 / 4095
[  26.63s] axe 18 FX2 2            2330 / 4095
[  26.63s] axe 18 FX2 2            2315 / 4095
[  26.64s] axe 18 FX2 2            2303 / 4095
[  26.64s] axe 18 FX2 2            2288 / 4095
[  26.65s] axe 18 FX2 2            2276 / 4095
[  26.65s] axe 18 FX2 2            2262 / 4095
[  26.66s] axe 18 FX2 2            2248 / 4095
[  26.66s] axe 18 FX2 2            2235 / 4095
[  26.67s] axe 18 FX2 2            2221 / 4095
[  26.68s] axe 18 FX2 2            2207 / 4095
[  26.68s] axe 18 FX2 2            2195 / 4095
[  26.68s] axe 18 FX2 2            2181 / 4095
[  26.69s] axe 18 FX2 2            2170 / 4095
[  26.70s] axe 18 FX2 2            2155 / 4095
[  26.70s] axe 18 FX2 2            2141 / 4095
[  26.71s] axe 18 FX2 2            2127 / 4095
[  26.71s] axe 18 FX2 2            2115 / 4095
[  26.72s] axe 18 FX2 2            2104 / 4095
[  26.72s] axe 18 FX2 2            2092 / 4095
[  26.73s] axe 18 FX2 2            2081 / 4095
[  26.73s] axe 18 FX2 2            2066 / 4095
[  26.74s] axe 18 FX2 2            2053 / 4095
[  26.75s] axe 18 FX2 2            2041 / 4095
[  26.79s] axe 18 FX2 2            2030 / 4095
[  26.87s] axe 18 FX2 2            2042 / 4095
[  26.90s] axe 18 FX2 2            2053 / 4095
[  27.43s] … 2766 blocs recus depuis 3 s, aucun changement (total 19856)
[  27.62s] axe 17 FX2 1            2051 / 4095
[  27.83s] axe 17 FX2 1            2040 / 4095
[  27.85s] axe 17 FX2 1            2027 / 4095
[  27.86s] axe 17 FX2 1            2011 / 4095
[  27.86s] axe 17 FX2 1            1997 / 4095
[  27.86s] axe 17 FX2 1            1983 / 4095
[  27.87s] axe 17 FX2 1            1972 / 4095
[  27.87s] axe 17 FX2 1            1960 / 4095
[  27.87s] axe 17 FX2 1            1949 / 4095
[  27.87s] axe 17 FX2 1            1932 / 4095
[  27.87s] axe 17 FX2 1            1915 / 4095
[  27.88s] axe 17 FX2 1            1897 / 4095
[  27.88s] axe 17 FX2 1            1879 / 4095
[  27.88s] axe 17 FX2 1            1859 / 4095
[  27.88s] axe 17 FX2 1            1836 / 4095
[  27.89s] axe 17 FX2 1            1812 / 4095
[  27.89s] axe 17 FX2 1            1785 / 4095
[  27.89s] axe 17 FX2 1            1758 / 4095
[  27.89s] axe 17 FX2 1            1730 / 4095
[  27.89s] axe 17 FX2 1            1702 / 4095
[  27.90s] axe 17 FX2 1            1673 / 4095
[  27.90s] axe 17 FX2 1            1646 / 4095
[  27.90s] axe 17 FX2 1            1616 / 4095
[  27.90s] axe 17 FX2 1            1585 / 4095
[  27.91s] axe 17 FX2 1            1555 / 4095
[  27.91s] axe 17 FX2 1            1523 / 4095
[  27.91s] axe 17 FX2 1            1491 / 4095
[  27.91s] axe 17 FX2 1            1458 / 4095
[  27.91s] axe 17 FX2 1            1426 / 4095
[  27.92s] axe 17 FX2 1            1393 / 4095
[  27.92s] axe 17 FX2 1            1363 / 4095
[  27.92s] axe 17 FX2 1            1335 / 4095
[  27.92s] axe 17 FX2 1            1306 / 4095
[  27.93s] axe 17 FX2 1            1277 / 4095
[  27.93s] axe 17 FX2 1            1251 / 4095
[  27.93s] axe 17 FX2 1            1224 / 4095
[  27.93s] axe 17 FX2 1            1201 / 4095
[  27.93s] axe 17 FX2 1            1177 / 4095
[  27.94s] axe 17 FX2 1            1153 / 4095
[  27.94s] axe 17 FX2 1            1130 / 4095
[  27.94s] axe 17 FX2 1            1106 / 4095
[  27.94s] axe 17 FX2 1            1083 / 4095
[  27.94s] axe 17 FX2 1            1063 / 4095
[  27.95s] axe 17 FX2 1            1041 / 4095
[  27.95s] axe 17 FX2 1            1020 / 4095
[  27.95s] axe 17 FX2 1            1000 / 4095
[  27.95s] axe 17 FX2 1             981 / 4095
[  27.96s] axe 17 FX2 1             963 / 4095
[  27.96s] axe 17 FX2 1             946 / 4095
[  27.96s] axe 17 FX2 1             927 / 4095
[  27.96s] axe 17 FX2 1             909 / 4095
[  27.96s] axe 17 FX2 1             892 / 4095
[  27.97s] axe 17 FX2 1             873 / 4095
[  27.97s] axe 17 FX2 1             854 / 4095
[  27.97s] axe 17 FX2 1             837 / 4095
[  27.97s] axe 17 FX2 1             820 / 4095
[  27.97s] axe 17 FX2 1             803 / 4095
[  27.98s] axe 17 FX2 1             786 / 4095
[  27.98s] axe 17 FX2 1             769 / 4095
[  27.98s] axe 17 FX2 1             751 / 4095
[  27.98s] axe 17 FX2 1             734 / 4095
[  27.99s] axe 17 FX2 1             718 / 4095
[  27.99s] axe 17 FX2 1             703 / 4095
[  27.99s] axe 17 FX2 1             686 / 4095
[  27.99s] axe 17 FX2 1             670 / 4095
[  27.99s] axe 17 FX2 1             654 / 4095
[  28.00s] axe 17 FX2 1             639 / 4095
[  28.00s] axe 17 FX2 1             624 / 4095
[  28.00s] axe 17 FX2 1             609 / 4095
[  28.00s] axe 17 FX2 1             596 / 4095
[  28.01s] axe 17 FX2 1             583 / 4095
[  28.01s] axe 17 FX2 1             569 / 4095
[  28.01s] axe 17 FX2 1             551 / 4095
[  28.01s] axe 17 FX2 1             535 / 4095
[  28.01s] axe 17 FX2 1             520 / 4095
[  28.02s] axe 17 FX2 1             506 / 4095
[  28.02s] axe 17 FX2 1             493 / 4095
[  28.02s] axe 17 FX2 1             479 / 4095
[  28.02s] axe 17 FX2 1             465 / 4095
[  28.02s] axe 17 FX2 1             450 / 4095
[  28.03s] axe 17 FX2 1             435 / 4095
[  28.03s] axe 17 FX2 1             419 / 4095
[  28.03s] axe 17 FX2 1             404 / 4095
[  28.03s] axe 17 FX2 1             390 / 4095
[  28.04s] axe 17 FX2 1             376 / 4095
[  28.04s] axe 17 FX2 1             361 / 4095
[  28.05s] axe 17 FX2 1             344 / 4095
[  28.05s] axe 17 FX2 1             329 / 4095
[  28.05s] axe 17 FX2 1             310 / 4095
[  28.05s] axe 17 FX2 1             287 / 4095
[  28.05s] axe 17 FX2 1             274 / 4095
[  28.05s] axe 17 FX2 1             262 / 4095
[  28.06s] axe 17 FX2 1             249 / 4095
[  28.06s] axe 17 FX2 1             234 / 4095
[  28.06s] axe 17 FX2 1             221 / 4095
[  28.06s] axe 17 FX2 1             209 / 4095
[  28.06s] axe 17 FX2 1             195 / 4095
[  28.07s] axe 17 FX2 1             182 / 4095
[  28.07s] axe 17 FX2 1             168 / 4095
[  28.07s] axe 17 FX2 1             154 / 4095
[  28.08s] axe 17 FX2 1             140 / 4095
[  28.08s] axe 17 FX2 1             127 / 4095
[  28.08s] axe 17 FX2 1             115 / 4095
[  28.08s] axe 17 FX2 1              91 / 4095
[  28.08s] axe 17 FX2 1              79 / 4095
[  28.09s] axe 17 FX2 1              67 / 4095
[  28.09s] axe 17 FX2 1              54 / 4095
[  28.09s] axe 17 FX2 1              42 / 4095
[  28.09s] axe 17 FX2 1              30 / 4095
[  28.10s] axe 17 FX2 1              14 / 4095
[  28.11s] axe 17 FX2 1               3 / 4095
[  28.50s] axe 17 FX2 1              25 / 4095
[  28.50s] axe 17 FX2 1              40 / 4095
[  28.50s] axe 17 FX2 1              57 / 4095
[  28.50s] axe 17 FX2 1              76 / 4095
[  28.51s] axe 17 FX2 1              94 / 4095
[  28.51s] axe 17 FX2 1             112 / 4095
[  28.51s] axe 17 FX2 1             131 / 4095
[  28.51s] axe 17 FX2 1             151 / 4095
[  28.52s] axe 17 FX2 1             171 / 4095
[  28.52s] axe 17 FX2 1             190 / 4095
[  28.52s] axe 17 FX2 1             208 / 4095
[  28.52s] axe 17 FX2 1             228 / 4095
[  28.52s] axe 17 FX2 1             244 / 4095
[  28.53s] axe 17 FX2 1             262 / 4095
[  28.53s] axe 17 FX2 1             281 / 4095
[  28.53s] axe 17 FX2 1             297 / 4095
[  28.53s] axe 17 FX2 1             315 / 4095
[  28.54s] axe 17 FX2 1             334 / 4095
[  28.54s] axe 17 FX2 1             353 / 4095
[  28.54s] axe 17 FX2 1             370 / 4095
[  28.54s] axe 17 FX2 1             389 / 4095
[  28.54s] axe 17 FX2 1             409 / 4095
[  28.55s] axe 17 FX2 1             428 / 4095
[  28.55s] axe 17 FX2 1             446 / 4095
[  28.55s] axe 17 FX2 1             464 / 4095
[  28.55s] axe 17 FX2 1             480 / 4095
[  28.55s] axe 17 FX2 1             498 / 4095
[  28.56s] axe 17 FX2 1             518 / 4095
[  28.56s] axe 17 FX2 1             540 / 4095
[  28.56s] axe 17 FX2 1             558 / 4095
[  28.56s] axe 17 FX2 1             575 / 4095
[  28.57s] axe 17 FX2 1             593 / 4095
[  28.57s] axe 17 FX2 1             610 / 4095
[  28.57s] axe 17 FX2 1             629 / 4095
[  28.57s] axe 17 FX2 1             647 / 4095
[  28.57s] axe 17 FX2 1             666 / 4095
[  28.58s] axe 17 FX2 1             684 / 4095
[  28.58s] axe 17 FX2 1             703 / 4095
[  28.58s] axe 17 FX2 1             722 / 4095
[  28.58s] axe 17 FX2 1             740 / 4095
[  28.59s] axe 17 FX2 1             758 / 4095
[  28.59s] axe 17 FX2 1             777 / 4095
[  28.59s] axe 17 FX2 1             795 / 4095
[  28.59s] axe 17 FX2 1             812 / 4095
[  28.59s] axe 17 FX2 1             830 / 4095
[  28.60s] axe 17 FX2 1             848 / 4095
[  28.60s] axe 17 FX2 1             864 / 4095
[  28.60s] axe 17 FX2 1             881 / 4095
[  28.60s] axe 17 FX2 1             898 / 4095
[  28.60s] axe 17 FX2 1             914 / 4095
[  28.61s] axe 17 FX2 1             929 / 4095
[  28.61s] axe 17 FX2 1             943 / 4095
[  28.61s] axe 17 FX2 1             959 / 4095
[  28.61s] axe 17 FX2 1             973 / 4095
[  28.62s] axe 17 FX2 1             989 / 4095
[  28.62s] axe 17 FX2 1            1005 / 4095
[  28.62s] axe 17 FX2 1            1020 / 4095
[  28.62s] axe 17 FX2 1            1036 / 4095
[  28.62s] axe 17 FX2 1            1051 / 4095
[  28.63s] axe 17 FX2 1            1067 / 4095
[  28.63s] axe 17 FX2 1            1082 / 4095
[  28.63s] axe 17 FX2 1            1097 / 4095
[  28.63s] axe 17 FX2 1            1111 / 4095
[  28.64s] axe 17 FX2 1            1126 / 4095
[  28.64s] axe 17 FX2 1            1140 / 4095
[  28.64s] axe 17 FX2 1            1154 / 4095
[  28.64s] axe 17 FX2 1            1166 / 4095
[  28.64s] axe 17 FX2 1            1180 / 4095
[  28.65s] axe 17 FX2 1            1193 / 4095
[  28.65s] axe 17 FX2 1            1206 / 4095
[  28.65s] axe 17 FX2 1            1219 / 4095
[  28.65s] axe 17 FX2 1            1232 / 4095
[  28.65s] axe 17 FX2 1            1246 / 4095
[  28.66s] axe 17 FX2 1            1260 / 4095
[  28.66s] axe 17 FX2 1            1273 / 4095
[  28.66s] axe 17 FX2 1            1285 / 4095
[  28.66s] axe 17 FX2 1            1298 / 4095
[  28.67s] axe 17 FX2 1            1309 / 4095
[  28.67s] axe 17 FX2 1            1323 / 4095
[  28.67s] axe 17 FX2 1            1337 / 4095
[  28.67s] axe 17 FX2 1            1350 / 4095
[  28.67s] axe 17 FX2 1            1363 / 4095
[  28.68s] axe 17 FX2 1            1375 / 4095
[  28.68s] axe 17 FX2 1            1387 / 4095
[  28.68s] axe 17 FX2 1            1398 / 4095
[  28.68s] axe 17 FX2 1            1412 / 4095
[  28.69s] axe 17 FX2 1            1425 / 4095
[  28.69s] axe 17 FX2 1            1439 / 4095
[  28.69s] axe 17 FX2 1            1452 / 4095
[  28.69s] axe 17 FX2 1            1465 / 4095
[  28.69s] axe 17 FX2 1            1477 / 4095
[  28.70s] axe 17 FX2 1            1489 / 4095
[  28.70s] axe 17 FX2 1            1501 / 4095
[  28.70s] axe 17 FX2 1            1513 / 4095
[  28.70s] axe 17 FX2 1            1524 / 4095
[  28.70s] axe 17 FX2 1            1537 / 4095
[  28.71s] axe 17 FX2 1            1548 / 4095
[  28.71s] axe 17 FX2 1            1559 / 4095
[  28.71s] axe 17 FX2 1            1571 / 4095
[  28.71s] axe 17 FX2 1            1584 / 4095
[  28.72s] axe 17 FX2 1            1596 / 4095
[  28.72s] axe 17 FX2 1            1607 / 4095
[  28.72s] axe 17 FX2 1            1618 / 4095
[  28.72s] axe 17 FX2 1            1630 / 4095
[  28.72s] axe 17 FX2 1            1642 / 4095
[  28.73s] axe 17 FX2 1            1653 / 4095
[  28.73s] axe 17 FX2 1            1665 / 4095
[  28.73s] axe 17 FX2 1            1677 / 4095
[  28.73s] axe 17 FX2 1            1690 / 4095
[  28.74s] axe 17 FX2 1            1701 / 4095
[  28.74s] axe 17 FX2 1            1712 / 4095
[  28.74s] axe 17 FX2 1            1723 / 4095
[  28.74s] axe 17 FX2 1            1735 / 4095
[  28.74s] axe 17 FX2 1            1747 / 4095
[  28.75s] axe 17 FX2 1            1766 / 4095
[  28.75s] axe 17 FX2 1            1783 / 4095
[  28.76s] axe 17 FX2 1            1802 / 4095
[  28.76s] axe 17 FX2 1            1819 / 4095
[  28.77s] axe 17 FX2 1            1834 / 4095
[  28.77s] axe 17 FX2 1            1849 / 4095
[  28.77s] axe 17 FX2 1            1863 / 4095
[  28.78s] axe 17 FX2 1            1881 / 4095
[  28.78s] axe 17 FX2 1            1901 / 4095
[  28.79s] axe 17 FX2 1            1919 / 4095
[  28.79s] axe 17 FX2 1            1933 / 4095
[  28.80s] axe 17 FX2 1            1947 / 4095
[  28.80s] axe 17 FX2 1            1962 / 4095
[  28.80s] axe 17 FX2 1            1975 / 4095
[  28.81s] axe 17 FX2 1            1987 / 4095
[  28.81s] axe 17 FX2 1            2003 / 4095
[  28.82s] axe 17 FX2 1            2020 / 4095
[  28.82s] axe 17 FX2 1            2032 / 4095
[  28.82s] axe 17 FX2 1            2044 / 4095
[  28.83s] axe 17 FX2 1            2059 / 4095
[  28.84s] axe 17 FX2 1            2070 / 4095
[  28.87s] axe 17 FX2 1            2081 / 4095
[  29.23s] axe 17 FX2 1            2092 / 4095
[  29.24s] axe 17 FX2 1            2104 / 4095
[  29.25s] axe 17 FX2 1            2118 / 4095
[  29.25s] axe 17 FX2 1            2139 / 4095
[  29.25s] axe 17 FX2 1            2153 / 4095
[  29.26s] axe 17 FX2 1            2168 / 4095
[  29.26s] axe 17 FX2 1            2183 / 4095
[  29.26s] axe 17 FX2 1            2198 / 4095
[  29.26s] axe 17 FX2 1            2215 / 4095
[  29.26s] axe 17 FX2 1            2231 / 4095
[  29.27s] axe 17 FX2 1            2248 / 4095
[  29.27s] axe 17 FX2 1            2266 / 4095
[  29.27s] axe 17 FX2 1            2284 / 4095
[  29.27s] axe 17 FX2 1            2301 / 4095
[  29.28s] axe 17 FX2 1            2317 / 4095
[  29.28s] axe 17 FX2 1            2334 / 4095
[  29.28s] axe 17 FX2 1            2349 / 4095
[  29.28s] axe 17 FX2 1            2364 / 4095
[  29.28s] axe 17 FX2 1            2379 / 4095
[  29.29s] axe 17 FX2 1            2392 / 4095
[  29.29s] axe 17 FX2 1            2405 / 4095
[  29.29s] axe 17 FX2 1            2420 / 4095
[  29.29s] axe 17 FX2 1            2435 / 4095
[  29.29s] axe 17 FX2 1            2451 / 4095
[  29.30s] axe 17 FX2 1            2465 / 4095
[  29.30s] axe 17 FX2 1            2478 / 4095
[  29.30s] axe 17 FX2 1            2492 / 4095
[  29.30s] axe 17 FX2 1            2507 / 4095
[  29.31s] axe 17 FX2 1            2522 / 4095
[  29.31s] axe 17 FX2 1            2536 / 4095
[  29.31s] axe 17 FX2 1            2552 / 4095
[  29.31s] axe 17 FX2 1            2568 / 4095
[  29.31s] axe 17 FX2 1            2583 / 4095
[  29.32s] axe 17 FX2 1            2599 / 4095
[  29.32s] axe 17 FX2 1            2615 / 4095
[  29.32s] axe 17 FX2 1            2631 / 4095
[  29.33s] axe 17 FX2 1            2646 / 4095
[  29.33s] axe 17 FX2 1            2662 / 4095
[  29.33s] axe 17 FX2 1            2678 / 4095
[  29.33s] axe 17 FX2 1            2694 / 4095
[  29.33s] axe 17 FX2 1            2709 / 4095
[  29.33s] axe 17 FX2 1            2725 / 4095
[  29.34s] axe 17 FX2 1            2741 / 4095
[  29.34s] axe 17 FX2 1            2757 / 4095
[  29.34s] axe 17 FX2 1            2771 / 4095
[  29.34s] axe 17 FX2 1            2787 / 4095
[  29.34s] axe 17 FX2 1            2803 / 4095
[  29.35s] axe 17 FX2 1            2818 / 4095
[  29.35s] axe 17 FX2 1            2834 / 4095
[  29.35s] axe 17 FX2 1            2849 / 4095
[  29.35s] axe 17 FX2 1            2864 / 4095
[  29.36s] axe 17 FX2 1            2879 / 4095
[  29.36s] axe 17 FX2 1            2894 / 4095
[  29.36s] axe 17 FX2 1            2911 / 4095
[  29.36s] axe 17 FX2 1            2927 / 4095
[  29.36s] axe 17 FX2 1            2945 / 4095
[  29.37s] axe 17 FX2 1            2960 / 4095
[  29.37s] axe 17 FX2 1            2975 / 4095
[  29.37s] axe 17 FX2 1            2993 / 4095
[  29.37s] axe 17 FX2 1            3010 / 4095
[  29.38s] axe 17 FX2 1            3027 / 4095
[  29.38s] axe 17 FX2 1            3045 / 4095
[  29.38s] axe 17 FX2 1            3063 / 4095
[  29.38s] axe 17 FX2 1            3083 / 4095
[  29.38s] axe 17 FX2 1            3102 / 4095
[  29.39s] axe 17 FX2 1            3121 / 4095
[  29.39s] axe 17 FX2 1            3139 / 4095
[  29.39s] axe 17 FX2 1            3158 / 4095
[  29.39s] axe 17 FX2 1            3177 / 4095
[  29.39s] axe 17 FX2 1            3196 / 4095
[  29.40s] axe 17 FX2 1            3216 / 4095
[  29.40s] axe 17 FX2 1            3235 / 4095
[  29.40s] axe 17 FX2 1            3254 / 4095
[  29.40s] axe 17 FX2 1            3272 / 4095
[  29.41s] axe 17 FX2 1            3290 / 4095
[  29.41s] axe 17 FX2 1            3307 / 4095
[  29.41s] axe 17 FX2 1            3326 / 4095
[  29.41s] axe 17 FX2 1            3344 / 4095
[  29.41s] axe 17 FX2 1            3365 / 4095
[  29.42s] axe 17 FX2 1            3384 / 4095
[  29.42s] axe 17 FX2 1            3402 / 4095
[  29.42s] axe 17 FX2 1            3421 / 4095
[  29.42s] axe 17 FX2 1            3439 / 4095
[  29.43s] axe 17 FX2 1            3456 / 4095
[  29.43s] axe 17 FX2 1            3474 / 4095
[  29.43s] axe 17 FX2 1            3493 / 4095
[  29.43s] axe 17 FX2 1            3510 / 4095
[  29.44s] axe 17 FX2 1            3526 / 4095
[  29.44s] axe 17 FX2 1            3544 / 4095
[  29.44s] axe 17 FX2 1            3561 / 4095
[  29.44s] axe 17 FX2 1            3578 / 4095
[  29.44s] axe 17 FX2 1            3596 / 4095
[  29.44s] axe 17 FX2 1            3614 / 4095
[  29.45s] axe 17 FX2 1            3631 / 4095
[  29.45s] axe 17 FX2 1            3648 / 4095
[  29.45s] axe 17 FX2 1            3667 / 4095
[  29.45s] axe 17 FX2 1            3683 / 4095
[  29.46s] axe 17 FX2 1            3700 / 4095
[  29.46s] axe 17 FX2 1            3718 / 4095
[  29.46s] axe 17 FX2 1            3734 / 4095
[  29.46s] axe 17 FX2 1            3750 / 4095
[  29.46s] axe 17 FX2 1            3768 / 4095
[  29.47s] axe 17 FX2 1            3785 / 4095
[  29.47s] axe 17 FX2 1            3800 / 4095
[  29.47s] axe 17 FX2 1            3816 / 4095
[  29.47s] axe 17 FX2 1            3834 / 4095
[  29.48s] axe 17 FX2 1            3849 / 4095
[  29.48s] axe 17 FX2 1            3863 / 4095
[  29.48s] axe 17 FX2 1            3879 / 4095
[  29.48s] axe 17 FX2 1            3896 / 4095
[  29.48s] axe 17 FX2 1            3913 / 4095
[  29.49s] axe 17 FX2 1            3929 / 4095
[  29.49s] axe 17 FX2 1            3947 / 4095
[  29.49s] axe 17 FX2 1            3961 / 4095
[  29.49s] axe 17 FX2 1            3979 / 4095
[  29.49s] axe 17 FX2 1            3997 / 4095
[  29.50s] axe 17 FX2 1            4014 / 4095
[  29.50s] axe 17 FX2 1            4030 / 4095
[  29.50s] axe 17 FX2 1            4051 / 4095
[  29.50s] axe 17 FX2 1            4070 / 4095
[  29.51s] axe 17 FX2 1            4088 / 4095
[  29.95s] axe 17 FX2 1            4065 / 4095
[  29.95s] axe 17 FX2 1            4043 / 4095
[  29.95s] axe 17 FX2 1            4024 / 4095
[  29.96s] axe 17 FX2 1            4004 / 4095
[  29.96s] axe 17 FX2 1            3983 / 4095
[  29.96s] axe 17 FX2 1            3962 / 4095
[  29.96s] axe 17 FX2 1            3941 / 4095
[  29.96s] axe 17 FX2 1            3920 / 4095
[  29.97s] axe 17 FX2 1            3897 / 4095
[  29.97s] axe 17 FX2 1            3876 / 4095
[  29.97s] axe 17 FX2 1            3853 / 4095
[  29.97s] axe 17 FX2 1            3829 / 4095
[  29.98s] axe 17 FX2 1            3807 / 4095
[  29.98s] axe 17 FX2 1            3781 / 4095
[  29.98s] axe 17 FX2 1            3758 / 4095
[  29.98s] axe 17 FX2 1            3733 / 4095
[  29.98s] axe 17 FX2 1            3709 / 4095
[  29.99s] axe 17 FX2 1            3684 / 4095
[  29.99s] axe 17 FX2 1            3660 / 4095
[  29.99s] axe 17 FX2 1            3634 / 4095
[  29.99s] axe 17 FX2 1            3611 / 4095
[  30.00s] axe 17 FX2 1            3589 / 4095
[  30.00s] axe 17 FX2 1            3565 / 4095
[  30.00s] axe 17 FX2 1            3544 / 4095
[  30.00s] axe 17 FX2 1            3521 / 4095
[  30.00s] axe 17 FX2 1            3501 / 4095
[  30.01s] axe 17 FX2 1            3481 / 4095
[  30.01s] axe 17 FX2 1            3462 / 4095
[  30.01s] axe 17 FX2 1            3444 / 4095
[  30.01s] axe 17 FX2 1            3426 / 4095
[  30.02s] axe 17 FX2 1            3406 / 4095
[  30.02s] axe 17 FX2 1            3388 / 4095
[  30.02s] axe 17 FX2 1            3371 / 4095
[  30.02s] axe 17 FX2 1            3353 / 4095
[  30.02s] axe 17 FX2 1            3336 / 4095
[  30.03s] axe 17 FX2 1            3322 / 4095
[  30.03s] axe 17 FX2 1            3307 / 4095
[  30.03s] axe 17 FX2 1            3293 / 4095
[  30.03s] axe 17 FX2 1            3278 / 4095
[  30.03s] axe 17 FX2 1            3263 / 4095
[  30.04s] axe 17 FX2 1            3249 / 4095
[  30.04s] axe 17 FX2 1            3235 / 4095
[  30.04s] axe 17 FX2 1            3221 / 4095
[  30.05s] axe 17 FX2 1            3206 / 4095
[  30.05s] axe 17 FX2 1            3192 / 4095
[  30.05s] axe 17 FX2 1            3173 / 4095
[  30.05s] axe 17 FX2 1            3161 / 4095
[  30.05s] axe 17 FX2 1            3147 / 4095
[  30.05s] axe 17 FX2 1            3133 / 4095
[  30.06s] axe 17 FX2 1            3119 / 4095
[  30.06s] axe 17 FX2 1            3107 / 4095
[  30.06s] axe 17 FX2 1            3094 / 4095
[  30.06s] axe 17 FX2 1            3081 / 4095
[  30.07s] axe 17 FX2 1            3066 / 4095
[  30.07s] axe 17 FX2 1            3054 / 4095
[  30.07s] axe 17 FX2 1            3041 / 4095
[  30.07s] axe 17 FX2 1            3029 / 4095
[  30.07s] axe 17 FX2 1            3017 / 4095
[  30.08s] axe 17 FX2 1            3005 / 4095
[  30.08s] axe 17 FX2 1            2994 / 4095
[  30.08s] axe 17 FX2 1            2983 / 4095
[  30.08s] axe 17 FX2 1            2971 / 4095
[  30.09s] axe 17 FX2 1            2960 / 4095
[  30.09s] axe 17 FX2 1            2947 / 4095
[  30.09s] axe 17 FX2 1            2936 / 4095
[  30.09s] axe 17 FX2 1            2925 / 4095
[  30.09s] axe 17 FX2 1            2913 / 4095
[  30.10s] axe 17 FX2 1            2902 / 4095
[  30.10s] axe 17 FX2 1            2883 / 4095
[  30.10s] axe 17 FX2 1            2863 / 4095
[  30.11s] axe 17 FX2 1            2844 / 4095
[  30.11s] axe 17 FX2 1            2825 / 4095
[  30.12s] axe 17 FX2 1            2806 / 4095
[  30.12s] axe 17 FX2 1            2791 / 4095
[  30.13s] axe 17 FX2 1            2775 / 4095
[  30.13s] axe 17 FX2 1            2759 / 4095
[  30.14s] axe 17 FX2 1            2745 / 4095
[  30.14s] axe 17 FX2 1            2733 / 4095
[  30.15s] axe 17 FX2 1            2721 / 4095
[  30.15s] axe 17 FX2 1            2710 / 4095
[  30.15s] axe 17 FX2 1            2699 / 4095
[  30.16s] axe 17 FX2 1            2688 / 4095
[  30.16s] axe 17 FX2 1            2676 / 4095
[  30.17s] axe 17 FX2 1            2660 / 4095
[  30.18s] axe 17 FX2 1            2643 / 4095
[  30.18s] axe 17 FX2 1            2632 / 4095
[  30.18s] axe 17 FX2 1            2619 / 4095
[  30.19s] axe 17 FX2 1            2608 / 4095
[  30.19s] axe 17 FX2 1            2597 / 4095
[  30.20s] axe 17 FX2 1            2586 / 4095
[  30.20s] axe 17 FX2 1            2573 / 4095
[  30.21s] axe 17 FX2 1            2561 / 4095
[  30.21s] axe 17 FX2 1            2548 / 4095
[  30.21s] axe 17 FX2 1            2537 / 4095
[  30.22s] axe 17 FX2 1            2525 / 4095
[  30.22s] axe 17 FX2 1            2514 / 4095
[  30.23s] axe 17 FX2 1            2503 / 4095
[  30.23s] axe 17 FX2 1            2488 / 4095
[  30.24s] axe 17 FX2 1            2472 / 4095
[  30.24s] axe 17 FX2 1            2461 / 4095
[  30.25s] axe 17 FX2 1            2448 / 4095
[  30.25s] axe 17 FX2 1            2435 / 4095
[  30.26s] axe 17 FX2 1            2423 / 4095
[  30.26s] axe 17 FX2 1            2409 / 4095
[  30.28s] axe 17 FX2 1            2394 / 4095
[  30.28s] axe 17 FX2 1            2381 / 4095
[  30.28s] axe 17 FX2 1            2368 / 4095
[  30.29s] axe 17 FX2 1            2355 / 4095
[  30.30s] axe 17 FX2 1            2342 / 4095
[  30.31s] axe 17 FX2 1            2331 / 4095
[  30.31s] axe 17 FX2 1            2319 / 4095
[  30.32s] axe 17 FX2 1            2307 / 4095
[  30.33s] axe 17 FX2 1            2296 / 4095
[  30.34s] axe 17 FX2 1            2283 / 4095
[  30.35s] axe 17 FX2 1            2271 / 4095
[  30.37s] axe 17 FX2 1            2259 / 4095
[  30.38s] axe 17 FX2 1            2246 / 4095
[  30.39s] axe 17 FX2 1            2233 / 4095
[  30.40s] axe 17 FX2 1            2221 / 4095
[  30.41s] axe 17 FX2 1            2208 / 4095
[  30.42s] axe 17 FX2 1            2196 / 4095
[  30.43s] axe 17 FX2 1            2181 / 4095
[  30.43s] axe 17 FX2 1            2169 / 4095
[  30.43s] … 2946 blocs recus depuis 3 s, aucun changement (total 22802)
[  30.44s] axe 17 FX2 1            2156 / 4095
[  30.45s] axe 17 FX2 1            2145 / 4095
[  30.46s] axe 17 FX2 1            2133 / 4095
[  30.47s] axe 17 FX2 1            2120 / 4095
[  30.48s] axe 17 FX2 1            2105 / 4095
[  30.48s] axe 17 FX2 1            2093 / 4095
[  30.48s] axe 17 FX2 1            2082 / 4095
[  30.49s] axe 17 FX2 1            2071 / 4095
[  30.52s] axe 17 FX2 1            2060 / 4095
[  31.06s] axe 16 FX2 dry/wet      2087 / 4095
[  31.08s] axe 16 FX2 dry/wet      2075 / 4095
[  31.09s] axe 16 FX2 dry/wet      2061 / 4095
[  31.09s] axe 16 FX2 dry/wet      2049 / 4095
[  31.10s] axe 16 FX2 dry/wet      2033 / 4095
[  31.10s] axe 16 FX2 dry/wet      2022 / 4095
[  31.10s] axe 16 FX2 dry/wet      2010 / 4095
[  31.10s] axe 16 FX2 dry/wet      1998 / 4095
[  31.10s] axe 16 FX2 dry/wet      1987 / 4095
[  31.11s] axe 16 FX2 dry/wet      1975 / 4095
[  31.11s] axe 16 FX2 dry/wet      1962 / 4095
[  31.11s] axe 16 FX2 dry/wet      1949 / 4095
[  31.11s] axe 16 FX2 dry/wet      1937 / 4095
[  31.12s] axe 16 FX2 dry/wet      1924 / 4095
[  31.12s] axe 16 FX2 dry/wet      1909 / 4095
[  31.12s] axe 16 FX2 dry/wet      1892 / 4095
[  31.12s] axe 16 FX2 dry/wet      1876 / 4095
[  31.12s] axe 16 FX2 dry/wet      1860 / 4095
[  31.13s] axe 16 FX2 dry/wet      1845 / 4095
[  31.13s] axe 16 FX2 dry/wet      1831 / 4095
[  31.13s] axe 16 FX2 dry/wet      1816 / 4095
[  31.13s] axe 16 FX2 dry/wet      1797 / 4095
[  31.13s] axe 16 FX2 dry/wet      1782 / 4095
[  31.14s] axe 16 FX2 dry/wet      1767 / 4095
[  31.14s] axe 16 FX2 dry/wet      1749 / 4095
[  31.14s] axe 16 FX2 dry/wet      1732 / 4095
[  31.15s] axe 16 FX2 dry/wet      1714 / 4095
[  31.15s] axe 16 FX2 dry/wet      1695 / 4095
[  31.15s] axe 16 FX2 dry/wet      1679 / 4095
[  31.15s] axe 16 FX2 dry/wet      1662 / 4095
[  31.15s] axe 16 FX2 dry/wet      1644 / 4095
[  31.15s] axe 16 FX2 dry/wet      1629 / 4095
[  31.16s] axe 16 FX2 dry/wet      1613 / 4095
[  31.16s] axe 16 FX2 dry/wet      1593 / 4095
[  31.16s] axe 16 FX2 dry/wet      1573 / 4095
[  31.17s] axe 16 FX2 dry/wet      1556 / 4095
[  31.17s] axe 16 FX2 dry/wet      1538 / 4095
[  31.17s] axe 16 FX2 dry/wet      1492 / 4095
[  31.17s] axe 16 FX2 dry/wet      1474 / 4095
[  31.18s] axe 16 FX2 dry/wet      1457 / 4095
[  31.18s] axe 16 FX2 dry/wet      1438 / 4095
[  31.18s] axe 16 FX2 dry/wet      1418 / 4095
[  31.18s] axe 16 FX2 dry/wet      1400 / 4095
[  31.18s] axe 16 FX2 dry/wet      1383 / 4095
[  31.19s] axe 16 FX2 dry/wet      1366 / 4095
[  31.19s] axe 16 FX2 dry/wet      1350 / 4095
[  31.19s] axe 16 FX2 dry/wet      1332 / 4095
[  31.19s] axe 16 FX2 dry/wet      1313 / 4095
[  31.20s] axe 16 FX2 dry/wet      1296 / 4095
[  31.20s] axe 16 FX2 dry/wet      1280 / 4095
[  31.20s] axe 16 FX2 dry/wet      1264 / 4095
[  31.20s] axe 16 FX2 dry/wet      1244 / 4095
[  31.20s] axe 16 FX2 dry/wet      1223 / 4095
[  31.21s] axe 16 FX2 dry/wet      1205 / 4095
[  31.21s] axe 16 FX2 dry/wet      1188 / 4095
[  31.21s] axe 16 FX2 dry/wet      1171 / 4095
[  31.21s] axe 16 FX2 dry/wet      1153 / 4095
[  31.21s] axe 16 FX2 dry/wet      1133 / 4095
[  31.22s] axe 16 FX2 dry/wet      1113 / 4095
[  31.22s] axe 16 FX2 dry/wet      1096 / 4095
[  31.22s] axe 16 FX2 dry/wet      1075 / 4095
[  31.22s] axe 16 FX2 dry/wet      1055 / 4095
[  31.23s] axe 16 FX2 dry/wet      1037 / 4095
[  31.23s] axe 16 FX2 dry/wet      1019 / 4095
[  31.23s] axe 16 FX2 dry/wet      1002 / 4095
[  31.23s] axe 16 FX2 dry/wet       983 / 4095
[  31.23s] axe 16 FX2 dry/wet       961 / 4095
[  31.24s] axe 16 FX2 dry/wet       940 / 4095
[  31.24s] axe 16 FX2 dry/wet       922 / 4095
[  31.24s] axe 16 FX2 dry/wet       904 / 4095
[  31.25s] axe 16 FX2 dry/wet       884 / 4095
[  31.25s] axe 16 FX2 dry/wet       864 / 4095
[  31.25s] axe 16 FX2 dry/wet       834 / 4095
[  31.25s] axe 16 FX2 dry/wet       794 / 4095
[  31.25s] axe 16 FX2 dry/wet       772 / 4095
[  31.26s] axe 16 FX2 dry/wet       754 / 4095
[  31.26s] axe 16 FX2 dry/wet       738 / 4095
[  31.26s] axe 16 FX2 dry/wet       720 / 4095
[  31.26s] axe 16 FX2 dry/wet       697 / 4095
[  31.27s] axe 16 FX2 dry/wet       676 / 4095
[  31.27s] axe 16 FX2 dry/wet       654 / 4095
[  31.27s] axe 16 FX2 dry/wet       634 / 4095
[  31.27s] axe 16 FX2 dry/wet       614 / 4095
[  31.28s] axe 16 FX2 dry/wet       598 / 4095
[  31.28s] axe 16 FX2 dry/wet       586 / 4095
[  31.28s] axe 16 FX2 dry/wet       570 / 4095
[  31.29s] axe 16 FX2 dry/wet       544 / 4095
[  31.29s] axe 16 FX2 dry/wet       508 / 4095
[  31.29s] axe 16 FX2 dry/wet       491 / 4095
[  31.29s] axe 16 FX2 dry/wet       474 / 4095
[  31.29s] axe 16 FX2 dry/wet       453 / 4095
[  31.29s] axe 16 FX2 dry/wet       432 / 4095
[  31.30s] axe 16 FX2 dry/wet       416 / 4095
[  31.30s] axe 16 FX2 dry/wet       401 / 4095
[  31.30s] axe 16 FX2 dry/wet       387 / 4095
[  31.30s] axe 16 FX2 dry/wet       373 / 4095
[  31.31s] axe 16 FX2 dry/wet       357 / 4095
[  31.31s] axe 16 FX2 dry/wet       341 / 4095
[  31.31s] axe 16 FX2 dry/wet       323 / 4095
[  31.31s] axe 16 FX2 dry/wet       304 / 4095
[  31.31s] axe 16 FX2 dry/wet       288 / 4095
[  31.32s] axe 16 FX2 dry/wet       272 / 4095
[  31.32s] axe 16 FX2 dry/wet       251 / 4095
[  31.32s] axe 16 FX2 dry/wet       231 / 4095
[  31.32s] axe 16 FX2 dry/wet       216 / 4095
[  31.33s] axe 16 FX2 dry/wet       201 / 4095
[  31.33s] axe 16 FX2 dry/wet       185 / 4095
[  31.33s] axe 16 FX2 dry/wet       165 / 4095
[  31.33s] axe 16 FX2 dry/wet       150 / 4095
[  31.33s] axe 16 FX2 dry/wet       133 / 4095
[  31.34s] axe 16 FX2 dry/wet       112 / 4095
[  31.34s] axe 16 FX2 dry/wet        97 / 4095
[  31.34s] axe 16 FX2 dry/wet        76 / 4095
[  31.34s] axe 16 FX2 dry/wet        61 / 4095
[  31.34s] axe 16 FX2 dry/wet        44 / 4095
[  31.35s] axe 16 FX2 dry/wet        30 / 4095
[  31.35s] axe 16 FX2 dry/wet        14 / 4095
[  31.36s] axe 16 FX2 dry/wet         3 / 4095
[  31.79s] axe 16 FX2 dry/wet        14 / 4095
[  31.79s] axe 16 FX2 dry/wet        33 / 4095
[  31.80s] axe 16 FX2 dry/wet        50 / 4095
[  31.80s] axe 16 FX2 dry/wet        64 / 4095
[  31.80s] axe 16 FX2 dry/wet        78 / 4095
[  31.81s] axe 16 FX2 dry/wet       100 / 4095
[  31.81s] axe 16 FX2 dry/wet       117 / 4095
[  31.81s] axe 16 FX2 dry/wet       128 / 4095
[  31.81s] axe 16 FX2 dry/wet       139 / 4095
[  31.82s] axe 16 FX2 dry/wet       157 / 4095
[  31.82s] axe 16 FX2 dry/wet       172 / 4095
[  31.82s] axe 16 FX2 dry/wet       185 / 4095
[  31.82s] axe 16 FX2 dry/wet       196 / 4095
[  31.83s] axe 16 FX2 dry/wet       208 / 4095
[  31.83s] axe 16 FX2 dry/wet       224 / 4095
[  31.83s] axe 16 FX2 dry/wet       244 / 4095
[  31.83s] axe 16 FX2 dry/wet       260 / 4095
[  31.83s] axe 16 FX2 dry/wet       276 / 4095
[  31.84s] axe 16 FX2 dry/wet       292 / 4095
[  31.84s] axe 16 FX2 dry/wet       308 / 4095
[  31.84s] axe 16 FX2 dry/wet       326 / 4095
[  31.84s] axe 16 FX2 dry/wet       345 / 4095
[  31.84s] axe 16 FX2 dry/wet       361 / 4095
[  31.85s] axe 16 FX2 dry/wet       374 / 4095
[  31.85s] axe 16 FX2 dry/wet       385 / 4095
[  31.85s] axe 16 FX2 dry/wet       401 / 4095
[  31.85s] axe 16 FX2 dry/wet       419 / 4095
[  31.86s] axe 16 FX2 dry/wet       435 / 4095
[  31.86s] axe 16 FX2 dry/wet       453 / 4095
[  31.86s] axe 16 FX2 dry/wet       469 / 4095
[  31.86s] axe 16 FX2 dry/wet       485 / 4095
[  31.86s] axe 16 FX2 dry/wet       499 / 4095
[  31.87s] axe 16 FX2 dry/wet       516 / 4095
[  31.87s] axe 16 FX2 dry/wet       533 / 4095
[  31.87s] axe 16 FX2 dry/wet       548 / 4095
[  31.87s] axe 16 FX2 dry/wet       564 / 4095
[  31.88s] axe 16 FX2 dry/wet       578 / 4095
[  31.88s] axe 16 FX2 dry/wet       593 / 4095
[  31.88s] axe 16 FX2 dry/wet       607 / 4095
[  31.88s] axe 16 FX2 dry/wet       622 / 4095
[  31.88s] axe 16 FX2 dry/wet       638 / 4095
[  31.89s] axe 16 FX2 dry/wet       654 / 4095
[  31.89s] axe 16 FX2 dry/wet       674 / 4095
[  31.89s] axe 16 FX2 dry/wet       693 / 4095
[  31.89s] axe 16 FX2 dry/wet       706 / 4095
[  31.90s] axe 16 FX2 dry/wet       719 / 4095
[  31.90s] axe 16 FX2 dry/wet       730 / 4095
[  31.90s] axe 16 FX2 dry/wet       743 / 4095
[  31.90s] axe 16 FX2 dry/wet       758 / 4095
[  31.90s] axe 16 FX2 dry/wet       774 / 4095
[  31.91s] axe 16 FX2 dry/wet       789 / 4095
[  31.91s] axe 16 FX2 dry/wet       803 / 4095
[  31.91s] axe 16 FX2 dry/wet       816 / 4095
[  31.91s] axe 16 FX2 dry/wet       831 / 4095
[  31.91s] axe 16 FX2 dry/wet       847 / 4095
[  31.92s] axe 16 FX2 dry/wet       862 / 4095
[  31.92s] axe 16 FX2 dry/wet       876 / 4095
[  31.92s] axe 16 FX2 dry/wet       890 / 4095
[  31.92s] axe 16 FX2 dry/wet       903 / 4095
[  31.93s] axe 16 FX2 dry/wet       917 / 4095
[  31.93s] axe 16 FX2 dry/wet       932 / 4095
[  31.93s] axe 16 FX2 dry/wet       945 / 4095
[  31.93s] axe 16 FX2 dry/wet       959 / 4095
[  31.93s] axe 16 FX2 dry/wet       973 / 4095
[  31.94s] axe 16 FX2 dry/wet       986 / 4095
[  31.94s] axe 16 FX2 dry/wet       997 / 4095
[  31.94s] axe 16 FX2 dry/wet      1017 / 4095
[  31.94s] axe 16 FX2 dry/wet      1031 / 4095
[  31.95s] axe 16 FX2 dry/wet      1045 / 4095
[  31.95s] axe 16 FX2 dry/wet      1057 / 4095
[  31.95s] axe 16 FX2 dry/wet      1068 / 4095
[  31.95s] axe 16 FX2 dry/wet      1080 / 4095
[  31.96s] axe 16 FX2 dry/wet      1093 / 4095
[  31.96s] axe 16 FX2 dry/wet      1106 / 4095
[  31.96s] axe 16 FX2 dry/wet      1117 / 4095
[  31.96s] axe 16 FX2 dry/wet      1138 / 4095
[  31.97s] axe 16 FX2 dry/wet      1150 / 4095
[  31.97s] axe 16 FX2 dry/wet      1168 / 4095
[  31.98s] axe 16 FX2 dry/wet      1189 / 4095
[  31.98s] axe 16 FX2 dry/wet      1202 / 4095
[  31.98s] axe 16 FX2 dry/wet      1222 / 4095
[  31.99s] axe 16 FX2 dry/wet      1245 / 4095
[  31.99s] axe 16 FX2 dry/wet      1264 / 4095
[  32.00s] axe 16 FX2 dry/wet      1285 / 4095
[  32.00s] axe 16 FX2 dry/wet      1296 / 4095
[  32.00s] axe 16 FX2 dry/wet      1308 / 4095
[  32.00s] axe 16 FX2 dry/wet      1319 / 4095
[  32.01s] axe 16 FX2 dry/wet      1335 / 4095
[  32.01s] axe 16 FX2 dry/wet      1356 / 4095
[  32.02s] axe 16 FX2 dry/wet      1374 / 4095
[  32.02s] axe 16 FX2 dry/wet      1391 / 4095
[  32.02s] axe 16 FX2 dry/wet      1409 / 4095
[  32.03s] axe 16 FX2 dry/wet      1426 / 4095
[  32.03s] axe 16 FX2 dry/wet      1444 / 4095
[  32.04s] axe 16 FX2 dry/wet      1459 / 4095
[  32.04s] axe 16 FX2 dry/wet      1475 / 4095
[  32.05s] axe 16 FX2 dry/wet      1494 / 4095
[  32.05s] axe 16 FX2 dry/wet      1514 / 4095
[  32.05s] axe 16 FX2 dry/wet      1533 / 4095
[  32.06s] axe 16 FX2 dry/wet      1552 / 4095
[  32.06s] axe 16 FX2 dry/wet      1568 / 4095
[  32.07s] axe 16 FX2 dry/wet      1586 / 4095
[  32.07s] axe 16 FX2 dry/wet      1603 / 4095
[  32.08s] axe 16 FX2 dry/wet      1622 / 4095
[  32.08s] axe 16 FX2 dry/wet      1639 / 4095
[  32.08s] axe 16 FX2 dry/wet      1651 / 4095
[  32.09s] axe 16 FX2 dry/wet      1667 / 4095
[  32.09s] axe 16 FX2 dry/wet      1684 / 4095
[  32.10s] axe 16 FX2 dry/wet      1698 / 4095
[  32.10s] axe 16 FX2 dry/wet      1711 / 4095
[  32.11s] axe 16 FX2 dry/wet      1730 / 4095
[  32.11s] axe 16 FX2 dry/wet      1747 / 4095
[  32.12s] axe 16 FX2 dry/wet      1762 / 4095
[  32.12s] axe 16 FX2 dry/wet      1778 / 4095
[  32.13s] axe 16 FX2 dry/wet      1796 / 4095
[  32.13s] axe 16 FX2 dry/wet      1809 / 4095
[  32.13s] axe 16 FX2 dry/wet      1821 / 4095
[  32.14s] axe 16 FX2 dry/wet      1837 / 4095
[  32.15s] axe 16 FX2 dry/wet      1850 / 4095
[  32.15s] axe 16 FX2 dry/wet      1861 / 4095
[  32.15s] axe 16 FX2 dry/wet      1876 / 4095
[  32.16s] axe 16 FX2 dry/wet      1894 / 4095
[  32.17s] axe 16 FX2 dry/wet      1907 / 4095
[  32.17s] axe 16 FX2 dry/wet      1919 / 4095
[  32.17s] axe 16 FX2 dry/wet      1949 / 4095
[  32.18s] axe 16 FX2 dry/wet      1964 / 4095
[  32.18s] axe 16 FX2 dry/wet      1979 / 4095
[  32.19s] axe 16 FX2 dry/wet      1997 / 4095
[  32.19s] axe 16 FX2 dry/wet      2011 / 4095
[  32.19s] axe 16 FX2 dry/wet      2023 / 4095
[  32.19s] axe 16 FX2 dry/wet      2037 / 4095
[  32.19s] axe 16 FX2 dry/wet      2053 / 4095
[  32.20s] axe 16 FX2 dry/wet      2068 / 4095
[  32.20s] axe 16 FX2 dry/wet      2079 / 4095
[  32.20s] axe 16 FX2 dry/wet      2097 / 4095
[  32.21s] axe 16 FX2 dry/wet      2111 / 4095
[  32.21s] axe 16 FX2 dry/wet      2122 / 4095
[  32.23s] axe 16 FX2 dry/wet      2134 / 4095
[  32.25s] axe 16 FX2 dry/wet      2145 / 4095
[  32.27s] axe 16 FX2 dry/wet      2157 / 4095
[  32.29s] axe 16 FX2 dry/wet      2169 / 4095
[  32.30s] axe 16 FX2 dry/wet      2181 / 4095
[  32.32s] axe 16 FX2 dry/wet      2192 / 4095
[  32.40s] axe 16 FX2 dry/wet      2181 / 4095
[  32.45s] axe 16 FX2 dry/wet      2170 / 4095
[  32.49s] axe 16 FX2 dry/wet      2159 / 4095
[  32.52s] axe 16 FX2 dry/wet      2148 / 4095
[  32.63s] axe 16 FX2 dry/wet      2160 / 4095
[  32.64s] axe 16 FX2 dry/wet      2175 / 4095
[  32.64s] axe 16 FX2 dry/wet      2191 / 4095
[  32.64s] axe 16 FX2 dry/wet      2209 / 4095
[  32.65s] axe 16 FX2 dry/wet      2223 / 4095
[  32.65s] axe 16 FX2 dry/wet      2239 / 4095
[  32.65s] axe 16 FX2 dry/wet      2253 / 4095
[  32.65s] axe 16 FX2 dry/wet      2270 / 4095
[  32.66s] axe 16 FX2 dry/wet      2291 / 4095
[  32.66s] axe 16 FX2 dry/wet      2314 / 4095
[  32.66s] axe 16 FX2 dry/wet      2336 / 4095
[  32.66s] axe 16 FX2 dry/wet      2355 / 4095
[  32.66s] axe 16 FX2 dry/wet      2373 / 4095
[  32.67s] axe 16 FX2 dry/wet      2393 / 4095
[  32.67s] axe 16 FX2 dry/wet      2415 / 4095
[  32.67s] axe 16 FX2 dry/wet      2435 / 4095
[  32.67s] axe 16 FX2 dry/wet      2454 / 4095
[  32.67s] axe 16 FX2 dry/wet      2475 / 4095
[  32.68s] axe 16 FX2 dry/wet      2495 / 4095
[  32.68s] axe 16 FX2 dry/wet      2518 / 4095
[  32.68s] axe 16 FX2 dry/wet      2538 / 4095
[  32.68s] axe 16 FX2 dry/wet      2555 / 4095
[  32.69s] axe 16 FX2 dry/wet      2576 / 4095
[  32.69s] axe 16 FX2 dry/wet      2597 / 4095
[  32.69s] axe 16 FX2 dry/wet      2617 / 4095
[  32.69s] axe 16 FX2 dry/wet      2637 / 4095
[  32.69s] axe 16 FX2 dry/wet      2658 / 4095
[  32.70s] axe 16 FX2 dry/wet      2679 / 4095
[  32.70s] axe 16 FX2 dry/wet      2700 / 4095
[  32.70s] axe 16 FX2 dry/wet      2722 / 4095
[  32.70s] axe 16 FX2 dry/wet      2743 / 4095
[  32.71s] axe 16 FX2 dry/wet      2763 / 4095
[  32.71s] axe 16 FX2 dry/wet      2785 / 4095
[  32.71s] axe 16 FX2 dry/wet      2806 / 4095
[  32.71s] axe 16 FX2 dry/wet      2829 / 4095
[  32.71s] axe 16 FX2 dry/wet      2852 / 4095
[  32.72s] axe 16 FX2 dry/wet      2876 / 4095
[  32.72s] axe 16 FX2 dry/wet      2900 / 4095
[  32.72s] axe 16 FX2 dry/wet      2922 / 4095
[  32.72s] axe 16 FX2 dry/wet      2942 / 4095
[  32.73s] axe 16 FX2 dry/wet      2967 / 4095
[  32.73s] axe 16 FX2 dry/wet      2992 / 4095
[  32.73s] axe 16 FX2 dry/wet      3018 / 4095
[  32.73s] axe 16 FX2 dry/wet      3042 / 4095
[  32.73s] axe 16 FX2 dry/wet      3066 / 4095
[  32.74s] axe 16 FX2 dry/wet      3092 / 4095
[  32.74s] axe 16 FX2 dry/wet      3117 / 4095
[  32.74s] axe 16 FX2 dry/wet      3144 / 4095
[  32.74s] axe 16 FX2 dry/wet      3170 / 4095
[  32.74s] axe 16 FX2 dry/wet      3194 / 4095
[  32.75s] axe 16 FX2 dry/wet      3218 / 4095
[  32.75s] axe 16 FX2 dry/wet      3245 / 4095
[  32.75s] axe 16 FX2 dry/wet      3272 / 4095
[  32.75s] axe 16 FX2 dry/wet      3296 / 4095
[  32.76s] axe 16 FX2 dry/wet      3323 / 4095
[  32.76s] axe 16 FX2 dry/wet      3348 / 4095
[  32.76s] axe 16 FX2 dry/wet      3373 / 4095
[  32.76s] axe 16 FX2 dry/wet      3397 / 4095
[  32.76s] axe 16 FX2 dry/wet      3420 / 4095
[  32.77s] axe 16 FX2 dry/wet      3445 / 4095
[  32.77s] axe 16 FX2 dry/wet      3468 / 4095
[  32.77s] axe 16 FX2 dry/wet      3489 / 4095
[  32.77s] axe 16 FX2 dry/wet      3509 / 4095
[  32.78s] axe 16 FX2 dry/wet      3531 / 4095
[  32.78s] axe 16 FX2 dry/wet      3550 / 4095
[  32.78s] axe 16 FX2 dry/wet      3569 / 4095
[  32.78s] axe 16 FX2 dry/wet      3594 / 4095
[  32.78s] axe 16 FX2 dry/wet      3615 / 4095
[  32.79s] axe 16 FX2 dry/wet      3633 / 4095
[  32.79s] axe 16 FX2 dry/wet      3654 / 4095
[  32.79s] axe 16 FX2 dry/wet      3675 / 4095
[  32.79s] axe 16 FX2 dry/wet      3697 / 4095
[  32.79s] axe 16 FX2 dry/wet      3718 / 4095
[  32.80s] axe 16 FX2 dry/wet      3738 / 4095
[  32.80s] axe 16 FX2 dry/wet      3759 / 4095
[  32.80s] axe 16 FX2 dry/wet      3777 / 4095
[  32.80s] axe 16 FX2 dry/wet      3794 / 4095
[  32.81s] axe 16 FX2 dry/wet      3812 / 4095
[  32.81s] axe 16 FX2 dry/wet      3831 / 4095
[  32.81s] axe 16 FX2 dry/wet      3849 / 4095
[  32.81s] axe 16 FX2 dry/wet      3865 / 4095
[  32.81s] axe 16 FX2 dry/wet      3877 / 4095
[  32.82s] axe 16 FX2 dry/wet      3895 / 4095
[  32.82s] axe 16 FX2 dry/wet      3912 / 4095
[  32.82s] axe 16 FX2 dry/wet      3926 / 4095
[  32.82s] axe 16 FX2 dry/wet      3938 / 4095
[  32.82s] axe 16 FX2 dry/wet      3950 / 4095
[  32.83s] axe 16 FX2 dry/wet      3965 / 4095
[  32.83s] axe 16 FX2 dry/wet      3983 / 4095
[  32.83s] axe 16 FX2 dry/wet      4002 / 4095
[  32.83s] axe 16 FX2 dry/wet      4019 / 4095
[  32.84s] axe 16 FX2 dry/wet      4039 / 4095
[  32.84s] axe 16 FX2 dry/wet      4058 / 4095
[  32.84s] axe 16 FX2 dry/wet      4072 / 4095
[  32.84s] axe 16 FX2 dry/wet      4091 / 4095
[  33.20s] axe 16 FX2 dry/wet      4073 / 4095
[  33.20s] axe 16 FX2 dry/wet      4052 / 4095
[  33.20s] axe 16 FX2 dry/wet      4034 / 4095
[  33.20s] axe 16 FX2 dry/wet      4015 / 4095
[  33.21s] axe 16 FX2 dry/wet      3995 / 4095
[  33.21s] axe 16 FX2 dry/wet      3977 / 4095
[  33.21s] axe 16 FX2 dry/wet      3960 / 4095
[  33.21s] axe 16 FX2 dry/wet      3946 / 4095
[  33.21s] axe 16 FX2 dry/wet      3934 / 4095
[  33.22s] axe 16 FX2 dry/wet      3917 / 4095
[  33.22s] axe 16 FX2 dry/wet      3899 / 4095
[  33.22s] axe 16 FX2 dry/wet      3885 / 4095
[  33.22s] axe 16 FX2 dry/wet      3874 / 4095
[  33.23s] axe 16 FX2 dry/wet      3855 / 4095
[  33.23s] axe 16 FX2 dry/wet      3837 / 4095
[  33.23s] axe 16 FX2 dry/wet      3819 / 4095
[  33.23s] axe 16 FX2 dry/wet      3804 / 4095
[  33.23s] axe 16 FX2 dry/wet      3788 / 4095
[  33.24s] axe 16 FX2 dry/wet      3771 / 4095
[  33.24s] axe 16 FX2 dry/wet      3755 / 4095
[  33.24s] axe 16 FX2 dry/wet      3737 / 4095
[  33.24s] axe 16 FX2 dry/wet      3719 / 4095
[  33.25s] axe 16 FX2 dry/wet      3700 / 4095
[  33.25s] axe 16 FX2 dry/wet      3680 / 4095
[  33.25s] axe 16 FX2 dry/wet      3662 / 4095
[  33.25s] axe 16 FX2 dry/wet      3644 / 4095
[  33.25s] axe 16 FX2 dry/wet      3625 / 4095
[  33.26s] axe 16 FX2 dry/wet      3605 / 4095
[  33.26s] axe 16 FX2 dry/wet      3585 / 4095
[  33.26s] axe 16 FX2 dry/wet      3562 / 4095
[  33.26s] axe 16 FX2 dry/wet      3543 / 4095
[  33.26s] axe 16 FX2 dry/wet      3526 / 4095
[  33.27s] axe 16 FX2 dry/wet      3509 / 4095
[  33.27s] axe 16 FX2 dry/wet      3486 / 4095
[  33.27s] axe 16 FX2 dry/wet      3466 / 4095
[  33.27s] axe 16 FX2 dry/wet      3446 / 4095
[  33.28s] axe 16 FX2 dry/wet      3423 / 4095
[  33.28s] axe 16 FX2 dry/wet      3401 / 4095
[  33.28s] axe 16 FX2 dry/wet      3377 / 4095
[  33.28s] axe 16 FX2 dry/wet      3355 / 4095
[  33.28s] axe 16 FX2 dry/wet      3334 / 4095
[  33.29s] axe 16 FX2 dry/wet      3310 / 4095
[  33.29s] axe 16 FX2 dry/wet      3288 / 4095
[  33.29s] axe 16 FX2 dry/wet      3265 / 4095
[  33.29s] axe 16 FX2 dry/wet      3245 / 4095
[  33.30s] axe 16 FX2 dry/wet      3225 / 4095
[  33.30s] axe 16 FX2 dry/wet      3202 / 4095
[  33.30s] axe 16 FX2 dry/wet      3179 / 4095
[  33.30s] axe 16 FX2 dry/wet      3154 / 4095
[  33.30s] axe 16 FX2 dry/wet      3132 / 4095
[  33.31s] axe 16 FX2 dry/wet      3111 / 4095
[  33.31s] axe 16 FX2 dry/wet      3092 / 4095
[  33.31s] axe 16 FX2 dry/wet      3074 / 4095
[  33.31s] axe 16 FX2 dry/wet      3053 / 4095
[  33.31s] axe 16 FX2 dry/wet      3033 / 4095
[  33.32s] axe 16 FX2 dry/wet      3011 / 4095
[  33.32s] axe 16 FX2 dry/wet      2993 / 4095
[  33.32s] axe 16 FX2 dry/wet      2974 / 4095
[  33.32s] axe 16 FX2 dry/wet      2957 / 4095
[  33.33s] axe 16 FX2 dry/wet      2940 / 4095
[  33.33s] axe 16 FX2 dry/wet      2921 / 4095
[  33.33s] axe 16 FX2 dry/wet      2901 / 4095
[  33.34s] axe 16 FX2 dry/wet      2883 / 4095
[  33.34s] axe 16 FX2 dry/wet      2865 / 4095
[  33.34s] axe 16 FX2 dry/wet      2848 / 4095
[  33.34s] axe 16 FX2 dry/wet      2827 / 4095
[  33.34s] axe 16 FX2 dry/wet      2811 / 4095
[  33.34s] axe 16 FX2 dry/wet      2794 / 4095
[  33.35s] axe 16 FX2 dry/wet      2778 / 4095
[  33.35s] axe 16 FX2 dry/wet      2763 / 4095
[  33.35s] axe 16 FX2 dry/wet      2748 / 4095
[  33.35s] axe 16 FX2 dry/wet      2729 / 4095
[  33.35s] axe 16 FX2 dry/wet      2713 / 4095
[  33.36s] axe 16 FX2 dry/wet      2696 / 4095
[  33.36s] axe 16 FX2 dry/wet      2680 / 4095
[  33.36s] axe 16 FX2 dry/wet      2664 / 4095
[  33.36s] axe 16 FX2 dry/wet      2649 / 4095
[  33.36s] axe 16 FX2 dry/wet      2632 / 4095
[  33.37s] axe 16 FX2 dry/wet      2615 / 4095
[  33.37s] axe 16 FX2 dry/wet      2599 / 4095
[  33.37s] axe 16 FX2 dry/wet      2586 / 4095
[  33.37s] axe 16 FX2 dry/wet      2573 / 4095
[  33.38s] axe 16 FX2 dry/wet      2557 / 4095
[  33.38s] axe 16 FX2 dry/wet      2540 / 4095
[  33.38s] axe 16 FX2 dry/wet      2522 / 4095
[  33.38s] axe 16 FX2 dry/wet      2507 / 4095
[  33.38s] axe 16 FX2 dry/wet      2494 / 4095
[  33.39s] axe 16 FX2 dry/wet      2481 / 4095
[  33.39s] axe 16 FX2 dry/wet      2470 / 4095
[  33.39s] axe 16 FX2 dry/wet      2454 / 4095
[  33.39s] axe 16 FX2 dry/wet      2438 / 4095
[  33.40s] axe 16 FX2 dry/wet      2424 / 4095
[  33.40s] axe 16 FX2 dry/wet      2413 / 4095
[  33.40s] axe 16 FX2 dry/wet      2392 / 4095
[  33.41s] axe 16 FX2 dry/wet      2374 / 4095
[  33.41s] axe 16 FX2 dry/wet      2354 / 4095
[  33.41s] axe 16 FX2 dry/wet      2343 / 4095
[  33.41s] axe 16 FX2 dry/wet      2332 / 4095
[  33.42s] axe 16 FX2 dry/wet      2312 / 4095
[  33.42s] axe 16 FX2 dry/wet      2296 / 4095
[  33.43s] axe 16 FX2 dry/wet      2284 / 4095
[  33.44s] axe 16 FX2 dry/wet      2273 / 4095
[  33.44s] … 2826 blocs recus depuis 3 s, aucun changement (total 25628)
[  33.44s] axe 16 FX2 dry/wet      2260 / 4095
[  33.45s] axe 16 FX2 dry/wet      2245 / 4095
[  33.45s] axe 16 FX2 dry/wet      2234 / 4095
[  33.46s] axe 16 FX2 dry/wet      2222 / 4095
[  33.48s] axe 16 FX2 dry/wet      2211 / 4095
[  33.49s] axe 16 FX2 dry/wet      2198 / 4095
[  33.49s] axe 16 FX2 dry/wet      2184 / 4095
[  33.50s] axe 16 FX2 dry/wet      2173 / 4095
[  33.50s] axe 16 FX2 dry/wet      2159 / 4095
[  33.51s] axe 16 FX2 dry/wet      2144 / 4095
[  33.51s] axe 16 FX2 dry/wet      2128 / 4095
[  33.52s] axe 16 FX2 dry/wet      2111 / 4095
[  33.52s] axe 16 FX2 dry/wet      2100 / 4095
[  33.54s] axe 16 FX2 dry/wet      2089 / 4095
[  33.57s] axe 16 FX2 dry/wet      2078 / 4095
[  33.75s] axe 16 FX2 dry/wet      2089 / 4095
[  36.50s] … 96 blocs recus depuis 3 s, aucun changement (total 25724)
[  39.56s] … plus aucun bloc ne parvient (total 25724)

Arret. 25724 blocs recus au total.
